Date,Children apprehended and placed in CBP custody*,Children in CBP custody,Children transferred out of CBP custody,Children in HHS Care,Children discharged from HHS Care,Transfer Validation Flag,Discharge Validation Flag,Negative Value Flag,Total System Load,Net Intake Pressure,Discharge Offset Ratio,Transfer to CBP Ratio,Daily Load Change,Daily Load Growth %,Load Lag 1,Net Intake Lag 1,HHS Load Lag 1,Load Lag 3,Net Intake Lag 3,HHS Load Lag 3,Load Lag 7,Net Intake Lag 7,HHS Load Lag 7,Load Lag 14,Net Intake Lag 14,HHS Load Lag 14,Load Rolling Mean 7,Load Rolling Std 7,Net Intake Rolling Mean 7,Load Rolling Mean 14,Load Rolling Std 14,Net Intake Rolling Mean 14,Load Rolling Mean 30,Load Rolling Std 30,Net Intake Rolling Mean 30,7-Day Net Intake,14-Day Net Intake,Backlog Indicator,Load Volatility 7D,Load Volatility 14D,Day,Day of Week,Week of Year,Month,Quarter,Year,Is Weekend,Next Day System Load
2023-01-12,33.0,53.0,34.0,6566,436.0,False,False,False,6619.0,-402.0,12.823529411764707,0.6415094339622641,,,,,,,,,,,,,,,,,,,,,,,,,,0,,,12,3,2,1,1,2023,0,7171.0
2023-01-22,32.0,49.0,39.0,7122,227.0,False,False,False,7171.0,-188.0,5.82051282051282,0.7959183673469388,552.0,8.339628342649942,6619.0,-402.0,6566.0,,,,,,,,,,,,,,,,,,,,,0,,,22,6,3,1,1,2023,1,7330.0
2023-01-23,32.0,50.0,39.0,7280,181.0,False,False,False,7330.0,-142.0,4.641025641025641,0.78,159.0,2.2172639799191263,7171.0,-188.0,7122.0,,,,,,,,,,,,,,,,,,,,,0,,,23,0,4,1,1,2023,0,7475.0
2023-01-24,47.0,42.0,47.0,7433,175.0,True,False,False,7475.0,-128.0,3.723404255319149,1.119047619047619,145.0,1.9781718963165051,7330.0,-142.0,7280.0,6619.0,-402.0,6566.0,,,,,,,,,,,,,,,,,,0,,,24,1,4,1,1,2023,0,7560.0
2023-01-25,20.0,22.0,41.0,7538,180.0,True,False,False,7560.0,-139.0,4.390243902439025,1.8636363636363635,85.0,1.1371237458194017,7475.0,-128.0,7433.0,7171.0,-188.0,7122.0,,,,,,,,,,,,,,,,,,0,,,25,2,4,1,1,2023,0,7517.0
2023-01-29,23.0,45.0,11.0,7472,303.0,False,False,False,7517.0,-292.0,27.545454545454547,0.24444444444444444,-43.0,-0.5687830687830742,7560.0,-139.0,7538.0,7330.0,-142.0,7280.0,,,,,,,,,,,,,,,,,,0,,,29,6,4,1,1,2023,1,7797.0
2023-01-30,34.0,54.0,29.0,7743,196.0,False,False,False,7797.0,-167.0,6.758620689655173,0.5370370370370371,280.0,3.7248902487694524,7517.0,-292.0,7472.0,7475.0,-128.0,7433.0,,,,,,,7352.714285714285,377.3092075410273,-208.28571428571428,,,,,,,-1458.0,,0,377.3092075410273,,30,0,5,1,1,2023,0,7839.0
2023-01-31,26.0,36.0,36.0,7803,158.0,False,False,False,7839.0,-122.0,4.388888888888889,1.0,42.0,0.538668718737978,7797.0,-167.0,7743.0,7560.0,-139.0,7538.0,6619.0,-402.0,6566.0,,,,7527.0,237.9362659761355,-168.28571428571428,,,,,,,-1178.0,,0,237.9362659761355,,31,1,5,1,1,2023,0,7935.0
2023-02-01,25.0,32.0,27.0,7903,231.0,False,False,False,7935.0,-204.0,8.555555555555555,0.84375,96.0,1.2246460007653948,7839.0,-122.0,7803.0,7517.0,-292.0,7472.0,7171.0,-188.0,7122.0,,,,7636.142857142857,222.120409216433,-170.57142857142858,,,,,,,-1194.0,,0,222.120409216433,,1,2,5,2,1,2023,0,7892.0
2023-02-02,15.0,13.0,23.0,7879,298.0,True,False,False,7892.0,-275.0,12.956521739130435,1.7692307692307692,-43.0,-0.5419029615627013,7935.0,-204.0,7903.0,7797.0,-167.0,7743.0,7330.0,-142.0,7280.0,,,,7716.428571428572,192.63251468608564,-189.57142857142858,,,,,,,-1327.0,,0,192.63251468608564,,2,3,5,2,1,2023,0,7604.0
2023-02-05,16.0,18.0,15.0,7586,342.0,False,False,False,7604.0,-327.0,22.8,0.8333333333333334,-288.0,-3.6492650785605707,7892.0,-275.0,7879.0,7839.0,-122.0,7803.0,7475.0,-128.0,7433.0,,,,7734.857142857143,170.59643272103347,-218.0,,,,,,,-1526.0,,0,170.59643272103347,,5,6,5,2,1,2023,1,7742.0
2023-02-06,11.0,22.0,12.0,7720,196.0,False,False,False,7742.0,-184.0,16.333333333333332,0.5454545454545454,138.0,1.8148342977380327,7604.0,-327.0,7586.0,7935.0,-204.0,7903.0,7560.0,-139.0,7538.0,,,,7760.857142857143,152.40453686535065,-224.42857142857142,,,,,,,-1571.0,,0,152.40453686535065,,6,0,6,2,1,2023,0,7875.0
2023-02-07,16.0,20.0,20.0,7855,200.0,False,False,False,7875.0,-180.0,10.0,1.0,133.0,1.7179023508137492,7742.0,-184.0,7720.0,7892.0,-275.0,7879.0,7517.0,-292.0,7472.0,,,,7812.0,111.51681487560069,-208.42857142857142,,,,,,,-1459.0,,0,111.51681487560069,,7,1,6,2,1,2023,0,8111.0
2023-02-08,93.0,196.0,169.0,7915,317.0,False,False,False,8111.0,-148.0,1.8757396449704142,0.8622448979591837,236.0,2.9968253968253977,7875.0,-180.0,7855.0,7604.0,-327.0,7586.0,7797.0,-167.0,7743.0,,,,7856.857142857143,157.95930759895634,-205.71428571428572,7604.785714285715,381.6402209434405,-207.0,,,,-1440.0,-2898.0,0,157.95930759895634,381.6402209434405,8,2,6,2,1,2023,0,8142.0
2023-02-09,124.0,234.0,161.0,7908,353.0,False,False,False,8142.0,-192.0,2.1925465838509317,0.688034188034188,31.0,0.3821970163974786,8111.0,-148.0,7915.0,7742.0,-184.0,7720.0,7839.0,-122.0,7803.0,6619.0,-402.0,6566.0,7900.142857142857,190.42883935250345,-215.71428571428572,7713.571428571428,283.4655627668467,-192.0,,,,-1510.0,-2688.0,0,190.42883935250345,283.4655627668467,9,3,6,2,1,2023,0,7637.0
2023-02-12,92.0,203.0,173.0,7434,317.0,False,False,False,7637.0,-144.0,1.8323699421965318,0.8522167487684729,-505.0,-6.202407270940801,8142.0,-192.0,7908.0,7875.0,-180.0,7855.0,7935.0,-204.0,7903.0,7171.0,-188.0,7122.0,7857.571428571428,213.276703793338,-207.14285714285714,7746.857142857143,238.67482131483865,-188.85714285714286,,,,-1450.0,-2644.0,0,213.276703793338,238.67482131483865,12,6,6,2,1,2023,1,7742.0
2023-02-13,186.0,259.0,172.0,7483,244.0,False,False,False,7742.0,-72.0,1.4186046511627908,0.6640926640926641,105.0,1.3748854262144894,7637.0,-144.0,7434.0,8111.0,-148.0,7915.0,7892.0,-275.0,7879.0,7330.0,-142.0,7280.0,7836.142857142857,216.74826302374026,-178.14285714285714,7776.285714285715,206.5621264605685,-183.85714285714286,,,,-1247.0,-2574.0,0,216.74826302374026,206.5621264605685,13,0,7,2,1,2023,0,8019.0
2023-02-14,154.0,225.0,220.0,7794,223.0,False,False,False,8019.0,-3.0,1.0136363636363637,0.9777777777777777,277.0,3.577886850942913,7742.0,-72.0,7483.0,8142.0,-192.0,7908.0,7604.0,-327.0,7586.0,7475.0,-128.0,7433.0,7895.428571428572,198.67130068101022,-131.85714285714286,7815.142857142857,196.44566958551383,-174.92857142857142,,,,-923.0,-2449.0,0,198.67130068101022,196.44566958551383,14,1,7,2,1,2023,0,8068.0
2023-02-15,91.0,199.0,172.0,7869,290.0,False,False,False,8068.0,-118.0,1.686046511627907,0.864321608040201,49.0,0.6110487591969083,8019.0,-3.0,7794.0,7637.0,-144.0,7434.0,7742.0,-184.0,7720.0,7560.0,-139.0,7538.0,7942.0,194.8845812269367,-122.42857142857143,7851.428571428572,192.57115140032803,-173.42857142857142,,,,-857.0,-2428.0,0,194.8845812269367,192.57115140032803,15,2,7,2,1,2023,0,8006.0
2023-02-16,81.0,213.0,153.0,7793,361.0,False,False,False,8006.0,-208.0,2.3594771241830066,0.7183098591549296,-62.0,-0.7684680218145723,8068.0,-118.0,7869.0,7742.0,-72.0,7483.0,7875.0,-180.0,7855.0,7517.0,-292.0,7472.0,7960.714285714285,193.6644127399331,-126.42857142857143,7886.357142857143,170.3067852403442,-167.42857142857142,,,,-885.0,-2344.0,0,193.6644127399331,170.3067852403442,16,3,7,2,1,2023,0,8102.0
2023-02-20,209.0,285.0,184.0,7817,209.0,False,False,False,8102.0,-25.0,1.1358695652173914,0.6456140350877193,96.0,1.1991006744941357,8006.0,-208.0,7793.0,8019.0,-3.0,7794.0,8111.0,-148.0,7915.0,7797.0,-167.0,7743.0,7959.428571428572,192.52693070741418,-108.85714285714286,7908.142857142857,177.35876597487768,-157.28571428571428,,,,-762.0,-2202.0,0,192.52693070741418,177.35876597487768,20,0,8,2,1,2023,0,8281.0
2023-02-21,184.0,314.0,217.0,7967,213.0,False,False,False,8281.0,4.0,0.9815668202764977,0.6910828025477707,179.0,2.209331029375461,8102.0,-25.0,7817.0,8068.0,-118.0,7869.0,8142.0,-192.0,7908.0,7839.0,-122.0,7803.0,7979.285714285715,219.74053964142158,-80.85714285714286,7939.714285714285,201.76468722496628,-148.28571428571428,,,,-566.0,-2076.0,0,219.74053964142158,201.76468722496628,21,1,8,2,1,2023,0,8193.0
2023-02-22,107.0,215.0,230.0,7978,232.0,True,False,False,8193.0,-2.0,1.008695652173913,1.069767441860465,-88.0,-1.0626735901461126,8281.0,4.0,7967.0,8006.0,-208.0,7793.0,7637.0,-144.0,7434.0,7935.0,-204.0,7903.0,8058.714285714285,170.32685664696692,-60.57142857142857,7958.142857142857,212.78261103868184,-133.85714285714286,,,,-424.0,-1874.0,0,170.32685664696692,212.78261103868184,22,2,8,2,1,2023,0,8076.0
2023-02-23,101.0,162.0,178.0,7914,386.0,True,False,False,8076.0,-208.0,2.168539325842697,1.0987654320987654,-117.0,-1.42804833394361,8193.0,-2.0,7978.0,8102.0,-25.0,7817.0,7742.0,-72.0,7483.0,7892.0,-275.0,7879.0,8106.428571428572,98.42231647827964,-80.0,7971.285714285715,214.06161175318888,-129.07142857142858,,,,-560.0,-1807.0,0,98.42231647827964,214.06161175318888,23,3,8,2,1,2023,0,7799.0
2023-02-26,99.0,190.0,176.0,7609,323.0,False,False,False,7799.0,-147.0,1.8352272727272727,0.9263157894736842,-277.0,-3.42991579990094,8076.0,-208.0,7914.0,8281.0,4.0,7967.0,8019.0,-3.0,7794.0,7604.0,-327.0,7586.0,8075.0,151.69926389625292,-100.57142857142857,7985.214285714285,193.70047399625255,-116.21428571428571,,,,-704.0,-1627.0,0,151.69926389625292,193.70047399625255,26,6,8,2,1,2023,1,8039.0
2023-02-27,167.0,239.0,166.0,7800,248.0,False,False,False,8039.0,-82.0,1.4939759036144578,0.694560669456067,240.0,3.077317604821128,7799.0,-147.0,7609.0,8193.0,-2.0,7978.0,8068.0,-118.0,7869.0,7742.0,-184.0,7720.0,8070.857142857143,152.3170252810713,-95.42857142857143,8006.428571428572,180.85213436809,-108.92857142857143,,,,-668.0,-1525.0,0,152.3170252810713,180.85213436809,27,0,9,2,1,2023,0,8112.0
2023-02-28,115.0,216.0,169.0,7896,200.0,False,False,False,8112.0,-31.0,1.183431952662722,0.7824074074074074,73.0,0.9080731434258027,8039.0,-82.0,7800.0,8076.0,-208.0,7914.0,8006.0,-208.0,7793.0,7875.0,-180.0,7855.0,8086.0,150.04665940965927,-70.14285714285714,8023.357142857143,178.6826181305196,-98.28571428571429,,,,-491.0,-1376.0,0,150.04665940965927,178.6826181305196,28,1,9,2,1,2023,0,8088.0
2023-03-01,84.0,158.0,193.0,7930,307.0,True,False,False,8088.0,-114.0,1.5906735751295338,1.2215189873417722,-24.0,-0.295857988165682,8112.0,-31.0,7896.0,7799.0,-147.0,7609.0,8102.0,-25.0,7817.0,8111.0,-148.0,7915.0,8084.0,149.89107155975512,-82.85714285714286,8021.714285714285,177.91892214472844,-95.85714285714286,,,,-580.0,-1342.0,0,149.89107155975512,177.91892214472844,1,2,9,3,1,2023,0,8097.0
2023-03-02,130.0,227.0,192.0,7870,335.0,False,False,False,8097.0,-143.0,1.7447916666666667,0.8458149779735683,9.0,0.1112759643916883,8088.0,-114.0,7930.0,8039.0,-82.0,7800.0,8281.0,4.0,7967.0,8142.0,-192.0,7908.0,8057.714285714285,123.37438184338126,-103.85714285714286,8018.5,175.9745392422937,-92.35714285714286,,,,-727.0,-1293.0,0,123.37438184338126,175.9745392422937,2,3,9,3,1,2023,0,8073.0
2023-03-07,88.0,214.0,160.0,7859,259.0,False,False,False,8073.0,-99.0,1.61875,0.7476635514018691,-24.0,-0.2964060763245624,8097.0,-143.0,7870.0,8112.0,-31.0,7896.0,8193.0,-2.0,7978.0,7637.0,-144.0,7434.0,8040.571428571428,108.93554232182801,-117.71428571428571,8049.642857142857,137.67889461343376,-89.14285714285714,7831.366666666667,355.25129360664573,-149.4,-824.0,-1248.0,0,108.93554232182801,137.67889461343376,7,1,10,3,1,2023,0,8093.0
2023-03-08,113.0,208.0,159.0,7885,291.0,False,False,False,8093.0,-132.0,1.830188679245283,0.7644230769230769,20.0,0.24773937817414993,8073.0,-99.0,7859.0,8088.0,-114.0,7930.0,8076.0,-208.0,7914.0,7742.0,-72.0,7483.0,8043.0,110.04090148666721,-106.85714285714286,8074.714285714285,105.5596284799923,-93.42857142857143,7880.5,274.5590508684659,-140.4,-748.0,-1308.0,0,110.04090148666721,105.5596284799923,8,2,10,3,1,2023,0,8071.0
2023-03-09,174.0,285.0,150.0,7786,340.0,False,False,False,8071.0,-190.0,2.2666666666666666,0.5263157894736842,-22.0,-0.27183986160880247,8093.0,-132.0,7885.0,8097.0,-143.0,7870.0,7799.0,-147.0,7609.0,8019.0,-3.0,7794.0,8081.857142857143,23.568542391809025,-113.0,8078.428571428572,104.35642642531678,-106.78571428571429,7910.5,241.54656151415202,-140.46666666666667,-791.0,-1495.0,0,23.568542391809025,104.35642642531678,9,3,10,3,1,2023,0,7797.0
2023-03-13,104.0,230.0,206.0,7567,249.0,False,False,False,7797.0,-43.0,1.2087378640776698,0.8956521739130435,-274.0,-3.3948705240986254,8071.0,-190.0,7786.0,8073.0,-99.0,7859.0,8039.0,-82.0,7800.0,8068.0,-118.0,7869.0,8047.285714285715,111.26052652177765,-107.42857142857143,8059.071428571428,128.72777734172058,-101.42857142857143,7926.066666666667,216.60625859925528,-137.16666666666666,-752.0,-1420.0,0,111.26052652177765,128.72777734172058,13,0,11,3,1,2023,0,8086.0
2023-03-14,147.0,276.0,214.0,7810,181.0,False,False,False,8086.0,33.0,0.8457943925233645,0.7753623188405797,289.0,3.70655380274465,7797.0,-43.0,7567.0,8093.0,-132.0,7885.0,8112.0,-31.0,7896.0,8006.0,-208.0,7793.0,8043.571428571428,109.15410687471856,-98.28571428571429,8064.785714285715,127.96404457227662,-84.21428571428571,7946.433333333333,200.88625763288724,-131.8,-688.0,-1179.0,0,109.15410687471856,127.96404457227662,14,1,11,3,1,2023,0,8135.0
2023-03-15,108.0,220.0,213.0,7915,286.0,False,False,False,8135.0,-73.0,1.3427230046948357,0.9681818181818181,49.0,0.6059856542171671,8086.0,33.0,7810.0,8071.0,-190.0,7786.0,8088.0,-114.0,7930.0,8102.0,-25.0,7817.0,8050.285714285715,113.69361501525269,-92.42857142857143,8067.142857142857,129.00200185855786,-87.64285714285714,7965.6,189.8737511593162,-129.6,-647.0,-1227.0,0,113.69361501525269,129.00200185855786,15,2,11,3,1,2023,0,8269.0
2023-03-16,180.0,280.0,146.0,7989,308.0,False,False,False,8269.0,-162.0,2.1095890410958904,0.5214285714285715,134.0,1.647203441917644,8135.0,-73.0,7915.0,7797.0,-43.0,7567.0,8097.0,-143.0,7870.0,8281.0,4.0,7967.0,8074.857142857143,140.82190711607268,-95.14285714285714,8066.285714285715,127.50289804936946,-99.5,7990.666666666667,177.86750848514242,-125.26666666666667,-666.0,-1393.0,0,140.82190711607268,127.50289804936946,16,3,11,3,1,2023,0,8179.0
2023-03-19,134.0,294.0,186.0,7885,306.0,False,False,False,8179.0,-120.0,1.6451612903225807,0.6326530612244898,-90.0,-1.0884024670455905,8269.0,-162.0,7989.0,8086.0,33.0,7810.0,8073.0,-99.0,7859.0,8193.0,-2.0,7978.0,8090.0,146.18595463768585,-98.14285714285714,8065.285714285715,126.48346110881387,-107.92857142857143,8003.4,177.19726003952997,-123.7,-687.0,-1511.0,0,146.18595463768585,126.48346110881387,19,6,11,3,1,2023,1,8244.0
2023-03-20,202.0,313.0,158.0,7931,279.0,False,False,False,8244.0,-121.0,1.7658227848101267,0.5047923322683706,65.0,0.7947181807066883,8179.0,-120.0,7885.0,8135.0,-73.0,7915.0,8093.0,-132.0,7885.0,8076.0,-208.0,7914.0,8111.571428571428,157.41225825080198,-96.57142857142857,8077.285714285715,135.244182909979,-101.71428571428571,8016.9,179.6510698452733,-123.66666666666667,-676.0,-1424.0,0,157.41225825080198,135.244182909979,20,0,12,3,1,2023,0,8322.0
2023-03-21,110.0,272.0,193.0,8050,221.0,False,False,False,8322.0,-28.0,1.145077720207254,0.7095588235294118,78.0,0.9461426491994107,8244.0,-121.0,7931.0,8269.0,-162.0,7989.0,8071.0,-190.0,7786.0,7799.0,-147.0,7609.0,8147.428571428572,174.31088811168303,-73.42857142857143,8114.642857142857,124.2476479534992,-93.21428571428571,8029.8,187.2990233234828,-117.8,-514.0,-1305.0,0,174.31088811168303,124.2476479534992,21,1,12,3,1,2023,0,8374.0
2023-03-22,166.0,277.0,229.0,8097,246.0,False,False,False,8374.0,-17.0,1.074235807860262,0.8267148014440433,52.0,0.6248497957221932,8322.0,-28.0,8050.0,8179.0,-120.0,7885.0,7797.0,-43.0,7567.0,8039.0,-82.0,7800.0,8229.857142857143,102.69603785187509,-69.71428571428571,8138.571428571428,139.83931123625965,-88.57142857142857,8045.866666666667,195.56174319712517,-109.2,-488.0,-1240.0,0,102.69603785187509,139.83931123625965,22,2,12,3,1,2023,0,8378.0
2023-03-23,136.0,276.0,178.0,8102,331.0,False,False,False,8378.0,-153.0,1.8595505617977528,0.644927536231884,4.0,0.04776689754000252,8374.0,-17.0,8097.0,8244.0,-121.0,7931.0,8086.0,33.0,7810.0,8112.0,-31.0,7896.0,8271.57142857143,93.40745356206719,-96.28571428571429,8157.571428571428,153.36769005121897,-97.28571428571429,8071.666666666667,186.08346909724085,-103.4,-674.0,-1362.0,0,93.40745356206719,153.36769005121897,23,3,12,3,1,2023,0,8093.0
2023-03-26,87.0,246.0,173.0,7847,352.0,False,False,False,8093.0,-179.0,2.0346820809248554,0.7032520325203252,-285.0,-3.4017665313917367,8378.0,-153.0,8102.0,8322.0,-28.0,8050.0,8135.0,-73.0,7915.0,8088.0,-114.0,7930.0,8265.57142857143,104.35014317646991,-111.42857142857143,8157.928571428572,153.19894771967594,-101.92857142857143,8083.366666666667,175.36690273455832,-103.23333333333333,-780.0,-1427.0,0,104.35014317646991,153.19894771967594,26,6,12,3,1,2023,1,8165.0
2023-03-27,84.0,171.0,157.0,7994,235.0,False,False,False,8165.0,-78.0,1.4968152866242037,0.9181286549707602,72.0,0.8896577289015273,8093.0,-179.0,7847.0,8374.0,-17.0,8097.0,8269.0,-162.0,7989.0,8097.0,-143.0,7870.0,8250.714285714286,110.97404243892164,-99.42857142857143,8162.785714285715,152.1932873135182,-97.28571428571429,8093.033333333334,171.43380814387808,-99.83333333333333,-696.0,-1362.0,0,110.97404243892164,152.1932873135182,27,0,13,3,1,2023,0,8288.0
2023-03-28,167.0,209.0,157.0,8079,223.0,False,False,False,8288.0,-66.0,1.4203821656050954,0.7511961722488039,123.0,1.5064298836497292,8165.0,-78.0,7994.0,8378.0,-153.0,8102.0,8179.0,-120.0,7885.0,8073.0,-99.0,7859.0,8266.285714285714,106.80311213584628,-91.71428571428571,8178.142857142857,153.27996363760508,-94.92857142857143,8098.933333333333,175.08046097749255,-97.1,-642.0,-1329.0,0,106.80311213584628,153.27996363760508,28,1,13,3,1,2023,0,8453.0
2023-03-29,109.0,245.0,159.0,8208,267.0,False,False,False,8453.0,-108.0,1.679245283018868,0.6489795918367347,165.0,1.9908301158301223,8288.0,-66.0,8079.0,8093.0,-179.0,7847.0,8244.0,-121.0,7931.0,8093.0,-132.0,7885.0,8296.142857142857,126.86400667830634,-89.85714285714286,8203.857142857143,167.4403945118495,-93.21428571428571,8109.3,186.55001178384046,-94.3,-629.0,-1305.0,0,126.86400667830634,167.4403945118495,29,2,13,3,1,2023,0,8414.0
2023-03-30,156.0,256.0,176.0,8158,359.0,False,False,False,8414.0,-183.0,2.039772727272727,0.6875,-39.0,-0.4613746598840618,8453.0,-108.0,8208.0,8165.0,-78.0,7994.0,8322.0,-28.0,8050.0,8071.0,-190.0,7786.0,8309.285714285714,134.5234976818864,-112.0,8228.357142857143,171.54887491182902,-92.71428571428571,8135.2,172.0942804956328,-95.6,-784.0,-1298.0,0,134.5234976818864,171.54887491182902,30,3,13,3,1,2023,0,8213.0
2023-04-02,125.0,232.0,192.0,7981,304.0,False,False,False,8213.0,-112.0,1.5833333333333333,0.8275862068965517,-201.0,-2.388875683384839,8414.0,-183.0,8158.0,8288.0,-66.0,8079.0,8374.0,-17.0,8097.0,7797.0,-43.0,7567.0,8286.285714285714,135.3756677862335,-125.57142857142857,8258.07142857143,119.0936698477287,-97.64285714285714,8150.9,155.68853743822737,-96.93333333333334,-879.0,-1367.0,0,135.3756677862335,119.0936698477287,2,6,13,4,2,2023,1,8193.0
2023-04-03,118.0,139.0,168.0,8054,284.0,True,False,False,8193.0,-116.0,1.6904761904761905,1.20863309352518,-20.0,-0.24351637647631597,8213.0,-112.0,7981.0,8453.0,-108.0,8208.0,8378.0,-153.0,8102.0,8086.0,33.0,7810.0,8259.857142857143,132.51468921270686,-120.28571428571429,8265.714285714286,110.31104873277657,-108.28571428571429,8156.7,153.8353687864215,-100.7,-842.0,-1516.0,0,132.51468921270686,110.31104873277657,3,0,14,4,2,2023,0,8303.0
2023-04-04,142.0,235.0,139.0,8068,259.0,False,False,False,8303.0,-120.0,1.8633093525179856,0.5914893617021276,110.0,1.3426095447333086,8193.0,-116.0,8054.0,8414.0,-183.0,8158.0,8093.0,-179.0,7847.0,8135.0,-73.0,7915.0,8289.857142857143,110.36368450328217,-111.85714285714286,8277.714285714286,103.95222909617355,-111.64285714285714,8164.533333333334,155.14058881817382,-100.76666666666667,-783.0,-1563.0,0,110.36368450328217,103.95222909617355,4,1,14,4,2,2023,0,8420.0
2023-04-05,148.0,245.0,175.0,8175,260.0,False,False,False,8420.0,-85.0,1.4857142857142858,0.7142857142857143,117.0,1.4091292303986425,8303.0,-120.0,8068.0,8213.0,-112.0,7981.0,8165.0,-78.0,7994.0,8269.0,-162.0,7989.0,8326.285714285714,104.19487237176413,-112.85714285714286,8288.5,110.59958965008202,-106.14285714285714,8178.333333333333,158.91948369803382,-96.66666666666667,-790.0,-1486.0,0,104.19487237176413,110.59958965008202,5,2,14,4,2,2023,0,8397.0
2023-04-06,119.0,219.0,210.0,8178,284.0,False,False,False,8397.0,-74.0,1.3523809523809525,0.958904109589041,-23.0,-0.2731591448931092,8420.0,-85.0,8175.0,8193.0,-116.0,8054.0,8288.0,-66.0,8079.0,8179.0,-120.0,7885.0,8341.857142857143,105.65419785226784,-114.0,8304.07142857143,109.33608334340599,-102.85714285714286,8188.166666666667,163.10501870401114,-98.3,-798.0,-1440.0,0,105.65419785226784,109.33608334340599,6,3,14,4,2,2023,0,8110.0
2023-04-09,105.0,210.0,149.0,7900,329.0,False,False,False,8110.0,-180.0,2.208053691275168,0.7095238095238096,-287.0,-3.4178873407169186,8397.0,-74.0,8178.0,8303.0,-120.0,8068.0,8453.0,-108.0,8208.0,8244.0,-121.0,7931.0,8292.857142857143,123.54139464354955,-124.28571428571429,8294.5,120.31353271283893,-107.07142857142857,8182.466666666666,162.7364557282343,-104.43333333333334,-870.0,-1499.0,0,123.54139464354955,120.31353271283893,9,6,14,4,2,2023,1,8029.0
2023-04-10,143.0,203.0,163.0,7826,265.0,False,False,False,8029.0,-102.0,1.6257668711656441,0.8029556650246306,-81.0,-0.998766954377317,8110.0,-180.0,7900.0,8420.0,-85.0,8175.0,8414.0,-183.0,8158.0,8322.0,-28.0,8050.0,8237.857142857143,144.5365335263272,-112.71428571428571,8273.57142857143,139.1682514002372,-112.35714285714286,8177.0,165.10769734975108,-107.76666666666667,-789.0,-1573.0,0,144.5365335263272,139.1682514002372,10,0,15,4,2,2023,0,8131.0
2023-04-11,119.0,209.0,152.0,7922,187.0,False,False,False,8131.0,-35.0,1.230263157894737,0.7272727272727273,102.0,1.2703948187819059,8029.0,-102.0,7826.0,8397.0,-74.0,8178.0,8213.0,-112.0,7981.0,8374.0,-17.0,8097.0,8226.142857142857,150.10266328019364,-101.71428571428571,8256.214285714286,140.82295407923374,-113.64285714285714,8178.833333333333,164.2506669977156,-102.0,-712.0,-1591.0,0,150.10266328019364,140.82295407923374,11,1,15,4,2,2023,0,8088.0
2023-04-12,155.0,212.0,181.0,7876,283.0,False,False,False,8088.0,-102.0,1.5635359116022098,0.8537735849056604,-43.0,-0.5288402410527637,8131.0,-35.0,7922.0,8110.0,-180.0,7900.0,8193.0,-116.0,8054.0,8378.0,-153.0,8102.0,8211.142857142857,158.95222402913186,-99.71428571428571,8235.5,142.84512861567424,-110.0,8188.466666666666,148.96927091907233,-100.5,-698.0,-1540.0,0,158.95222402913186,142.84512861567424,12,2,15,4,2,2023,0,8009.0
2023-04-13,109.0,214.0,173.0,7795,370.0,False,False,False,8009.0,-197.0,2.138728323699422,0.8084112149532711,-79.0,-0.97675568743818,8088.0,-102.0,7876.0,8029.0,-102.0,7826.0,8303.0,-120.0,8068.0,8093.0,-179.0,7847.0,8169.142857142857,169.15025723837275,-110.71428571428571,8229.5,150.83192377864518,-111.28571428571429,8187.466666666666,150.10358109475703,-104.33333333333333,-775.0,-1558.0,0,169.15025723837275,150.83192377864518,13,3,15,4,2,2023,0,7663.0
2023-04-16,191.0,283.0,192.0,7380,272.0,False,False,False,7663.0,-80.0,1.4166666666666667,0.6784452296819788,-346.0,-4.320139842676984,8009.0,-197.0,7795.0,8131.0,-35.0,7922.0,8420.0,-85.0,8175.0,8165.0,-78.0,7994.0,8061.0,217.2011356630816,-110.0,8193.642857142857,213.85027369736434,-111.42857142857143,8172.5,177.73008399992312,-105.96666666666667,-770.0,-1560.0,0,217.2011356630816,213.85027369736434,16,6,15,4,2,2023,1,7641.0
2023-04-17,170.0,297.0,196.0,7344,248.0,False,False,False,7641.0,-52.0,1.2653061224489797,0.6599326599326599,-22.0,-0.2870938274827095,7663.0,-80.0,7380.0,8088.0,-102.0,7876.0,8397.0,-74.0,8178.0,8288.0,-66.0,8079.0,7953.0,210.1245662299707,-106.85714285714286,8147.428571428572,257.3721383180704,-110.42857142857143,8157.6,202.12177961096248,-103.9,-748.0,-1546.0,0,210.1245662299707,257.3721383180704,17,0,16,4,2,2023,0,7648.0
2023-04-18,152.0,272.0,214.0,7376,234.0,False,False,False,7648.0,-20.0,1.0934579439252337,0.7867647058823529,7.0,0.0916110456746555,7641.0,-52.0,7344.0,8009.0,-197.0,7795.0,8110.0,-180.0,7900.0,8453.0,-108.0,8208.0,7887.0,224.64713070354114,-84.0,8089.928571428572,273.2838660231704,-104.14285714285714,8142.633333333333,222.3730142604165,-99.8,-588.0,-1458.0,0,224.64713070354114,273.2838660231704,18,1,16,4,2,2023,0,7723.0
2023-04-19,239.0,367.0,224.0,7356,229.0,False,False,False,7723.0,-5.0,1.0223214285714286,0.6103542234332425,75.0,0.9806485355648542,7648.0,-20.0,7376.0,7663.0,-80.0,7380.0,8029.0,-102.0,7826.0,8414.0,-183.0,8158.0,7843.285714285715,222.16864036561438,-70.14285714285714,8040.571428571428,272.6510066524062,-91.42857142857143,8130.966666666666,234.97637200854447,-96.66666666666667,-491.0,-1280.0,0,222.16864036561438,272.6510066524062,19,2,16,4,2,2023,0,7770.0
2023-04-20,113.0,280.0,237.0,7490,320.0,False,False,False,7770.0,-83.0,1.350210970464135,0.8464285714285714,47.0,0.6085717985238936,7723.0,-5.0,7356.0,7641.0,-52.0,7344.0,8131.0,-35.0,7922.0,8213.0,-112.0,7981.0,7791.714285714285,182.63233949268906,-77.0,8008.928571428572,276.77551700464045,-89.35714285714286,8120.2,244.0026003253167,-95.03333333333333,-539.0,-1251.0,0,182.63233949268906,276.77551700464045,20,3,16,4,2,2023,0,7840.0
2023-04-23,196.0,306.0,187.0,7534,266.0,False,False,False,7840.0,-79.0,1.4224598930481283,0.6111111111111112,70.0,0.9009009009008917,7770.0,-83.0,7490.0,7648.0,-20.0,7376.0,8088.0,-102.0,7876.0,8193.0,-116.0,8054.0,7756.285714285715,132.8454167892383,-73.71428571428571,7983.714285714285,274.7887100388852,-86.71428571428571,8112.5,249.19826616986714,-91.33333333333333,-516.0,-1214.0,0,132.8454167892383,274.7887100388852,23,6,16,4,2,2023,1,8126.0
2023-04-24,236.0,330.0,222.0,7796,213.0,False,False,False,8126.0,9.0,0.9594594594594594,0.6727272727272727,286.0,3.647959183673466,7840.0,-79.0,7534.0,7723.0,-5.0,7356.0,8009.0,-197.0,7795.0,8303.0,-120.0,8068.0,7773.0,171.6372143019538,-44.285714285714285,7971.071428571428,262.777901039499,-77.5,8123.466666666666,241.96946705835583,-89.6,-310.0,-1085.0,0,171.6372143019538,262.777901039499,24,0,17,4,2,2023,0,8247.0
2023-04-25,81.0,230.0,242.0,8017,202.0,True,False,False,8247.0,40.0,0.8347107438016529,1.0521739130434782,121.0,1.4890475018459304,8126.0,9.0,7796.0,7770.0,-83.0,7490.0,7663.0,-80.0,7380.0,8420.0,-85.0,8175.0,7856.428571428572,238.26096137279038,-27.142857142857142,7958.714285714285,243.3959827022704,-68.57142857142857,8128.833333333333,242.89348926316612,-89.36666666666666,-190.0,-960.0,0,238.26096137279038,243.3959827022704,25,1,17,4,2,2023,0,8362.0
2023-04-26,118.0,245.0,160.0,8117,256.0,False,False,False,8362.0,-96.0,1.6,0.6530612244897959,115.0,1.3944464653813604,8247.0,40.0,8017.0,7840.0,-79.0,7534.0,7641.0,-52.0,7344.0,8397.0,-74.0,8178.0,7959.428571428572,281.52552113017845,-33.42857142857143,7956.214285714285,238.68201523282798,-70.14285714285714,8136.4,246.599717537661,-90.13333333333334,-234.0,-982.0,0,281.52552113017845,238.68201523282798,26,2,17,4,2,2023,0,8442.0
2023-04-27,218.0,283.0,208.0,8159,310.0,False,False,False,8442.0,-102.0,1.4903846153846154,0.734982332155477,80.0,0.9567089213107005,8362.0,-96.0,8117.0,8126.0,9.0,7796.0,7648.0,-20.0,7376.0,8110.0,-180.0,7900.0,8072.857142857143,294.7781247941257,-45.142857142857146,7979.928571428572,269.62408711323945,-64.57142857142857,8142.166666666667,251.77591067336311,-88.13333333333334,-316.0,-904.0,0,294.7781247941257,269.62408711323945,27,3,17,4,2,2023,0,8595.0
2023-04-30,132.0,243.0,183.0,8352,293.0,False,False,False,8595.0,-110.0,1.6010928961748634,0.7530864197530864,153.0,1.8123667377398789,8442.0,-102.0,8159.0,8247.0,40.0,8017.0,7723.0,-5.0,7356.0,8029.0,-102.0,7826.0,8197.42857142857,306.31457531044117,-60.142857142857146,8020.357142857143,315.99479234824094,-65.14285714285714,8156.033333333334,264.98373187974875,-87.8,-421.0,-912.0,0,306.31457531044117,315.99479234824094,30,6,17,4,2,2023,1,8807.0
2023-05-01,224.0,315.0,152.0,8492,237.0,False,False,False,8807.0,-85.0,1.5592105263157894,0.48253968253968255,212.0,2.4665503199534644,8595.0,-110.0,8352.0,8362.0,-96.0,8117.0,7770.0,-83.0,7490.0,8131.0,-35.0,7922.0,8345.57142857143,315.76091015347004,-60.42857142857143,8068.642857142857,379.47425313347355,-68.71428571428571,8174.8,290.1681319986488,-86.6,-423.0,-962.0,0,315.76091015347004,379.47425313347355,1,0,18,5,2,2023,0,8980.0
2023-05-02,167.0,326.0,213.0,8654,245.0,False,False,False,8980.0,-32.0,1.1502347417840375,0.6533742331288344,173.0,1.964346542522999,8807.0,-85.0,8492.0,8442.0,-102.0,8159.0,7840.0,-79.0,7534.0,8088.0,-102.0,7876.0,8508.42857142857,305.3603647838827,-53.714285714285715,8132.357142857143,451.09893288805904,-63.714285714285715,8196.733333333334,324.51427186439315,-86.73333333333333,-376.0,-892.0,0,305.3603647838827,451.09893288805904,2,1,18,5,2,2023,0,9057.0
2023-05-03,209.0,353.0,232.0,8704,267.0,False,False,False,9057.0,-35.0,1.1508620689655173,0.6572237960339944,77.0,0.8574610244988845,8980.0,-32.0,8654.0,8595.0,-110.0,8352.0,8126.0,9.0,7796.0,8009.0,-197.0,7795.0,8641.42857142857,313.66800768903926,-60.0,8207.214285714286,511.90972439880835,-52.142857142857146,8219.5,359.4565582116683,-87.33333333333333,-420.0,-730.0,0,313.66800768903926,511.90972439880835,3,2,18,5,2,2023,0,9043.0
2023-05-04,153.0,253.0,286.0,8790,332.0,True,False,False,9043.0,-46.0,1.1608391608391608,1.1304347826086956,-14.0,-0.15457657060836683,9057.0,-35.0,8704.0,8807.0,-85.0,8492.0,8247.0,40.0,8017.0,7663.0,-80.0,7380.0,8755.142857142857,290.25702895388065,-72.28571428571429,8305.785714285714,531.5442204010459,-49.714285714285715,8241.666666666666,388.86885772165704,-83.76666666666667,-506.0,-696.0,0,290.25702895388065,531.5442204010459,4,3,18,5,2,2023,0,8822.0
2023-05-07,180.0,337.0,219.0,8485,375.0,False,False,False,8822.0,-156.0,1.7123287671232876,0.6498516320474778,-221.0,-2.4438792436138446,9043.0,-46.0,8790.0,8980.0,-32.0,8654.0,8362.0,-96.0,8117.0,7641.0,-52.0,7344.0,8820.857142857143,232.79993454423476,-80.85714285714286,8390.142857142857,511.251986212856,-57.142857142857146,8265.966666666667,401.8200389206096,-83.0,-566.0,-800.0,0,232.79993454423476,511.251986212856,7,6,18,5,2,2023,1,8877.0
2023-05-08,133.0,287.0,189.0,8590,261.0,False,False,False,8877.0,-72.0,1.380952380952381,0.6585365853658537,55.0,0.6234413965087171,8822.0,-156.0,8485.0,9057.0,-35.0,8704.0,8442.0,-102.0,8159.0,7648.0,-20.0,7376.0,8883.0,162.15321972337344,-76.57142857142857,8477.92857142857,478.4821296053225,-60.857142857142854,8289.7,416.4128546493741,-82.8,-536.0,-852.0,0,162.15321972337344,478.4821296053225,8,0,19,5,2,2023,0,8916.0
2023-05-09,187.0,310.0,247.0,8606,250.0,False,False,False,8916.0,-3.0,1.0121457489878543,0.7967741935483871,39.0,0.4393376140588101,8877.0,-72.0,8590.0,9043.0,-46.0,8790.0,8595.0,-110.0,8352.0,7723.0,-5.0,7356.0,8928.857142857143,100.9842043281974,-61.285714285714285,8563.142857142857,438.2320876400521,-60.714285714285715,8310.633333333333,431.8242365411734,-80.7,-429.0,-850.0,0,100.9842043281974,438.2320876400521,9,1,19,5,2,2023,0,8966.0
2023-05-10,168.0,285.0,210.0,8681,304.0,False,False,False,8966.0,-94.0,1.4476190476190476,0.7368421052631579,50.0,0.56078959174517,8916.0,-3.0,8606.0,8822.0,-156.0,8485.0,8807.0,-85.0,8492.0,7770.0,-83.0,7490.0,8951.57142857143,85.73769521594201,-62.57142857142857,8648.57142857143,385.0735622600485,-61.5,8327.733333333334,447.5279943725598,-80.23333333333333,-438.0,-861.0,0,85.73769521594201,385.0735622600485,10,2,19,5,2,2023,0,9084.0
2023-05-11,269.0,412.0,204.0,8672,392.0,False,False,False,9084.0,-188.0,1.9215686274509804,0.49514563106796117,118.0,1.3160829801472262,8966.0,-94.0,8681.0,8877.0,-72.0,8590.0,8980.0,-32.0,8654.0,7840.0,-79.0,7534.0,8966.42857142857,99.40633303571889,-84.85714285714286,8737.42857142857,322.60161530562226,-69.28571428571429,8350.066666666668,468.2208389456711,-80.4,-594.0,-970.0,0,99.40633303571889,322.60161530562226,11,3,19,5,2,2023,0,8700.0
2023-05-14,100.0,255.0,236.0,8445,288.0,False,False,False,8700.0,-52.0,1.2203389830508475,0.9254901960784314,-384.0,-4.227212681638049,9084.0,-188.0,8672.0,8916.0,-3.0,8606.0,9057.0,-35.0,8704.0,8126.0,9.0,7796.0,8915.42857142857,131.56982574894917,-87.28571428571429,8778.42857142857,271.3152337115451,-73.64285714285714,8366.3,471.73386345590467,-78.4,-611.0,-1031.0,0,131.56982574894917,271.3152337115451,14,6,19,5,2,2023,1,8865.0
2023-05-15,205.0,294.0,177.0,8571,277.0,False,False,False,8865.0,-100.0,1.5649717514124293,0.6020408163265306,165.0,1.8965517241379404,8700.0,-52.0,8445.0,8966.0,-94.0,8681.0,9043.0,-46.0,8790.0,8247.0,40.0,8017.0,8890.0,119.44733846619071,-95.0,8822.57142857143,224.4229229638594,-83.64285714285714,8388.7,479.1180223184518,-77.86666666666666,-665.0,-1171.0,0,119.44733846619071,224.4229229638594,15,0,20,5,2,2023,0,8876.0
2023-05-16,161.0,304.0,211.0,8572,272.0,False,False,False,8876.0,-61.0,1.2890995260663507,0.694078947368421,11.0,0.12408347433727762,8865.0,-100.0,8571.0,9084.0,-188.0,8672.0,8822.0,-156.0,8485.0,8362.0,-96.0,8117.0,8897.714285714286,116.018266213679,-81.42857142857143,8859.285714285714,181.15247660524423,-81.14285714285714,8407.8,486.94121998875545,-75.9,-570.0,-1136.0,0,116.018266213679,181.15247660524423,16,1,20,5,2,2023,0,8731.0
2023-05-17,57.0,162.0,193.0,8569,307.0,True,False,False,8731.0,-114.0,1.5906735751295338,1.191358024691358,-145.0,-1.6336187471834185,8876.0,-61.0,8572.0,8700.0,-52.0,8445.0,8877.0,-72.0,8590.0,8442.0,-102.0,8159.0,8876.857142857143,132.33849096338668,-87.42857142857143,8879.92857142857,142.22812893142589,-82.0,8418.166666666666,490.50734349547514,-76.86666666666666,-612.0,-1148.0,0,132.33849096338668,142.22812893142589,17,2,20,5,2,2023,0,8596.0
2023-05-18,80.0,122.0,152.0,8474,351.0,True,False,False,8596.0,-199.0,2.3092105263157894,1.2459016393442623,-135.0,-1.5462146374985664,8731.0,-114.0,8569.0,8865.0,-100.0,8571.0,8916.0,-3.0,8606.0,8595.0,-110.0,8352.0,8831.142857142857,167.23280038258073,-115.42857142857143,8880.0,142.07419513434007,-88.35714285714286,8424.8,491.5556866759328,-81.03333333333333,-808.0,-1237.0,0,167.23280038258073,142.07419513434007,18,3,20,5,2,2023,0,7996.0
2023-05-21,107.0,170.0,133.0,7826,343.0,False,False,False,7996.0,-210.0,2.5789473684210527,0.7823529411764706,-600.0,-6.979990693345739,8596.0,-199.0,8474.0,8876.0,-61.0,8572.0,8966.0,-94.0,8681.0,8807.0,-85.0,8492.0,8692.57142857143,344.6408068036599,-132.0,8822.07142857143,276.1762158437907,-97.28571428571429,8421.0,494.5049771375336,-82.03333333333333,-924.0,-1362.0,0,344.6408068036599,276.1762158437907,21,6,20,5,2,2023,1,8004.0
2023-05-22,99.0,156.0,139.0,7848,240.0,False,False,False,8004.0,-101.0,1.7266187050359711,0.8910256410256411,8.0,0.10005002501249916,7996.0,-210.0,7826.0,8731.0,-114.0,8569.0,9084.0,-188.0,8672.0,8980.0,-32.0,8654.0,8538.285714285714,380.12046962583474,-119.57142857142857,8752.357142857143,347.27634909011135,-102.21428571428571,8420.166666666666,495.20891330436643,-82.0,-837.0,-1431.0,0,380.12046962583474,347.27634909011135,22,0,21,5,2,2023,0,7854.0
2023-05-23,25.0,66.0,94.0,7788,246.0,True,False,False,7854.0,-152.0,2.617021276595745,1.4242424242424243,-150.0,-1.874062968515744,8004.0,-101.0,7848.0,8596.0,-199.0,8474.0,8700.0,-52.0,8445.0,9057.0,-35.0,8704.0,8417.42857142857,448.478857600089,-133.85714285714286,8666.42857142857,409.3782742508036,-110.57142857142857,8410.933333333332,503.30267395394884,-85.9,-937.0,-1548.0,0,448.478857600089,409.3782742508036,23,1,21,5,2,2023,0,7779.0
2023-05-24,35.0,70.0,53.0,7709,276.0,False,False,False,7779.0,-223.0,5.2075471698113205,0.7571428571428571,-75.0,-0.9549274255156615,7854.0,-152.0,7788.0,7996.0,-210.0,7826.0,8865.0,-100.0,8571.0,9043.0,-46.0,8790.0,8262.285714285714,455.62876492663236,-151.42857142857142,8576.142857142857,456.59944693905413,-123.21428571428571,8400.633333333333,513.2037629429952,-89.93333333333334,-1060.0,-1725.0,0,455.62876492663236,456.59944693905413,24,2,21,5,2,2023,0,7619.0
2023-05-25,43.0,73.0,64.0,7546,408.0,False,False,False,7619.0,-344.0,6.375,0.8767123287671232,-160.0,-2.056819642627583,7779.0,-223.0,7709.0,8004.0,-101.0,7848.0,8876.0,-61.0,8572.0,8822.0,-156.0,8485.0,8082.714285714285,419.72916437694727,-191.85714285714286,8490.214285714286,516.0936376832584,-136.64285714285714,8387.633333333333,528.1871718489068,-94.83333333333333,-1343.0,-1913.0,0,419.72916437694727,516.0936376832584,25,3,21,5,2,2023,0,7056.0
2023-05-29,41.0,60.0,71.0,6996,207.0,True,False,False,7056.0,-136.0,2.915492957746479,1.1833333333333333,-563.0,-7.389421183882394,7619.0,-344.0,7546.0,7854.0,-152.0,7788.0,8731.0,-114.0,8569.0,8877.0,-72.0,8590.0,7843.428571428572,463.69884520841845,-195.0,8360.142857142857,628.3734628317819,-141.21428571428572,8367.4,567.0960874611926,-96.7,-1365.0,-1977.0,0,463.69884520841845,628.3734628317819,29,0,22,5,2,2023,0,7129.0
2023-05-30,65.0,83.0,65.0,7046,168.0,False,False,False,7129.0,-103.0,2.5846153846153848,0.7831325301204819,73.0,1.0345804988662222,7056.0,-136.0,6996.0,7779.0,-223.0,7709.0,8596.0,-199.0,8474.0,8916.0,-3.0,8606.0,7633.857142857143,393.0018781004491,-181.28571428571428,8232.5,685.6624814451604,-148.35714285714286,8350.333333333334,596.6452381691188,-98.4,-1269.0,-2077.0,0,393.0018781004491,685.6624814451604,30,1,22,5,2,2023,0,7133.0
2023-05-31,38.0,80.0,82.0,7053,210.0,True,False,False,7133.0,-128.0,2.5609756097560976,1.025,4.0,0.05610885117126596,7129.0,-103.0,7046.0,7619.0,-344.0,7546.0,7996.0,-210.0,7826.0,8966.0,-94.0,8681.0,7510.571428571428,395.8151324136363,-169.57142857142858,8101.571428571428,709.4209680366848,-150.78571428571428,8333.166666666666,624.3166793318544,-102.0,-1187.0,-2111.0,0,395.8151324136363,709.4209680366848,31,2,22,5,2,2023,0,7084.0
2023-06-01,56.0,82.0,68.0,7002,287.0,False,False,False,7084.0,-219.0,4.220588235294118,0.8292682926829268,-49.0,-0.6869479882237517,7133.0,-128.0,7053.0,7056.0,-136.0,6996.0,8004.0,-101.0,7848.0,9084.0,-188.0,8672.0,7379.142857142857,355.339006476655,-186.42857142857142,7958.714285714285,697.6436635695037,-153.0,8311.866666666667,655.9507831271009,-109.13333333333334,-1305.0,-2142.0,0,355.339006476655,697.6436635695037,1,3,22,6,2,2023,0,6658.0
2023-06-04,74.0,103.0,80.0,6555,292.0,False,False,False,6658.0,-212.0,3.65,0.7766990291262136,-426.0,-6.013551665725581,7084.0,-219.0,7002.0,7129.0,-103.0,7046.0,7854.0,-152.0,7788.0,8700.0,-52.0,8445.0,7208.285714285715,375.90056942660607,-195.0,7812.857142857143,742.744376479019,-164.42857142857142,8274.8,716.2716880028709,-113.43333333333334,-1365.0,-2302.0,0,375.90056942660607,742.744376479019,4,6,22,6,2,2023,1,6630.0
2023-06-05,68.0,107.0,102.0,6523,189.0,False,False,False,6630.0,-87.0,1.8529411764705883,0.9532710280373832,-28.0,-0.4205467107239458,6658.0,-212.0,6555.0,7133.0,-128.0,7053.0,7779.0,-223.0,7709.0,8865.0,-100.0,8571.0,7044.142857142857,333.6432368920731,-175.57142857142858,7653.214285714285,739.3887473989705,-163.5,8234.466666666667,773.3897948076655,-113.7,-1229.0,-2289.0,0,333.6432368920731,739.3887473989705,5,0,23,6,2,2023,0,6632.0
2023-06-06,92.0,124.0,93.0,6508,187.0,False,False,False,6632.0,-94.0,2.010752688172043,0.75,2.0,0.030165912518853588,6630.0,-87.0,6523.0,7084.0,-219.0,7002.0,7619.0,-344.0,7546.0,8876.0,-61.0,8572.0,6903.142857142857,247.7030672475045,-139.85714285714286,7492.928571428572,695.8689602864245,-165.85714285714286,8184.666666666667,826.866846359917,-117.13333333333334,-979.0,-2322.0,0,247.7030672475045,695.8689602864245,6,1,23,6,2,2023,0,6645.0
2023-06-07,113.0,162.0,107.0,6483,208.0,False,False,False,6645.0,-101.0,1.9439252336448598,0.6604938271604939,13.0,0.19601930036188264,6632.0,-94.0,6508.0,6658.0,-212.0,6555.0,7056.0,-136.0,6996.0,8731.0,-114.0,8569.0,6844.428571428572,254.06092257756853,-134.85714285714286,7343.928571428572,630.6519781800558,-164.92857142857142,8131.266666666666,873.1373448596188,-121.83333333333333,-944.0,-2309.0,0,254.06092257756853,630.6519781800558,7,2,23,6,2,2023,0,6642.0
2023-06-08,106.0,196.0,131.0,6446,255.0,False,False,False,6642.0,-124.0,1.9465648854961832,0.6683673469387755,-3.0,-0.04514672686229959,6645.0,-101.0,6483.0,6630.0,-87.0,6523.0,7129.0,-103.0,7046.0,8596.0,-199.0,8474.0,6774.857142857143,228.54498358927762,-137.85714285714286,7204.357142857143,542.2661292622429,-159.57142857142858,8073.933333333333,913.023772524791,-122.76666666666667,-965.0,-2234.0,0,228.54498358927762,542.2661292622429,8,3,23,6,2,2023,0,6159.0
2023-06-11,86.0,152.0,168.0,6007,238.0,True,False,False,6159.0,-70.0,1.4166666666666667,1.105263157894737,-483.0,-7.271906052393861,6642.0,-124.0,6446.0,6632.0,-94.0,6508.0,7133.0,-128.0,7053.0,7996.0,-210.0,7826.0,6635.714285714285,267.35913068739586,-129.57142857142858,7073.142857142857,557.9988774654914,-149.57142857142858,7997.833333333333,974.3701797194101,-121.7,-907.0,-2094.0,0,267.35913068739586,557.9988774654914,11,6,23,6,2,2023,1,6139.0
2023-06-12,84.0,118.0,136.0,6021,177.0,True,False,False,6139.0,-41.0,1.3014705882352942,1.152542372881356,-20.0,-0.32472804026627555,6159.0,-70.0,6007.0,6645.0,-101.0,6483.0,7084.0,-219.0,7002.0,8004.0,-101.0,7848.0,6500.714285714285,240.51175597446698,-104.14285714285714,6939.928571428572,541.038810535341,-145.28571428571428,7915.966666666666,1024.3603381129362,-119.4,-729.0,-2034.0,0,240.51175597446698,541.038810535341,12,0,24,6,2,2023,0,6125.0
2023-06-13,59.0,64.0,117.0,6061,146.0,True,False,False,6125.0,-29.0,1.2478632478632479,1.828125,-14.0,-0.22805017103763037,6139.0,-41.0,6021.0,6642.0,-124.0,6446.0,6658.0,-212.0,6555.0,7854.0,-152.0,7788.0,6424.571428571428,265.4912786658663,-78.0,6816.428571428572,512.943948697611,-136.5,7826.566666666667,1060.3180942149102,-117.53333333333333,-546.0,-1911.0,0,265.4912786658663,512.943948697611,13,1,24,6,2,2023,0,6162.0
2023-06-14,62.0,97.0,52.0,6065,167.0,False,False,False,6162.0,-115.0,3.2115384615384617,0.5360824742268041,37.0,0.604081632653064,6125.0,-29.0,6061.0,6159.0,-70.0,6007.0,6630.0,-87.0,6523.0,7779.0,-223.0,7709.0,6357.714285714285,264.06041877177097,-82.0,6700.928571428572,458.71215447091026,-128.78571428571428,7732.633333333333,1079.2658578654386,-120.3,-574.0,-1803.0,0,264.06041877177097,458.71215447091026,14,2,24,6,2,2023,0,6113.0
2023-06-15,91.0,75.0,97.0,6038,272.0,True,False,False,6113.0,-175.0,2.804123711340206,1.2933333333333332,-49.0,-0.7951963648166194,6162.0,-115.0,6065.0,6139.0,-41.0,6021.0,6632.0,-94.0,6508.0,7619.0,-344.0,7546.0,6283.571428571428,246.4885779253027,-93.57142857142857,6593.357142857143,399.6364900454267,-116.71428571428571,7634.5,1088.4976913792373,-124.96666666666667,-655.0,-1634.0,0,246.4885779253027,399.6364900454267,15,3,24,6,2,2023,0,5730.0
2023-06-19,29.0,51.0,11.0,5679,142.0,False,False,False,5730.0,-131.0,12.909090909090908,0.21568627450980393,-383.0,-6.265336168820546,6113.0,-175.0,6038.0,6125.0,-29.0,6061.0,6645.0,-101.0,6483.0,7056.0,-136.0,6996.0,6152.857142857143,264.81026451120863,-97.85714285714286,6498.642857142857,436.94544759709885,-116.35714285714286,7524.066666666667,1108.5462967120595,-127.8,-685.0,-1629.0,0,264.81026451120863,436.94544759709885,19,0,25,6,2,2023,0,5957.0
2023-06-20,33.0,53.0,34.0,5904,134.0,False,False,False,5957.0,-100.0,3.9411764705882355,0.6415094339622641,227.0,3.961605584642225,5730.0,-131.0,5679.0,6162.0,-115.0,6065.0,6642.0,-124.0,6446.0,7129.0,-103.0,7046.0,6055.0,159.5900999436398,-94.42857142857143,6414.928571428572,418.7794470538528,-116.14285714285714,7428.566666666667,1116.2565421156958,-125.93333333333334,-661.0,-1626.0,0,159.5900999436398,418.7794470538528,20,1,25,6,2,2023,0,6118.0
2023-06-21,93.0,196.0,169.0,5922,149.0,False,False,False,6118.0,20.0,0.8816568047337278,0.8622448979591837,161.0,2.7027027027026973,5957.0,-100.0,5904.0,6113.0,-175.0,6038.0,6159.0,-70.0,6007.0,7133.0,-128.0,7053.0,6049.142857142857,155.84546680552026,-81.57142857142857,6342.428571428572,369.91094859454444,-105.57142857142857,7336.6,1106.4189080090766,-122.86666666666666,-571.0,-1478.0,0,155.84546680552026,369.91094859454444,21,2,25,6,2,2023,0,6190.0
2023-06-22,124.0,234.0,161.0,5956,207.0,False,False,False,6190.0,-46.0,1.2857142857142858,0.688034188034188,72.0,1.1768551814318462,6118.0,20.0,5922.0,5730.0,-131.0,5679.0,6139.0,-41.0,6021.0,7084.0,-219.0,7002.0,6056.428571428572,161.82383131347902,-82.28571428571429,6278.571428571428,303.19597985100074,-93.21428571428571,7245.733333333334,1083.945632092925,-124.3,-576.0,-1305.0,0,161.82383131347902,303.19597985100074,22,3,25,6,2,2023,0,5969.0
2023-06-25,92.0,203.0,173.0,5766,263.0,False,False,False,5969.0,-90.0,1.5202312138728324,0.8522167487684729,-221.0,-3.5702746365104954,6190.0,-46.0,5956.0,5957.0,-100.0,5904.0,6125.0,-29.0,6061.0,6658.0,-212.0,6555.0,6034.142857142857,161.54816471823708,-91.0,6229.357142857143,292.60385589312233,-84.5,7145.833333333333,1057.7226050318673,-124.16666666666667,-637.0,-1183.0,0,161.54816471823708,292.60385589312233,25,6,25,6,2,2023,1,6078.0
2023-06-26,186.0,259.0,172.0,5819,174.0,False,False,False,6078.0,-2.0,1.0116279069767442,0.6640926640926641,109.0,1.8261015245434775,5969.0,-90.0,5766.0,6118.0,20.0,5922.0,6162.0,-115.0,6065.0,6630.0,-87.0,6523.0,6022.142857142857,153.3812554513451,-74.85714285714286,6189.928571428572,270.8463840191901,-78.42857142857143,7045.633333333333,1009.0472284265982,-117.96666666666667,-524.0,-1098.0,0,153.3812554513451,270.8463840191901,26,0,26,6,2,2023,0,6142.0
2023-06-27,154.0,225.0,220.0,5917,155.0,False,False,False,6142.0,65.0,0.7045454545454546,0.9777777777777777,64.0,1.0529779532741035,6078.0,-2.0,5819.0,6190.0,-46.0,5956.0,6113.0,-175.0,6038.0,6632.0,-94.0,6508.0,6026.285714285715,156.60216504014016,-40.57142857142857,6154.928571428572,239.12837372609337,-67.07142857142857,6960.366666666667,971.8206334906446,-114.06666666666666,-284.0,-939.0,0,156.60216504014016,239.12837372609337,27,1,26,6,2,2023,0,6198.0
2023-06-28,91.0,199.0,172.0,5999,174.0,False,False,False,6198.0,-2.0,1.0116279069767442,0.864321608040201,56.0,0.9117551286226044,6142.0,65.0,5917.0,5969.0,-90.0,5766.0,5730.0,-131.0,5679.0,6645.0,-101.0,6483.0,6093.142857142857,97.9428890927256,-22.142857142857142,6123.0,194.30032265702144,-60.0,6871.466666666666,911.7074445060832,-110.8,-155.0,-840.0,0,97.9428890927256,194.30032265702144,28,2,26,6,2,2023,0,6271.0
2023-06-29,81.0,213.0,153.0,6058,213.0,False,False,False,6271.0,-60.0,1.392156862745098,0.7183098591549296,73.0,1.177799290093584,6198.0,-2.0,5999.0,6078.0,-2.0,5819.0,5957.0,-100.0,5904.0,6642.0,-124.0,6446.0,6138.0,97.09960521728811,-16.428571428571427,6096.5,134.01937288205653,-55.42857142857143,6784.633333333333,835.036835170731,-110.76666666666667,-115.0,-776.0,0,97.09960521728811,134.01937288205653,29,3,26,6,2,2023,0,6188.0
2023-07-02,209.0,285.0,184.0,5903,309.0,False,False,False,6188.0,-125.0,1.6793478260869565,0.6456140350877193,-83.0,-1.3235528623823933,6271.0,-60.0,6058.0,6142.0,65.0,5917.0,6118.0,20.0,5922.0,6159.0,-70.0,6007.0,6148.0,98.2937773548581,-37.142857142857146,6098.571428571428,135.2778987496379,-59.357142857142854,6699.866666666667,755.9733498921262,-111.13333333333334,-260.0,-831.0,0,98.2937773548581,135.2778987496379,2,6,26,7,3,2023,1,6441.0
2023-07-04,184.0,314.0,217.0,6127,124.0,False,False,False,6441.0,93.0,0.5714285714285714,0.6910828025477707,253.0,4.088558500323214,6188.0,-125.0,5903.0,6198.0,-2.0,5999.0,6190.0,-46.0,5956.0,6139.0,-41.0,6021.0,6183.857142857143,148.91544420854677,-17.285714285714285,6120.142857142857,163.38009347855763,-49.785714285714285,6628.033333333334,666.7022539352146,-101.4,-121.0,-697.0,0,148.91544420854677,163.38009347855763,4,1,27,7,3,2023,0,6408.0
2023-07-05,107.0,215.0,230.0,6193,167.0,True,False,False,6408.0,63.0,0.7260869565217392,1.069767441860465,-33.0,-0.5123428039124356,6441.0,93.0,6127.0,6271.0,-60.0,6058.0,5969.0,-90.0,5766.0,6125.0,-29.0,6061.0,6246.571428571428,135.15405671912887,4.571428571428571,6140.357142857143,180.62439018492913,-43.214285714285715,6575.1,615.4137576488233,-92.3,32.0,-605.0,1,135.15405671912887,180.62439018492913,5,2,27,7,3,2023,0,6401.0
2023-07-06,101.0,162.0,178.0,6239,205.0,True,False,False,6401.0,-27.0,1.151685393258427,1.0987654320987654,-7.0,-0.10923845193507864,6408.0,63.0,6193.0,6188.0,-125.0,5903.0,6078.0,-2.0,5819.0,6162.0,-115.0,6065.0,6292.714285714285,122.56116063115569,1.0,6157.428571428572,193.65183440143306,-36.92857142857143,6521.666666666667,553.5524977959074,-89.83333333333333,7.0,-517.0,1,122.56116063115569,193.65183440143306,6,3,27,7,3,2023,0,6404.0
2023-07-09,99.0,190.0,176.0,6214,196.0,False,False,False,6404.0,-20.0,1.1136363636363635,0.9263157894736842,3.0,0.04686767692547722,6401.0,-27.0,6239.0,6441.0,93.0,6127.0,6142.0,65.0,5917.0,6113.0,-175.0,6038.0,6330.142857142857,108.00529087577229,-11.142857142857142,6178.214285714285,203.8642755785079,-25.857142857142858,6473.333333333333,493.2244598720626,-85.43333333333334,-78.0,-362.0,0,108.00529087577229,203.8642755785079,9,6,27,7,3,2023,1,6585.0
2023-07-10,167.0,239.0,166.0,6346,163.0,False,False,False,6585.0,3.0,0.9819277108433735,0.694560669456067,181.0,2.826358525921302,6404.0,-20.0,6214.0,6408.0,63.0,6193.0,6198.0,-2.0,5999.0,5730.0,-131.0,5679.0,6385.428571428572,126.54756305161429,-10.428571428571429,6239.285714285715,186.59929448768884,-16.285714285714285,6433.533333333334,428.10824713425416,-77.9,-73.0,-228.0,0,126.54756305161429,186.59929448768884,10,0,28,7,3,2023,0,6714.0
2023-07-11,115.0,216.0,169.0,6498,143.0,False,False,False,6714.0,26.0,0.8461538461538461,0.7824074074074074,129.0,1.9589977220956678,6585.0,3.0,6346.0,6401.0,-27.0,6239.0,6271.0,-60.0,6058.0,5957.0,-100.0,5904.0,6448.714285714285,164.78037331122667,1.8571428571428572,6293.357142857143,207.0650611775094,-7.285714285714286,6403.366666666667,369.5781829780121,-65.56666666666666,13.0,-102.0,1,164.78037331122667,207.0650611775094,11,1,28,7,3,2023,0,6679.0
2023-07-12,84.0,158.0,193.0,6521,210.0,True,False,False,6679.0,-17.0,1.0880829015544042,1.2215189873417722,-35.0,-0.5212987786714307,6714.0,26.0,6498.0,6404.0,-20.0,6214.0,6188.0,-125.0,5903.0,6118.0,20.0,5922.0,6518.857142857143,137.55899167444917,17.285714285714285,6333.428571428572,224.10118397578034,-9.928571428571429,6390.8,352.6431624177556,-61.6,121.0,-139.0,1,137.55899167444917,224.10118397578034,12,2,28,7,3,2023,0,6831.0
2023-07-13,130.0,227.0,192.0,6604,226.0,False,False,False,6831.0,-34.0,1.1770833333333333,0.8458149779735683,152.0,2.2757897888905587,6679.0,-17.0,6521.0,6585.0,3.0,6346.0,6441.0,93.0,6127.0,6190.0,-46.0,5956.0,6574.571428571428,174.7272704749701,-0.8571428571428571,6379.214285714285,255.78451825750787,-9.071428571428571,6380.866666666667,334.88214430558725,-59.3,-6.0,-127.0,0,174.7272704749701,255.78451825750787,13,3,28,7,3,2023,0,6682.0
2023-07-16,88.0,214.0,160.0,6468,218.0,False,False,False,6682.0,-58.0,1.3625,0.7476635514018691,-149.0,-2.1812326160152273,6831.0,-34.0,6604.0,6714.0,26.0,6498.0,6408.0,63.0,6193.0,5969.0,-90.0,5766.0,6613.714285714285,161.3729782065508,-18.142857142857142,6430.142857142857,238.20251795571934,-6.785714285714286,6365.833333333333,309.082745681729,-56.96666666666667,-127.0,-95.0,0,161.3729782065508,238.20251795571934,16,6,28,7,3,2023,1,6840.0
2023-07-17,113.0,208.0,159.0,6632,160.0,False,False,False,6840.0,-1.0,1.0062893081761006,0.7644230769230769,158.0,2.3645615085303717,6682.0,-58.0,6468.0,6679.0,-17.0,6521.0,6401.0,-27.0,6239.0,6078.0,-2.0,5819.0,6676.428571428572,149.81862049702687,-14.428571428571429,6484.571428571428,238.60643949197555,-6.714285714285714,6357.7,292.28695748739256,-49.7,-101.0,-94.0,0,149.81862049702687,238.60643949197555,17,0,29,7,3,2023,0,7159.0
2023-07-18,174.0,285.0,150.0,6874,181.0,False,False,False,7159.0,-31.0,1.2066666666666668,0.5263157894736842,319.0,4.66374269005847,6840.0,-1.0,6632.0,6831.0,-34.0,6604.0,6404.0,-20.0,6214.0,6142.0,65.0,5917.0,6784.285714285715,187.9270375134548,-16.0,6557.214285714285,277.86969236329145,-13.571428571428571,6374.4,322.7603573486954,-43.666666666666664,-112.0,-190.0,0,187.9270375134548,277.86969236329145,18,1,29,7,3,2023,0,7231.0
2023-07-19,104.0,230.0,206.0,7001,226.0,False,False,False,7231.0,-20.0,1.0970873786407767,0.8956521739130435,72.0,1.005727056851513,7159.0,-31.0,6874.0,6682.0,-58.0,6468.0,6585.0,3.0,6346.0,6198.0,-2.0,5999.0,6876.571428571428,228.0795600537166,-19.285714285714285,6631.0,310.3945380169778,-14.857142857142858,6394.433333333333,356.1017564117534,-41.43333333333333,-135.0,-208.0,0,228.0795600537166,310.3945380169778,19,2,29,7,3,2023,0,7392.0
2023-07-20,147.0,276.0,214.0,7116,281.0,False,False,False,7392.0,-67.0,1.3130841121495327,0.7753623188405797,161.0,2.2265246853823806,7231.0,-20.0,7001.0,6840.0,-1.0,6632.0,6714.0,26.0,6498.0,6271.0,-60.0,6058.0,6973.428571428572,284.5141221702292,-32.57142857142857,6711.071428571428,352.1628697253448,-15.357142857142858,6419.766666666666,398.13761988514926,-40.53333333333333,-228.0,-215.0,0,284.5141221702292,352.1628697253448,20,3,29,7,3,2023,0,7272.0
2023-07-23,108.0,220.0,213.0,7052,276.0,False,False,False,7272.0,-63.0,1.295774647887324,0.9681818181818181,-120.0,-1.6233766233766267,7392.0,-67.0,7116.0,7159.0,-31.0,6874.0,6679.0,-17.0,6521.0,6188.0,-125.0,5903.0,7058.142857142857,270.1576259466915,-39.142857142857146,6788.5,347.4464540926291,-10.928571428571429,6440.666666666667,425.86061612669886,-39.266666666666666,-274.0,-153.0,0,270.1576259466915,347.4464540926291,23,6,29,7,3,2023,1,7500.0
2023-07-24,180.0,280.0,146.0,7220,187.0,False,False,False,7500.0,-41.0,1.2808219178082192,0.5214285714285715,228.0,3.1353135313531455,7272.0,-63.0,7052.0,7231.0,-20.0,7001.0,6831.0,-34.0,6604.0,6441.0,93.0,6127.0,7153.714285714285,293.71682183453504,-40.142857142857146,6864.142857142857,379.7486733947302,-20.5,6469.266666666666,466.7005931838489,-36.5,-281.0,-287.0,0,293.71682183453504,379.7486733947302,24,0,30,7,3,2023,0,7804.0
2023-07-25,134.0,294.0,186.0,7510,136.0,False,False,False,7804.0,50.0,0.7311827956989247,0.6326530612244898,304.0,4.053333333333331,7500.0,-41.0,7220.0,7392.0,-67.0,7116.0,6682.0,-58.0,6468.0,6408.0,63.0,6193.0,7314.0,299.48121810892684,-24.714285714285715,6963.857142857143,430.63296117778674,-21.428571428571427,6524.1,522.3131805925303,-32.5,-173.0,-300.0,0,299.48121810892684,430.63296117778674,25,1,30,7,3,2023,0,7960.0
2023-07-26,202.0,313.0,158.0,7647,215.0,False,False,False,7960.0,-57.0,1.360759493670886,0.5047923322683706,156.0,1.9989748846745314,7804.0,50.0,7510.0,7272.0,-63.0,7052.0,6840.0,-1.0,6632.0,6401.0,-27.0,6239.0,7474.0,303.1979551382307,-32.714285714285715,7075.214285714285,473.34069346287276,-23.571428571428573,6584.8,578.7767361814253,-33.03333333333333,-229.0,-330.0,0,303.1979551382307,473.34069346287276,26,2,30,7,3,2023,0,8026.0
2023-07-27,110.0,272.0,193.0,7754,259.0,False,False,False,8026.0,-66.0,1.3419689119170986,0.7095588235294118,66.0,0.8291457286432102,7960.0,-57.0,7647.0,7500.0,-41.0,7220.0,7159.0,-31.0,6874.0,6404.0,-20.0,6214.0,7597.857142857143,329.0564432694577,-37.714285714285715,7191.071428571428,494.4470826917862,-26.857142857142858,6648.166666666667,628.6184678808881,-34.266666666666666,-264.0,-376.0,0,329.0564432694577,494.4470826917862,27,3,30,7,3,2023,0,7948.0
2023-07-30,166.0,277.0,229.0,7671,305.0,False,False,False,7948.0,-76.0,1.331877729257642,0.8267148014440433,-78.0,-0.9718415150759996,8026.0,-66.0,7754.0,7804.0,50.0,7510.0,7231.0,-20.0,7001.0,6585.0,3.0,6346.0,7700.285714285715,306.66035190186074,-45.714285714285715,7288.428571428572,500.08717921297153,-32.5,6707.7,664.533964260043,-32.96666666666667,-320.0,-455.0,0,306.66035190186074,500.08717921297153,30,6,30,7,3,2023,1,8076.0
2023-07-31,136.0,276.0,178.0,7800,220.0,False,False,False,8076.0,-42.0,1.2359550561797752,0.644927536231884,128.0,1.610468042274782,7948.0,-76.0,7671.0,7960.0,-57.0,7647.0,7392.0,-67.0,7116.0,6714.0,26.0,6498.0,7798.0,300.9784045409244,-42.142857142857146,7385.714285714285,512.0795353745841,-37.357142857142854,6773.133333333333,699.672028257835,-28.533333333333335,-295.0,-523.0,0,300.9784045409244,512.0795353745841,31,0,31,7,3,2023,0,8349.0
2023-08-01,87.0,246.0,173.0,8103,168.0,False,False,False,8349.0,5.0,0.9710982658959537,0.7032520325203252,273.0,3.3803863298662806,8076.0,-42.0,7800.0,8026.0,-66.0,7754.0,7272.0,-63.0,7052.0,6679.0,-17.0,6521.0,7951.857142857143,259.72705453445,-32.42857142857143,7505.0,529.0192667714318,-35.785714285714285,6860.433333333333,727.8517603588433,-24.0,-227.0,-501.0,0,259.72705453445,529.0192667714318,1,1,31,8,3,2023,0,8432.0
2023-08-02,84.0,171.0,157.0,8261,271.0,False,False,False,8432.0,-114.0,1.7261146496815287,0.9181286549707602,83.0,0.9941310336567311,8349.0,5.0,8103.0,7948.0,-76.0,7671.0,7500.0,-41.0,7220.0,6831.0,-34.0,6604.0,8085.0,226.20860578972207,-42.857142857142854,7619.357142857143,544.9181458845758,-41.5,6942.933333333333,761.4124775176304,-24.466666666666665,-300.0,-581.0,0,226.20860578972207,544.9181458845758,2,2,31,8,3,2023,0,8503.0
2023-08-03,167.0,209.0,157.0,8294,339.0,False,False,False,8503.0,-182.0,2.159235668789809,0.7511961722488039,71.0,0.8420303605312984,8432.0,-114.0,8261.0,8076.0,-42.0,7800.0,7804.0,50.0,7510.0,6682.0,-58.0,6468.0,8184.857142857143,235.57902323948866,-76.0,7749.428571428572,520.7606440118584,-50.357142857142854,7022.433333333333,796.0333853392762,-31.2,-532.0,-705.0,0,235.57902323948866,520.7606440118584,3,3,31,8,3,2023,0,8543.0
2023-08-06,109.0,245.0,159.0,8298,322.0,False,False,False,8543.0,-163.0,2.0251572327044025,0.6489795918367347,40.0,0.4704222039280337,8503.0,-182.0,8294.0,8349.0,5.0,8103.0,7960.0,-57.0,7647.0,6840.0,-1.0,6632.0,8268.142857142857,245.67419384991146,-91.14285714285714,7871.071428571428,489.97872234582263,-61.92857142857143,7100.866666666667,826.5222000203216,-35.1,-638.0,-867.0,0,245.67419384991146,489.97872234582263,6,6,31,8,3,2023,1,8749.0
2023-08-07,156.0,256.0,176.0,8493,202.0,False,False,False,8749.0,-26.0,1.1477272727272727,0.6875,206.0,2.4113309141987616,8543.0,-163.0,8298.0,8432.0,-114.0,8261.0,8026.0,-66.0,7754.0,7159.0,-31.0,6874.0,8371.42857142857,276.90242393476007,-85.42857142857143,7984.642857142857,496.46157294053376,-61.57142857142857,7193.533333333334,850.7326957042534,-32.96666666666667,-598.0,-862.0,0,276.90242393476007,496.46157294053376,7,0,32,8,3,2023,0,8957.0
2023-08-08,125.0,232.0,192.0,8725,207.0,False,False,False,8957.0,-15.0,1.078125,0.8275862068965517,208.0,2.3774145616641817,8749.0,-26.0,8493.0,8503.0,-182.0,8294.0,7948.0,-76.0,7671.0,7231.0,-20.0,7001.0,8515.57142857143,282.3153420927457,-76.71428571428571,8107.928571428572,509.0619524464247,-61.214285714285715,7289.5,882.3508861030813,-33.4,-537.0,-857.0,0,282.3153420927457,509.0619524464247,8,1,32,8,3,2023,0,9027.0
2023-08-09,118.0,139.0,168.0,8888,251.0,True,False,False,9027.0,-83.0,1.494047619047619,1.20863309352518,70.0,0.7815116668527411,8957.0,-15.0,8725.0,8543.0,-163.0,8298.0,8076.0,-42.0,7800.0,7392.0,-67.0,7116.0,8651.42857142857,263.7384165815486,-82.57142857142857,8224.714285714286,519.620190963685,-62.357142857142854,7385.666666666667,909.764248861068,-38.333333333333336,-578.0,-873.0,0,263.7384165815486,519.620190963685,9,2,32,8,3,2023,0,9149.0
2023-08-10,142.0,235.0,139.0,8914,353.0,False,False,False,9149.0,-214.0,2.539568345323741,0.5914893617021276,122.0,1.3515010523983628,9027.0,-83.0,8888.0,8749.0,-26.0,8493.0,8349.0,5.0,8103.0,7272.0,-63.0,7052.0,8765.714285714286,283.4411839551434,-113.85714285714286,8358.785714285714,496.53060616354304,-73.14285714285714,7484.033333333334,936.0771219087219,-45.4,-797.0,-1024.0,0,283.4411839551434,496.53060616354304,10,3,32,8,3,2023,0,9879.0
2023-08-16,148.0,245.0,175.0,9634,288.0,False,False,False,9879.0,-113.0,1.6457142857142857,0.7142857142857143,730.0,7.979014099901627,9149.0,-214.0,8914.0,8957.0,-15.0,8725.0,8432.0,-114.0,8261.0,7500.0,-41.0,7220.0,8972.42857142857,467.432297109366,-113.71428571428571,8528.714285714286,580.0751182882559,-78.28571428571429,7604.3,1004.154547453932,-47.166666666666664,-796.0,-1096.0,0,467.432297109366,580.0751182882559,16,2,33,8,3,2023,0,9913.0
2023-08-17,119.0,219.0,210.0,9694,407.0,False,False,False,9913.0,-197.0,1.938095238095238,0.958904109589041,34.0,0.34416438910820357,9879.0,-113.0,9634.0,9027.0,-83.0,8888.0,8503.0,-182.0,8294.0,7804.0,50.0,7510.0,9173.857142857143,530.9197769190688,-115.85714285714286,8679.357142857143,647.3414991204461,-95.92857142857143,7728.466666666666,1052.1428621146692,-49.56666666666667,-811.0,-1343.0,0,530.9197769190688,647.3414991204461,17,3,33,8,3,2023,0,9693.0
2023-08-20,105.0,210.0,149.0,9483,390.0,False,False,False,9693.0,-241.0,2.61744966442953,0.7095238095238096,-220.0,-2.219307979420959,9913.0,-197.0,9694.0,9149.0,-214.0,8914.0,8543.0,-163.0,8298.0,7960.0,-57.0,7647.0,9338.142857142857,478.5141685716239,-127.0,8803.142857142857,664.6653127867942,-109.07142857142857,7836.866666666667,1082.0229691402694,-60.7,-889.0,-1527.0,0,478.5141685716239,664.6653127867942,20,6,33,8,3,2023,1,9871.0
2023-08-21,143.0,203.0,163.0,9668,281.0,False,False,False,9871.0,-118.0,1.7239263803680982,0.8029556650246306,178.0,1.8363767667388897,9693.0,-241.0,9483.0,9879.0,-113.0,9634.0,8749.0,-26.0,8493.0,8026.0,-66.0,7754.0,9498.42857142857,434.13932369797374,-140.14285714285714,8934.92857142857,681.4217562494597,-112.78571428571429,7952.3,1108.7229419782761,-66.73333333333333,-981.0,-1579.0,0,434.13932369797374,681.4217562494597,21,0,34,8,3,2023,0,10130.0
2023-08-22,119.0,209.0,152.0,9921,230.0,False,False,False,10130.0,-78.0,1.513157894736842,0.7272727272727273,259.0,2.623847634484844,9871.0,-118.0,9668.0,9913.0,-197.0,9694.0,8957.0,-15.0,8725.0,7948.0,-76.0,7671.0,9666.0,416.3408059110317,-149.14285714285714,9090.785714285714,687.831059151921,-112.92857142857143,8076.6,1137.46634963489,-68.43333333333334,-1044.0,-1581.0,0,416.3408059110317,687.831059151921,22,1,34,8,3,2023,0,10283.0
2023-08-23,155.0,212.0,181.0,10071,285.0,False,False,False,10283.0,-104.0,1.574585635359116,0.8537735849056604,153.0,1.5103652517275412,10130.0,-78.0,9921.0,9693.0,-241.0,9483.0,9027.0,-83.0,8888.0,8076.0,-42.0,7800.0,9845.42857142857,362.1794477616482,-152.14285714285714,9248.42857142857,690.2684777885763,-117.35714285714286,8205.9,1161.0060545150866,-71.23333333333333,-1065.0,-1643.0,0,362.1794477616482,690.2684777885763,23,2,34,8,3,2023,0,10240.0
2023-08-24,109.0,214.0,173.0,10026,443.0,False,False,False,10240.0,-270.0,2.560693641618497,0.8084112149532711,-43.0,-0.41816590489156535,10283.0,-104.0,10071.0,9871.0,-118.0,9668.0,9149.0,-214.0,8914.0,8349.0,5.0,8103.0,10001.285714285714,218.96629442728775,-160.14285714285714,9383.5,685.730351803536,-137.0,8327.733333333334,1176.7146237500087,-80.33333333333333,-1121.0,-1918.0,0,218.96629442728775,685.730351803536,24,3,34,8,3,2023,0,10156.0
2023-08-27,191.0,283.0,192.0,9873,488.0,False,False,False,10156.0,-296.0,2.5416666666666665,0.6784452296819788,-84.0,-0.8203124999999978,10240.0,-270.0,10026.0,10130.0,-78.0,9921.0,9879.0,-113.0,9634.0,8432.0,-114.0,8261.0,10040.857142857143,218.21199827336642,-186.28571428571428,9506.642857142857,655.8638000193401,-150.0,8442.466666666667,1181.7370829983004,-91.06666666666666,-1304.0,-2100.0,0,218.21199827336642,655.8638000193401,27,6,34,8,3,2023,1,10309.0
2023-08-28,170.0,297.0,196.0,10012,388.0,False,False,False,10309.0,-192.0,1.9795918367346939,0.6599326599326599,153.0,1.5064986215045373,10156.0,-296.0,9873.0,10283.0,-104.0,10071.0,9913.0,-197.0,9694.0,8503.0,-182.0,8294.0,10097.42857142857,230.524660389292,-185.57142857142858,9635.642857142857,619.8975854796503,-150.71428571428572,8563.466666666667,1180.7869302768565,-96.9,-1299.0,-2110.0,0,230.524660389292,619.8975854796503,28,0,35,8,3,2023,0,10452.0
2023-08-29,152.0,272.0,214.0,10180,286.0,False,False,False,10452.0,-72.0,1.3364485981308412,0.7867647058823529,143.0,1.387137452711218,10309.0,-192.0,10012.0,10240.0,-270.0,10026.0,9693.0,-241.0,9483.0,8543.0,-163.0,8298.0,10205.857142857143,181.98482406633636,-161.42857142857142,9772.0,568.9270603513096,-144.21428571428572,8684.166666666666,1182.6553724078099,-98.16666666666667,-1130.0,-2019.0,0,181.98482406633636,568.9270603513096,29,1,35,8,3,2023,0,10647.0
2023-08-30,239.0,367.0,224.0,10280,366.0,False,False,False,10647.0,-142.0,1.6339285714285714,0.6103542234332425,195.0,1.8656716417910557,10452.0,-72.0,10180.0,10156.0,-296.0,9873.0,9871.0,-118.0,9668.0,8749.0,-26.0,8493.0,10316.714285714286,180.3530928351857,-164.85714285714286,9907.57142857143,531.2970651420474,-152.5,8816.333333333334,1172.7001066896357,-100.96666666666667,-1154.0,-2135.0,0,180.3530928351857,531.2970651420474,30,2,35,8,3,2023,0,10420.0
2023-08-31,113.0,280.0,237.0,10140,505.0,False,False,False,10420.0,-268.0,2.130801687763713,0.8464285714285714,-227.0,-2.1320559782098236,10647.0,-142.0,10280.0,10309.0,-192.0,10012.0,10130.0,-78.0,9921.0,8957.0,-15.0,8725.0,10358.142857142857,162.76509512317182,-192.0,10012.07142857143,470.3279484794198,-170.57142857142858,8935.666666666666,1146.511660867758,-109.86666666666666,-1344.0,-2388.0,0,162.76509512317182,470.3279484794198,31,3,35,8,3,2023,0,10294.0
2023-09-04,196.0,306.0,187.0,9988,293.0,False,False,False,10294.0,-106.0,1.5668449197860963,0.6111111111111112,-126.0,-1.2092130518234212,10420.0,-268.0,10140.0,10452.0,-72.0,10180.0,10283.0,-104.0,10071.0,9027.0,-83.0,8888.0,10359.714285714286,161.9698678619485,-192.28571428571428,10102.57142857143,379.2871277471792,-172.21428571428572,9040.166666666666,1121.5921283153016,-112.36666666666666,-1346.0,-2411.0,0,161.9698678619485,379.2871277471792,4,0,36,9,3,2023,0,10472.0
2023-09-05,236.0,330.0,222.0,10142,243.0,False,False,False,10472.0,-21.0,1.0945945945945945,0.6727272727272727,178.0,1.7291626190013565,10294.0,-106.0,9988.0,10647.0,-142.0,10280.0,10240.0,-270.0,10026.0,9149.0,-214.0,8914.0,10392.857142857143,157.05246317856745,-156.71428571428572,10197.07142857143,273.4844853666157,-158.42857142857142,9148.2,1097.1440165736883,-112.4,-1097.0,-2218.0,0,157.05246317856745,273.4844853666157,5,1,36,9,3,2023,0,10586.0
2023-09-06,81.0,230.0,242.0,10356,291.0,True,False,False,10586.0,-49.0,1.2024793388429753,1.0521739130434782,114.0,1.0886172650878434,10472.0,-21.0,10142.0,10420.0,-268.0,10140.0,10156.0,-296.0,9873.0,9879.0,-113.0,9634.0,10454.285714285714,130.88253548589802,-121.42857142857143,10247.57142857143,275.5011417777747,-153.85714285714286,9254.666666666666,1075.6072970518846,-111.8,-850.0,-2154.0,0,130.88253548589802,275.5011417777747,6,2,36,9,3,2023,0,10664.0
2023-09-07,118.0,245.0,160.0,10419,398.0,False,False,False,10664.0,-238.0,2.4875,0.6530612244897959,78.0,0.7368222180238027,10586.0,-49.0,10356.0,10294.0,-106.0,9988.0,10309.0,-192.0,10012.0,9913.0,-197.0,9694.0,10505.0,133.94650673550967,-128.0,10301.214285714286,278.4435251595458,-156.78571428571428,9367.733333333334,1037.6155002874511,-117.63333333333334,-896.0,-2195.0,0,133.94650673550967,278.4435251595458,7,3,36,9,3,2023,0,10565.0
2023-09-10,218.0,283.0,208.0,10282,382.0,False,False,False,10565.0,-174.0,1.8365384615384615,0.734982332155477,-99.0,-0.9283570892723136,10664.0,-238.0,10419.0,10472.0,-21.0,10142.0,10452.0,-72.0,10180.0,9693.0,-241.0,9483.0,10521.142857142857,133.30219874576508,-142.57142857142858,10363.5,224.16434561752067,-152.0,9469.9,997.4901382279749,-122.06666666666666,-998.0,-2128.0,0,133.30219874576508,224.16434561752067,10,6,36,9,3,2023,1,10735.0
2023-09-11,132.0,243.0,183.0,10492,277.0,False,False,False,10735.0,-94.0,1.5136612021857923,0.7530864197530864,170.0,1.6090866067203002,10565.0,-174.0,10282.0,10586.0,-49.0,10356.0,10647.0,-142.0,10280.0,9871.0,-118.0,9668.0,10533.714285714286,150.2250692412912,-135.71428571428572,10425.214285714286,195.2080462446624,-150.28571428571428,9567.6,971.9072468871291,-126.86666666666666,-950.0,-2104.0,0,150.2250692412912,195.2080462446624,11,0,37,9,3,2023,0,10964.0
2023-09-12,224.0,315.0,152.0,10649,316.0,False,False,False,10964.0,-164.0,2.0789473684210527,0.48253968253968255,229.0,2.133209129017244,10735.0,-94.0,10492.0,10664.0,-238.0,10419.0,10420.0,-268.0,10140.0,10130.0,-78.0,9921.0,10611.42857142857,210.29491762981837,-120.85714285714286,10484.785714285714,223.40655543418006,-156.42857142857142,9667.733333333334,955.1721611684766,-130.43333333333334,-846.0,-2190.0,0,210.29491762981837,223.40655543418006,12,1,37,9,3,2023,0,11004.0
2023-09-13,167.0,326.0,213.0,10678,343.0,False,False,False,11004.0,-130.0,1.6103286384976525,0.6533742331288344,40.0,0.36483035388543694,10964.0,-164.0,10649.0,10565.0,-174.0,10282.0,10294.0,-106.0,9988.0,10283.0,-104.0,10071.0,10712.857142857143,202.7645831758016,-124.28571428571429,10536.285714285714,254.28192366598248,-158.28571428571428,9767.0,933.1623283408284,-132.56666666666666,-870.0,-2216.0,0,202.7645831758016,254.28192366598248,13,2,37,9,3,2023,0,11190.0
2023-09-14,209.0,353.0,232.0,10837,414.0,False,False,False,11190.0,-182.0,1.7844827586206897,0.6572237960339944,186.0,1.6902944383860419,11004.0,-130.0,10678.0,10735.0,-94.0,10492.0,10472.0,-21.0,10142.0,10240.0,-270.0,10026.0,10815.42857142857,238.9866503543663,-147.28571428571428,10604.142857142857,292.9509954143538,-152.0,9875.066666666668,902.4637134106728,-136.1,-1031.0,-2128.0,0,238.9866503543663,292.9509954143538,14,3,37,9,3,2023,0,11052.0
2023-09-17,153.0,253.0,286.0,10799,427.0,True,False,False,11052.0,-141.0,1.493006993006993,1.1304347826086956,-138.0,-1.2332439678284235,11190.0,-182.0,10837.0,10964.0,-164.0,10649.0,10586.0,-49.0,10356.0,10156.0,-296.0,9873.0,10882.0,229.12660255845768,-160.42857142857142,10668.142857142857,285.2884794089849,-140.92857142857142,9974.266666666666,860.4748862605169,-139.4,-1123.0,-1973.0,0,229.12660255845768,285.2884794089849,17,6,37,9,3,2023,1,11229.0
2023-09-18,180.0,337.0,219.0,10892,313.0,False,False,False,11229.0,-94.0,1.4292237442922375,0.6498516320474778,177.0,1.601520086862096,11052.0,-141.0,10799.0,11004.0,-130.0,10678.0,10664.0,-238.0,10419.0,10309.0,-192.0,10012.0,10962.714285714286,238.8428453227905,-139.85714285714286,10733.857142857143,301.6854850139553,-133.92857142857142,10070.266666666666,833.1179050279454,-142.7,-979.0,-1875.0,0,238.8428453227905,301.6854850139553,18,0,38,9,3,2023,0,11382.0
2023-09-19,133.0,287.0,189.0,11095,260.0,False,False,False,11382.0,-71.0,1.3756613756613756,0.6585365853658537,153.0,1.362543414373496,11229.0,-94.0,10892.0,11190.0,-182.0,10837.0,10565.0,-174.0,10282.0,10452.0,-72.0,10180.0,11079.42857142857,209.9776632111165,-125.14285714285714,10800.285714285714,335.35868939006673,-133.85714285714286,10168.6,806.7628203356012,-141.26666666666668,-876.0,-1874.0,0,209.9776632111165,335.35868939006673,19,1,38,9,3,2023,0,11374.0
2023-09-20,187.0,310.0,247.0,11064,364.0,False,False,False,11374.0,-117.0,1.4736842105263157,0.7967741935483871,-8.0,-0.07028641714988959,11382.0,-71.0,11095.0,11052.0,-141.0,10799.0,10735.0,-94.0,10492.0,10647.0,-142.0,10280.0,11170.714285714286,170.46672626024997,-128.42857142857142,10852.214285714286,364.7918644865539,-132.07142857142858,10264.3,771.9016441722696,-139.1,-899.0,-1849.0,0,170.46672626024997,364.7918644865539,20,2,38,9,3,2023,0,11352.0
2023-09-21,168.0,285.0,210.0,11067,428.0,False,False,False,11352.0,-218.0,2.038095238095238,0.7368421052631579,-22.0,-0.19342359767892114,11374.0,-117.0,11064.0,11229.0,-94.0,10892.0,10964.0,-164.0,10649.0,10420.0,-268.0,10140.0,11226.142857142857,154.37014885373833,-136.14285714285714,10918.785714285714,364.89011592980637,-128.5,10357.933333333332,724.8384806206802,-140.93333333333334,-953.0,-1799.0,0,154.37014885373833,364.89011592980637,21,3,38,9,3,2023,0,11156.0
2023-09-24,269.0,412.0,204.0,10744,403.0,False,False,False,11156.0,-199.0,1.9754901960784315,0.49514563106796117,-196.0,-1.7265680056377741,11352.0,-218.0,11067.0,11382.0,-71.0,11095.0,11004.0,-130.0,10678.0,10294.0,-106.0,9988.0,11247.857142857143,125.99792137356386,-146.0,10980.357142857143,321.50143130263086,-135.14285714285714,10438.166666666666,671.8850519162454,-146.7,-1022.0,-1892.0,0,125.99792137356386,321.50143130263086,24,6,38,9,3,2023,1,11097.0
2023-09-25,100.0,255.0,236.0,10842,284.0,False,False,False,11097.0,-48.0,1.2033898305084745,0.9254901960784314,-59.0,-0.5288633918967389,11156.0,-199.0,10744.0,11374.0,-117.0,11064.0,11190.0,-182.0,10837.0,10472.0,-21.0,10142.0,11234.57142857143,137.4940691360962,-126.85714285714286,11025.0,287.02693521415506,-137.07142857142858,10509.5,620.872842220439,-147.8,-888.0,-1919.0,0,137.4940691360962,287.02693521415506,25,0,39,9,3,2023,0,11272.0
2023-09-26,205.0,294.0,177.0,10978,332.0,False,False,False,11272.0,-155.0,1.8757062146892656,0.6020408163265306,175.0,1.5770027935477993,11097.0,-48.0,10842.0,11352.0,-218.0,11067.0,11052.0,-141.0,10799.0,10586.0,-49.0,10356.0,11266.0,111.4914047508416,-128.85714285714286,11074.0,263.94521576085714,-144.64285714285714,10584.333333333334,569.1678337612684,-150.2,-902.0,-2025.0,0,111.4914047508416,263.94521576085714,26,1,39,9,3,2023,0,11321.0
2023-09-27,161.0,304.0,211.0,11017,331.0,False,False,False,11321.0,-120.0,1.5687203791469195,0.694078947368421,49.0,0.434705464868701,11272.0,-155.0,10978.0,11156.0,-199.0,10744.0,11229.0,-94.0,10892.0,10664.0,-238.0,10419.0,11279.142857142857,111.82490565071912,-132.57142857142858,11120.92857142857,243.01771517746934,-136.21428571428572,10656.733333333334,515.9474668081392,-147.06666666666666,-928.0,-1907.0,0,111.82490565071912,243.01771517746934,27,2,39,9,3,2023,0,11146.0
2023-09-28,57.0,162.0,193.0,10984,447.0,True,False,False,11146.0,-254.0,2.316062176165803,1.191358024691358,-175.0,-1.545799841003448,11321.0,-120.0,11017.0,11097.0,-48.0,10842.0,11382.0,-71.0,11095.0,10565.0,-174.0,10282.0,11245.42857142857,111.22028763195576,-158.71428571428572,11162.42857142857,182.96898193851155,-141.92857142857142,10698.966666666667,501.75055509707056,-151.76666666666668,-1111.0,-1987.0,0,111.22028763195576,182.96898193851155,28,3,39,9,3,2023,0,10720.0
2023-10-01,80.0,122.0,152.0,10598,493.0,True,False,False,10720.0,-341.0,3.2434210526315788,1.2459016393442623,-426.0,-3.8219989233805873,11146.0,-254.0,10984.0,11272.0,-155.0,10978.0,11374.0,-117.0,11064.0,10735.0,-94.0,10492.0,11152.0,213.17520180980068,-190.71428571428572,11161.357142857143,185.68816172971395,-159.57142857142858,10725.866666666667,479.28990099457627,-156.56666666666666,-1335.0,-2234.0,0,213.17520180980068,185.68816172971395,1,6,39,10,4,2023,1,10894.0
2023-10-02,107.0,170.0,133.0,10724,284.0,False,False,False,10894.0,-151.0,2.1353383458646618,0.7823529411764706,174.0,1.6231343283582111,10720.0,-341.0,10598.0,11321.0,-120.0,11017.0,11352.0,-218.0,11067.0,10964.0,-164.0,10649.0,11086.57142857143,211.84102305172513,-181.14285714285714,11156.357142857143,192.2380764103332,-158.64285714285714,10765.9,438.46207322317,-153.56666666666666,-1268.0,-2221.0,0,211.84102305172513,192.2380764103332,2,0,40,10,4,2023,0,10974.0
2023-10-03,99.0,156.0,139.0,10818,287.0,False,False,False,10974.0,-148.0,2.064748201438849,0.8910256410256411,80.0,0.7343491830365423,10894.0,-151.0,10724.0,11146.0,-254.0,10984.0,11156.0,-199.0,10744.0,11004.0,-130.0,10678.0,11060.57142857143,213.06482358099723,-173.85714285714286,11154.214285714286,194.22397006913866,-159.92857142857142,10802.666666666666,405.8675963255927,-154.56666666666666,-1217.0,-2239.0,0,213.06482358099723,194.22397006913866,3,1,40,10,4,2023,0,11029.0
2023-10-04,25.0,66.0,94.0,10963,330.0,True,False,False,11029.0,-236.0,3.5106382978723403,1.4242424242424243,55.0,0.5011846181884438,10974.0,-148.0,10818.0,10720.0,-341.0,10598.0,11097.0,-48.0,10842.0,11190.0,-182.0,10837.0,11050.857142857143,212.6769291447913,-200.71428571428572,11142.714285714286,196.69282125698751,-163.78571428571428,10832.633333333333,387.2508305312126,-159.83333333333334,-1405.0,-2293.0,0,212.6769291447913,196.69282125698751,4,2,40,10,4,2023,0,11200.0
2023-10-05,35.0,70.0,53.0,11130,427.0,False,False,False,11200.0,-374.0,8.056603773584905,0.7571428571428571,171.0,1.5504578837610028,11029.0,-236.0,10963.0,10894.0,-151.0,10724.0,11272.0,-155.0,10978.0,11052.0,-141.0,10799.0,11040.57142857143,201.65470251794622,-232.0,11153.285714285714,195.41530865597505,-180.42857142857142,10863.2,378.4617140022284,-168.83333333333334,-1624.0,-2526.0,0,201.65470251794622,195.41530865597505,5,3,40,10,4,2023,0,10888.0
2023-10-09,43.0,73.0,64.0,10815,282.0,False,False,False,10888.0,-218.0,4.40625,0.8767123287671232,-312.0,-2.7857142857142803,11200.0,-374.0,11130.0,10974.0,-148.0,10818.0,11321.0,-120.0,11017.0,11229.0,-94.0,10892.0,10978.714285714286,164.23632798060729,-246.0,11128.92857142857,206.20582110917277,-189.28571428571428,10884.8,359.6935860730019,-167.1,-1722.0,-2650.0,0,164.23632798060729,206.20582110917277,9,0,41,10,4,2023,0,10970.0
2023-10-10,41.0,60.0,71.0,10910,257.0,True,False,False,10970.0,-186.0,3.619718309859155,1.1833333333333333,82.0,0.7531227038942045,10888.0,-218.0,10815.0,11029.0,-236.0,10963.0,11146.0,-254.0,10984.0,11382.0,-71.0,11095.0,10953.57142857143,146.9170481857063,-236.28571428571428,11099.5,196.480474661084,-197.5,10911.933333333332,332.49463914093127,-163.43333333333334,-1654.0,-2765.0,0,146.9170481857063,196.480474661084,10,1,41,10,4,2023,0,11043.0
2023-10-11,65.0,83.0,65.0,10960,266.0,False,False,False,11043.0,-201.0,4.092307692307692,0.7831325301204819,73.0,0.6654512306289773,10970.0,-186.0,10910.0,11200.0,-374.0,11130.0,10720.0,-341.0,10598.0,11374.0,-117.0,11064.0,10999.714285714286,106.49368414083067,-216.28571428571428,11075.857142857143,180.1443255335741,-203.5,10936.4,313.0340512490069,-163.73333333333332,-1514.0,-2849.0,0,106.49368414083067,180.1443255335741,11,2,41,10,4,2023,0,11072.0
2023-10-12,38.0,80.0,82.0,10992,398.0,True,False,False,11072.0,-316.0,4.853658536585366,1.025,29.0,0.2626097980621189,11043.0,-201.0,10960.0,10888.0,-218.0,10815.0,10894.0,-151.0,10724.0,11352.0,-218.0,11067.0,11025.142857142857,97.95309859209064,-239.85714285714286,11055.857142857143,161.73000156607287,-210.5,10957.066666666668,300.15225255298355,-171.86666666666667,-1679.0,-2947.0,0,97.95309859209064,161.73000156607287,12,3,41,10,4,2023,0,10653.0
2023-10-15,56.0,82.0,68.0,10571,434.0,False,False,False,10653.0,-366.0,6.382352941176471,0.8292682926829268,-419.0,-3.7843208092485536,11072.0,-316.0,10992.0,10970.0,-186.0,10910.0,10974.0,-148.0,10818.0,11156.0,-199.0,10744.0,10979.285714285714,172.58979719328818,-271.0,11019.92857142857,190.99515269141617,-222.42857142857142,10957.266666666666,299.9404461961643,-179.33333333333334,-1897.0,-3114.0,0,172.58979719328818,190.99515269141617,15,6,41,10,4,2023,1,10732.0
2023-10-16,74.0,103.0,80.0,10629,331.0,False,False,False,10732.0,-251.0,4.1375,0.7766990291262136,79.0,0.7415751431521622,10653.0,-366.0,10571.0,11043.0,-201.0,10960.0,11029.0,-236.0,10963.0,11097.0,-48.0,10842.0,10936.857142857143,193.56345089864402,-273.14285714285717,10993.857142857143,204.12584999781888,-236.92857142857142,10967.666666666666,285.7421472457815,-178.76666666666668,-1912.0,-3317.0,0,193.56345089864402,204.12584999781888,16,0,42,10,4,2023,0,10737.0
2023-10-17,68.0,107.0,102.0,10630,315.0,False,False,False,10737.0,-213.0,3.088235294117647,0.9532710280373832,5.0,0.04658963846440045,10732.0,-251.0,10629.0,11072.0,-316.0,10992.0,11200.0,-374.0,11130.0,11272.0,-155.0,10978.0,10870.714285714286,165.76862819973016,-250.14285714285714,10955.642857142857,198.03713992879923,-241.07142857142858,10982.433333333332,260.0164031076569,-182.33333333333334,-1751.0,-3375.0,0,165.76862819973016,198.03713992879923,17,1,42,10,4,2023,0,10635.0
2023-10-18,92.0,124.0,93.0,10511,393.0,False,False,False,10635.0,-300.0,4.225806451612903,0.75,-102.0,-0.9499860296172113,10737.0,-213.0,10630.0,10653.0,-366.0,10571.0,10888.0,-218.0,10815.0,11321.0,-120.0,11017.0,10834.57142857143,187.52498246260785,-261.85714285714283,10906.642857142857,185.13097531733777,-253.92857142857142,10987.866666666667,250.51185302442897,-191.63333333333333,-1833.0,-3555.0,0,187.52498246260785,185.13097531733777,18,2,42,10,4,2023,0,10481.0
2023-10-19,113.0,162.0,107.0,10319,406.0,False,False,False,10481.0,-299.0,3.794392523364486,0.6604938271604939,-154.0,-1.4480488951574944,10635.0,-300.0,10511.0,10732.0,-251.0,10629.0,10970.0,-186.0,10910.0,11146.0,-254.0,10984.0,10764.714285714286,217.37273233293806,-278.0,10859.142857142857,203.40329667651045,-257.14285714285717,10984.366666666667,256.9703435637085,-199.96666666666667,-1946.0,-3600.0,0,217.37273233293806,203.40329667651045,19,3,42,10,4,2023,0,9702.0
2023-10-22,106.0,196.0,131.0,9506,454.0,False,False,False,9702.0,-323.0,3.4656488549618323,0.6683673469387755,-779.0,-7.432496899150842,10481.0,-299.0,10319.0,10737.0,-213.0,10630.0,11043.0,-201.0,10960.0,10720.0,-341.0,10598.0,10573.142857142857,423.9746173893653,-295.42857142857144,10786.42857142857,370.3889253796994,-255.85714285714286,10952.3,343.7099970454043,-202.8,-2068.0,-3582.0,0,423.9746173893653,370.3889253796994,22,6,42,10,4,2023,1,9588.0
2023-10-23,86.0,152.0,168.0,9436,327.0,True,False,False,9588.0,-159.0,1.9464285714285714,1.105263157894737,-114.0,-1.1750154607297447,9702.0,-323.0,9506.0,10635.0,-300.0,10511.0,11072.0,-316.0,10992.0,10894.0,-151.0,10724.0,10361.142857142857,497.5886616377614,-273.0,10693.142857142857,487.24276955485993,-256.42857142857144,10919.733333333334,419.58336751930136,-202.3,-1911.0,-3590.0,0,497.5886616377614,487.24276955485993,23,0,43,10,4,2023,0,9514.0
2023-10-24,84.0,118.0,136.0,9396,300.0,True,False,False,9514.0,-164.0,2.2058823529411766,1.152542372881356,-74.0,-0.7717980809345049,9588.0,-159.0,9436.0,10481.0,-299.0,10319.0,10653.0,-366.0,10571.0,10974.0,-148.0,10818.0,10198.42857142857,567.5540670699147,-244.14285714285714,10588.857142857143,571.4698803749848,-257.57142857142856,10879.033333333333,491.22369953870566,-204.63333333333333,-1709.0,-3606.0,0,567.5540670699147,571.4698803749848,24,1,43,10,4,2023,0,9415.0
2023-10-25,59.0,64.0,117.0,9351,293.0,True,False,False,9415.0,-176.0,2.5042735042735043,1.828125,-99.0,-1.0405717889426125,9514.0,-164.0,9396.0,9702.0,-323.0,9506.0,10732.0,-251.0,10629.0,11029.0,-236.0,10963.0,10010.285714285714,579.3650876277296,-233.42857142857142,10473.57142857143,635.1048022886351,-253.28571428571428,10827.4,558.7521565182369,-205.03333333333333,-1634.0,-3546.0,0,579.3650876277296,635.1048022886351,25,2,43,10,4,2023,0,9332.0
2023-10-26,62.0,97.0,52.0,9235,390.0,False,False,False,9332.0,-338.0,7.5,0.5360824742268041,-83.0,-0.8815719596388716,9415.0,-176.0,9351.0,9588.0,-159.0,9436.0,10737.0,-213.0,10630.0,11200.0,-374.0,11130.0,9809.57142857143,526.6146146670582,-251.28571428571428,10340.142857142857,666.2118925043768,-250.71428571428572,10771.666666666666,620.5048741553626,-211.96666666666667,-1759.0,-3510.0,0,526.6146146670582,666.2118925043768,26,3,43,10,4,2023,0,9000.0
2023-10-29,91.0,75.0,97.0,8925,418.0,True,False,False,9000.0,-321.0,4.309278350515464,1.2933333333333332,-332.0,-3.557651093013292,9332.0,-338.0,9235.0,9514.0,-164.0,9396.0,10635.0,-300.0,10511.0,10888.0,-218.0,10815.0,9576.0,457.5518185589996,-254.28571428571428,10205.285714285714,734.3821504211015,-258.07142857142856,10698.666666666666,694.0558624706466,-216.6,-1780.0,-3613.0,0,457.5518185589996,734.3821504211015,29,6,43,10,4,2023,1,9077.0
2023-10-30,29.0,51.0,11.0,9026,278.0,False,False,False,9077.0,-267.0,25.272727272727273,0.21568627450980393,77.0,0.855555555555565,9000.0,-321.0,8925.0,9415.0,-176.0,9351.0,10481.0,-299.0,10319.0,10970.0,-186.0,10910.0,9375.42857142857,259.64582103498697,-249.71428571428572,10070.07142857143,756.6831939748205,-263.85714285714283,10632.833333333334,750.7382611680302,-220.8,-1748.0,-3694.0,0,259.64582103498697,756.6831939748205,30,0,44,10,4,2023,0,9125.0
2023-10-31,33.0,53.0,34.0,9072,295.0,False,False,False,9125.0,-261.0,8.676470588235293,0.6415094339622641,48.0,0.5288090778891696,9077.0,-267.0,9026.0,9332.0,-338.0,9235.0,9702.0,-323.0,9506.0,11043.0,-201.0,10960.0,9293.0,228.40023350830046,-240.85714285714286,9933.07142857143,740.4368216216476,-268.14285714285717,10562.7,790.3560153718522,-226.36666666666667,-1686.0,-3754.0,0,228.40023350830046,740.4368216216476,31,1,44,10,4,2023,0,9485.0
2023-11-01,132.0,235.0,197.0,9250,279.0,False,False,False,9485.0,-82.0,1.416243654822335,0.8382978723404255,360.0,3.945205479452052,9125.0,-261.0,9072.0,9000.0,-321.0,8925.0,9588.0,-159.0,9436.0,11072.0,-316.0,10992.0,9278.285714285714,208.69572291229198,-229.85714285714286,9819.714285714286,670.8730739258084,-251.42857142857142,10499.466666666667,798.3916476194468,-226.73333333333332,-1609.0,-3520.0,0,208.69572291229198,670.8730739258084,1,2,44,11,4,2023,0,9650.0
2023-11-02,174.0,208.0,256.0,9442,330.0,True,False,False,9650.0,-74.0,1.2890625,1.2307692307692308,165.0,1.7395888244596813,9485.0,-82.0,9250.0,9077.0,-267.0,9026.0,9514.0,-164.0,9396.0,10653.0,-366.0,10571.0,9297.714285714286,238.49927622926745,-217.0,9748.07142857143,627.1730793238448,-230.57142857142858,10442.0,795.3129941228669,-225.3,-1519.0,-3228.0,0,238.49927622926745,627.1730793238448,2,3,44,11,4,2023,0,9503.0
2023-11-05,123.0,230.0,167.0,9273,370.0,False,False,False,9503.0,-203.0,2.215568862275449,0.7260869565217392,-147.0,-1.523316062176161,9650.0,-74.0,9442.0,9125.0,-261.0,9072.0,9415.0,-176.0,9351.0,10732.0,-251.0,10629.0,9310.285714285714,247.84787961278036,-220.85714285714286,9660.285714285714,561.4236613044648,-227.14285714285714,10380.366666666667,794.0038427481575,-224.8,-1546.0,-3180.0,0,247.84787961278036,561.4236613044648,5,6,44,11,4,2023,1,9519.0
2023-11-06,123.0,233.0,159.0,9286,316.0,False,False,False,9519.0,-157.0,1.9874213836477987,0.6824034334763949,16.0,0.1683678838261704,9503.0,-203.0,9273.0,9485.0,-82.0,9250.0,9332.0,-338.0,9235.0,10737.0,-213.0,10630.0,9337.0,260.34144246862974,-195.0,9573.285714285714,468.4045635610511,-223.14285714285714,10325.8,795.1109399929938,-223.4,-1365.0,-3124.0,0,260.34144246862974,468.4045635610511,6,0,45,11,4,2023,0,9715.0
2023-11-07,141.0,232.0,188.0,9483,231.0,False,False,False,9715.0,-43.0,1.2287234042553192,0.8103448275862069,196.0,2.0590398151066225,9519.0,-157.0,9286.0,9650.0,-74.0,9442.0,9000.0,-321.0,8925.0,10635.0,-300.0,10511.0,9439.142857142857,245.95014980775608,-155.28571428571428,9507.57142857143,359.9813487231741,-204.78571428571428,10279.733333333334,788.8993613249039,-223.23333333333332,-1087.0,-2867.0,0,245.95014980775608,359.9813487231741,7,1,45,11,4,2023,0,9860.0
2023-11-08,158.0,226.0,191.0,9634,310.0,False,False,False,9860.0,-119.0,1.6230366492146597,0.8451327433628318,145.0,1.4925373134328401,9715.0,-43.0,9483.0,9503.0,-203.0,9273.0,9077.0,-267.0,9026.0,10481.0,-299.0,10319.0,9551.0,231.4224132043315,-134.14285714285714,9463.214285714286,253.24393183445343,-191.92857142857142,10232.666666666666,769.5414816330657,-222.03333333333333,-939.0,-2687.0,0,231.4224132043315,253.24393183445343,8,2,45,11,4,2023,0,9637.0
2023-11-12,96.0,160.0,233.0,9477,313.0,True,False,False,9637.0,-80.0,1.3433476394849786,1.45625,-223.0,-2.2616632860040564,9860.0,-119.0,9634.0,9519.0,-157.0,9286.0,9125.0,-261.0,9072.0,9702.0,-323.0,9506.0,9624.142857142857,135.28294863160025,-108.28571428571429,9458.57142857143,249.09118326910306,-174.57142857142858,10176.533333333333,748.549159159338,-220.7,-758.0,-2444.0,0,135.28294863160025,249.09118326910306,12,6,45,11,4,2023,1,9683.0
2023-11-13,141.0,173.0,129.0,9510,287.0,False,False,False,9683.0,-158.0,2.2248062015503876,0.7456647398843931,46.0,0.4773269689737569,9637.0,-80.0,9477.0,9715.0,-43.0,9483.0,9485.0,-82.0,9250.0,9588.0,-159.0,9436.0,9652.42857142857,121.3203158898106,-119.14285714285714,9465.357142857143,254.13128259069774,-174.5,10127.766666666666,730.6542501986316,-217.5,-834.0,-2443.0,0,121.3203158898106,254.13128259069774,13,0,46,11,4,2023,0,9846.0
2023-11-14,116.0,181.0,182.0,9665,247.0,True,False,False,9846.0,-65.0,1.3571428571428572,1.0055248618784531,163.0,1.6833625942373143,9683.0,-158.0,9510.0,9860.0,-119.0,9634.0,9650.0,-74.0,9442.0,9514.0,-164.0,9396.0,9680.42857142857,141.5907920061794,-117.85714285714286,9489.07142857143,273.75240477640244,-167.42857142857142,10098.633333333333,723.6164674425356,-208.3,-825.0,-2344.0,0,141.5907920061794,273.75240477640244,14,1,46,11,4,2023,0,9919.0
2023-11-15,150.0,157.0,201.0,9762,316.0,True,False,False,9919.0,-115.0,1.572139303482587,1.2802547770700636,73.0,0.7414178346536682,9846.0,-65.0,9665.0,9637.0,-80.0,9477.0,9503.0,-203.0,9273.0,9415.0,-176.0,9351.0,9739.857142857143,142.00989234484754,-105.28571428571429,9525.07142857143,295.5350986016355,-163.07142857142858,10066.133333333333,708.3973039402935,-207.1,-737.0,-2283.0,0,142.00989234484754,295.5350986016355,15,2,46,11,4,2023,0,9938.0
2023-11-16,80.0,176.0,125.0,9762,374.0,False,False,False,9938.0,-249.0,2.992,0.7102272727272727,19.0,0.191551567698367,9919.0,-115.0,9762.0,9683.0,-158.0,9510.0,9519.0,-157.0,9286.0,9332.0,-338.0,9235.0,9799.714285714286,120.00238092870512,-118.42857142857143,9568.357142857143,309.1471163708684,-156.71428571428572,10031.6,687.559281456685,-210.46666666666667,-829.0,-2194.0,0,120.00238092870512,309.1471163708684,16,3,46,11,4,2023,0,9761.0
2023-11-19,116.0,188.0,164.0,9573,435.0,False,False,False,9761.0,-271.0,2.652439024390244,0.8723404255319149,-177.0,-1.7810424632722865,9938.0,-249.0,9762.0,9846.0,-65.0,9665.0,9715.0,-43.0,9483.0,9000.0,-321.0,8925.0,9806.285714285714,115.77523380192969,-151.0,9622.714285714286,265.3228595130906,-153.14285714285714,9989.333333333334,662.6545016113139,-211.63333333333333,-1057.0,-2144.0,0,115.77523380192969,265.3228595130906,19,6,46,11,4,2023,1,9823.0
2023-11-20,105.0,185.0,158.0,9638,298.0,False,False,False,9823.0,-140.0,1.8860759493670887,0.8540540540540541,62.0,0.635180821637138,9761.0,-271.0,9573.0,9919.0,-115.0,9762.0,9860.0,-119.0,9634.0,9077.0,-267.0,9026.0,9801.0,113.74093370456664,-154.0,9676.0,217.98200349142815,-144.07142857142858,9943.433333333332,622.3694259030102,-203.83333333333334,-1078.0,-2017.0,0,113.74093370456664,217.98200349142815,20,0,47,11,4,2023,0,10050.0
2023-11-21,136.0,246.0,123.0,9804,250.0,False,False,False,10050.0,-127.0,2.032520325203252,0.5,227.0,2.310902982795482,9823.0,-140.0,9638.0,9938.0,-249.0,9762.0,9637.0,-80.0,9477.0,9125.0,-261.0,9072.0,9860.0,121.35347818111475,-160.71428571428572,9742.07142857143,173.84098139728084,-134.5,9915.5,596.7934287102332,-200.8,-1125.0,-1883.0,0,121.35347818111475,173.84098139728084,21,1,47,11,4,2023,0,10066.0
2023-11-23,128.0,228.0,177.0,9838,283.0,False,False,False,10066.0,-106.0,1.5988700564971752,0.7763157894736842,16.0,0.1592039800994982,10050.0,-127.0,9804.0,9761.0,-271.0,9573.0,9683.0,-158.0,9510.0,9485.0,-82.0,9250.0,9914.714285714286,114.39072556473589,-153.28571428571428,9783.57142857143,177.07048326567283,-136.21428571428572,9885.366666666667,563.6136169357466,-198.13333333333333,-1073.0,-1907.0,0,114.39072556473589,177.07048326567283,23,3,47,11,4,2023,0,10041.0
2023-11-26,90.0,196.0,205.0,9845,312.0,True,False,False,10041.0,-107.0,1.5219512195121951,1.0459183673469388,-25.0,-0.24836081859725967,10066.0,-106.0,9838.0,9823.0,-140.0,9638.0,9846.0,-65.0,9665.0,9650.0,-74.0,9442.0,9942.57142857143,118.53671321975126,-159.28571428571428,9811.5,185.03835361263668,-138.57142857142858,9851.966666666667,520.7020779898818,-195.0,-1115.0,-1940.0,0,118.53671321975126,185.03835361263668,26,6,47,11,4,2023,1,10205.0
2023-11-27,56.0,82.0,68.0,10123,214.0,False,False,False,10205.0,-146.0,3.1470588235294117,0.8292682926829268,164.0,1.6333034558311033,10041.0,-107.0,9845.0,10050.0,-127.0,9804.0,9919.0,-115.0,9762.0,9503.0,-203.0,9273.0,9983.42857142857,153.2610595713807,-163.71428571428572,9861.642857142857,190.05651270598668,-134.5,9823.066666666668,472.48002572874566,-189.33333333333334,-1146.0,-1883.0,0,153.2610595713807,190.05651270598668,27,0,48,11,4,2023,0,10326.0
2023-11-28,74.0,103.0,80.0,10223,223.0,False,False,False,10326.0,-143.0,2.7875,0.7766990291262136,121.0,1.185693287604117,10205.0,-146.0,10123.0,10066.0,-106.0,9838.0,9938.0,-249.0,9762.0,9519.0,-157.0,9286.0,10038.857142857143,197.78728352399307,-148.57142857142858,9919.285714285714,200.2469354692302,-133.5,9812.166666666666,456.1636188106514,-181.9,-1040.0,-1869.0,0,197.78728352399307,200.2469354692302,28,1,48,11,4,2023,0,10505.0
2023-11-29,68.0,107.0,102.0,10398,284.0,False,False,False,10505.0,-182.0,2.784313725490196,0.9532710280373832,179.0,1.73348828200659,10326.0,-143.0,10223.0,10041.0,-107.0,9845.0,9761.0,-271.0,9573.0,9715.0,-43.0,9483.0,10145.142857142857,222.00857984276684,-135.85714285714286,9975.714285714286,244.6402157553374,-143.42857142857142,9804.6,442.0438112161229,-179.6,-951.0,-2008.0,0,222.00857984276684,244.6402157553374,29,2,48,11,4,2023,0,10660.0
2023-11-30,92.0,124.0,93.0,10536,320.0,False,False,False,10660.0,-227.0,3.4408602150537635,0.75,155.0,1.47548786292242,10505.0,-182.0,10398.0,10205.0,-146.0,10123.0,9823.0,-140.0,9638.0,9860.0,-119.0,9634.0,10264.714285714286,243.9082575380193,-148.28571428571428,10032.857142857143,302.19424653250013,-151.14285714285714,9802.033333333333,436.6337124530895,-180.06666666666666,-1038.0,-2116.0,0,243.9082575380193,302.19424653250013,30,3,48,11,4,2023,0,10814.0
2023-12-03,132.0,235.0,197.0,10579,417.0,False,False,False,10814.0,-220.0,2.116751269035533,0.8382978723404255,154.0,1.4446529080675452,10660.0,-227.0,10536.0,10326.0,-143.0,10223.0,10050.0,-127.0,9804.0,9637.0,-80.0,9477.0,10373.857142857143,296.97779298089927,-161.57142857142858,10116.92857142857,344.373112567348,-161.14285714285714,9808.0,449.44394763858827,-177.4,-1131.0,-2256.0,0,296.97779298089927,344.373112567348,3,6,48,12,4,2023,1,10843.0
2023-12-04,174.0,208.0,256.0,10635,273.0,True,False,False,10843.0,-17.0,1.06640625,1.2307692307692308,29.0,0.2681708895875712,10814.0,-220.0,10579.0,10505.0,-182.0,10398.0,10066.0,-106.0,9838.0,9683.0,-158.0,9510.0,10484.857142857143,307.74633957824364,-148.85714285714286,10199.785714285714,370.49637776103623,-151.07142857142858,9820.066666666668,472.4084974952713,-168.0,-1042.0,-2115.0,0,307.74633957824364,370.49637776103623,4,0,49,12,4,2023,0,10991.0
2023-12-05,123.0,230.0,167.0,10761,261.0,False,False,False,10991.0,-94.0,1.562874251497006,0.7260869565217392,148.0,1.364935903347786,10843.0,-17.0,10635.0,10660.0,-227.0,10536.0,10041.0,-107.0,9845.0,9846.0,-65.0,9665.0,10620.57142857143,288.2388229361538,-147.0,10281.57142857143,410.5989460598708,-153.14285714285714,9863.033333333333,517.7432783714756,-160.36666666666667,-1029.0,-2144.0,0,288.2388229361538,410.5989460598708,5,1,49,12,4,2023,0,11065.0
2023-12-06,123.0,233.0,159.0,10832,376.0,False,False,False,11065.0,-217.0,2.3647798742138364,0.6824034334763949,74.0,0.6732781366572738,10991.0,-94.0,10761.0,10814.0,-220.0,10579.0,10205.0,-146.0,10123.0,9919.0,-115.0,9762.0,10743.42857142857,263.8338221576001,-157.14285714285714,10363.42857142857,445.5060587148395,-160.42857142857142,9912.266666666666,559.2497396193945,-162.3,-1100.0,-2246.0,0,263.8338221576001,445.5060587148395,6,2,49,12,4,2023,0,11129.0
2023-12-07,141.0,232.0,188.0,10897,466.0,False,False,False,11129.0,-278.0,2.478723404255319,0.8103448275862069,64.0,0.5784003615002309,11065.0,-217.0,10832.0,10843.0,-17.0,10635.0,10326.0,-143.0,10223.0,9938.0,-249.0,9762.0,10858.142857142857,223.58922795418246,-176.42857142857142,10448.5,471.0033071907208,-162.5,9966.1,596.1060626524672,-166.1,-1235.0,-2275.0,0,223.58922795418246,471.0033071907208,7,3,49,12,4,2023,0,11097.0
2023-12-10,158.0,226.0,191.0,10871,411.0,False,False,False,11097.0,-220.0,2.1518324607329844,0.8451327433628318,-32.0,-0.2875370653248277,11129.0,-278.0,10897.0,10991.0,-94.0,10761.0,10505.0,-182.0,10398.0,9761.0,-271.0,9573.0,10942.714285714286,174.27441415359138,-181.85714285714286,10543.92857142857,456.1019562613988,-158.85714285714286,10022.166666666666,621.0627756228516,-167.56666666666666,-1273.0,-2224.0,0,174.27441415359138,456.1019562613988,10,6,49,12,4,2023,1,11158.0
2023-12-11,96.0,160.0,233.0,10998,304.0,True,False,False,11158.0,-71.0,1.3047210300429184,1.45625,61.0,0.5496981166080994,11097.0,-220.0,10871.0,11065.0,-217.0,10832.0,10660.0,-227.0,10536.0,9823.0,-140.0,9638.0,11013.857142857143,137.36863855025416,-159.57142857142858,10639.285714285714,432.7391163936104,-153.92857142857142,10083.033333333333,640.2718971646682,-158.66666666666666,-1117.0,-2155.0,0,137.36863855025416,432.7391163936104,11,0,50,12,4,2023,0,11250.0
2023-12-12,141.0,173.0,129.0,11077,259.0,False,False,False,11250.0,-130.0,2.007751937984496,0.7456647398843931,92.0,0.8245205233912811,11158.0,-71.0,10998.0,11129.0,-278.0,10897.0,10814.0,-220.0,10579.0,10050.0,-127.0,9804.0,11076.142857142857,130.31043520692515,-146.71428571428572,10725.0,425.8275201569951,-154.14285714285714,10158.033333333333,640.8129257022827,-152.3,-1027.0,-2158.0,0,130.31043520692515,425.8275201569951,12,1,50,12,4,2023,0,11373.0
2023-12-13,116.0,181.0,182.0,11192,335.0,True,False,False,11373.0,-153.0,1.8406593406593406,1.0055248618784531,123.0,1.093333333333324,11250.0,-130.0,11077.0,11097.0,-220.0,10871.0,10843.0,-17.0,10635.0,10066.0,-106.0,9838.0,11151.857142857143,126.17769027771736,-166.14285714285714,10818.357142857143,413.3245339072539,-157.5,10234.566666666668,644.3490531527485,-148.5,-1163.0,-2205.0,0,126.17769027771736,413.3245339072539,13,2,50,12,4,2023,0,11399.0
2023-12-14,150.0,157.0,201.0,11242,396.0,True,False,False,11399.0,-195.0,1.9701492537313432,1.2802547770700636,26.0,0.2286116240218128,11373.0,-153.0,11192.0,11158.0,-71.0,10998.0,10991.0,-94.0,10761.0,10041.0,-107.0,9845.0,11210.142857142857,133.5095858873831,-180.57142857142858,10915.357142857143,374.37324179994704,-163.78571428571428,10310.366666666667,643.0740550122343,-146.3,-1264.0,-2293.0,0,133.5095858873831,374.37324179994704,14,3,50,12,4,2023,0,11268.0
2023-12-17,80.0,176.0,125.0,11092,456.0,False,False,False,11268.0,-331.0,3.648,0.7102272727272727,-131.0,-1.149223616106676,11399.0,-195.0,11242.0,11250.0,-130.0,11077.0,11065.0,-217.0,10832.0,10205.0,-146.0,10123.0,11239.142857142857,117.85786435570472,-196.85714285714286,10991.285714285714,323.568665538952,-177.0,10369.8,646.5463900469571,-154.6,-1378.0,-2478.0,0,117.85786435570472,323.568665538952,17,6,50,12,4,2023,1,11337.0
2023-12-18,116.0,188.0,164.0,11149,364.0,False,False,False,11337.0,-200.0,2.2195121951219514,0.8723404255319149,69.0,0.6123535676251235,11268.0,-331.0,11092.0,11373.0,-153.0,11192.0,11129.0,-278.0,10897.0,10326.0,-143.0,10223.0,11268.857142857143,111.50998247012784,-185.71428571428572,11063.5,272.44780728110845,-181.07142857142858,10426.033333333333,655.0899639893239,-158.8,-1300.0,-2535.0,0,111.50998247012784,272.44780728110845,18,0,51,12,4,2023,0,11476.0
2023-12-19,105.0,185.0,158.0,11291,272.0,False,False,False,11476.0,-114.0,1.7215189873417722,0.8540540540540541,139.0,1.2260739172620605,11337.0,-200.0,11149.0,11399.0,-195.0,11242.0,11097.0,-220.0,10871.0,10505.0,-182.0,10398.0,11323.0,106.03458555276269,-170.57142857142858,11132.857142857143,241.12711526135226,-176.21428571428572,10491.8,658.2585384545114,-155.83333333333334,-1194.0,-2467.0,0,106.03458555276269,241.12711526135226,19,1,51,12,4,2023,0,11762.0
2023-12-20,136.0,246.0,123.0,11516,390.0,False,False,False,11762.0,-267.0,3.1707317073170733,0.5,286.0,2.492157546183349,11476.0,-114.0,11291.0,11268.0,-331.0,11092.0,11158.0,-71.0,10998.0,10660.0,-227.0,10536.0,11409.285714285714,173.60848124996312,-198.57142857142858,11211.57142857143,254.39724063741556,-179.07142857142858,10566.566666666668,671.2107271415429,-159.5,-1390.0,-2507.0,0,173.60848124996312,254.39724063741556,20,2,51,12,4,2023,0,11603.0
2023-12-21,128.0,228.0,177.0,11375,497.0,False,False,False,11603.0,-320.0,2.8079096045197742,0.7763157894736842,-159.0,-1.3518109165107983,11762.0,-267.0,11516.0,11337.0,-200.0,11149.0,11250.0,-130.0,11077.0,10814.0,-220.0,10579.0,11459.714285714286,170.87589481429532,-225.71428571428572,11267.92857142857,246.8292665247809,-186.21428571428572,10629.5,677.0983094718587,-168.73333333333332,-1580.0,-2607.0,0,170.87589481429532,246.8292665247809,21,3,51,12,4,2023,0,11340.0
2023-12-25,90.0,196.0,205.0,11144,347.0,True,False,False,11340.0,-142.0,1.6926829268292682,1.0459183673469388,-263.0,-2.266655175385679,11603.0,-320.0,11375.0,11476.0,-114.0,11291.0,11373.0,-153.0,11192.0,10843.0,-17.0,10635.0,11455.0,174.0919297383271,-224.14285714285714,11303.42857142857,214.6566898688896,-195.14285714285714,10678.833333333334,673.0032578356995,-169.5,-1569.0,-2732.0,0,174.0919297383271,214.6566898688896,25,0,52,12,4,2023,0,11299.0
2023-12-26,56.0,82.0,68.0,11217,288.0,False,False,False,11299.0,-220.0,4.235294117647059,0.8292682926829268,-41.0,-0.36155202821869237,11340.0,-142.0,11144.0,11762.0,-267.0,11516.0,11399.0,-195.0,11242.0,10991.0,-94.0,10761.0,11440.714285714286,183.3118602143695,-227.71428571428572,11325.42857142857,195.0620076108127,-204.14285714285714,10734.233333333334,652.3745319101993,-174.16666666666666,-1594.0,-2858.0,0,183.3118602143695,195.0620076108127,26,1,52,12,4,2023,0,11309.0
2023-12-27,74.0,103.0,80.0,11206,335.0,False,False,False,11309.0,-255.0,4.1875,0.7766990291262136,10.0,0.08850340738117968,11299.0,-220.0,11217.0,11603.0,-320.0,11375.0,11268.0,-331.0,11092.0,11065.0,-217.0,10832.0,11446.57142857143,177.43436076748748,-216.85714285714286,11342.857142857143,180.34874640441532,-206.85714285714286,10788.433333333332,629.1570542007527,-177.4,-1518.0,-2896.0,0,177.43436076748748,180.34874640441532,27,2,52,12,4,2023,0,11337.0
2023-12-28,68.0,107.0,102.0,11230,357.0,False,False,False,11337.0,-255.0,3.5,0.9532710280373832,28.0,0.2475904147139385,11309.0,-255.0,11206.0,11340.0,-142.0,11144.0,11337.0,-200.0,11149.0,11129.0,-278.0,10897.0,11446.57142857143,177.43436076748748,-224.71428571428572,11357.714285714286,169.62466646246094,-205.21428571428572,10838.133333333333,610.7644014044882,-183.73333333333332,-1573.0,-2873.0,0,177.43436076748748,169.62466646246094,28,3,52,12,4,2023,0,10994.0
2024-01-01,92.0,124.0,93.0,10870,290.0,False,False,False,10994.0,-197.0,3.118279569892473,0.75,-343.0,-3.0254917526682523,11337.0,-255.0,11230.0,11299.0,-220.0,11217.0,11476.0,-114.0,11291.0,11097.0,-220.0,10871.0,11377.714285714286,244.8344435775295,-236.57142857142858,11350.357142857143,183.47106547928922,-203.57142857142858,10873.966666666667,586.0130917293191,-186.46666666666667,-1656.0,-2850.0,0,244.8344435775295,183.47106547928922,1,0,1,1,1,2024,0,10932.0
2024-01-02,113.0,162.0,107.0,10770,316.0,False,False,False,10932.0,-209.0,2.953271028037383,0.6604938271604939,-62.0,-0.5639439694378745,10994.0,-197.0,10870.0,11309.0,-255.0,11206.0,11762.0,-267.0,11516.0,11158.0,-71.0,10998.0,11259.142857142857,228.12089526642472,-228.28571428571428,11334.214285714286,209.75706775339287,-213.42857142857142,10907.1,558.7340586324201,-185.13333333333333,-1598.0,-2988.0,0,228.12089526642472,209.75706775339287,2,1,1,1,1,2024,0,10914.0
2024-01-03,106.0,196.0,131.0,10718,263.0,False,False,False,10914.0,-132.0,2.0076335877862594,0.6683673469387755,-18.0,-0.16465422612513825,10932.0,-209.0,10770.0,11337.0,-255.0,11230.0,11603.0,-320.0,11375.0,11250.0,-130.0,11077.0,11160.714285714286,202.19768733077967,-201.42857142857142,11310.214285714286,237.51896396231717,-213.57142857142858,10945.533333333333,515.1336440811864,-180.5,-1410.0,-2990.0,0,202.19768733077967,237.51896396231717,3,2,1,1,1,2024,0,10710.0
2024-01-04,86.0,152.0,168.0,10558,362.0,True,False,False,10710.0,-194.0,2.1547619047619047,1.105263157894737,-204.0,-1.869158878504673,10914.0,-132.0,10718.0,10994.0,-197.0,10870.0,11340.0,-142.0,11144.0,11373.0,-153.0,11192.0,11070.714285714286,244.81402076252658,-208.85714285714286,11262.857142857143,285.3224510950304,-216.5,10975.1,472.1442904817102,-182.3,-1462.0,-3031.0,0,244.81402076252658,285.3224510950304,4,3,1,1,1,2024,0,9788.0
2024-01-07,84.0,118.0,136.0,9670,367.0,True,False,False,9788.0,-231.0,2.698529411764706,1.152542372881356,-922.0,-8.608776844070965,10710.0,-194.0,10558.0,10932.0,-209.0,10770.0,11299.0,-220.0,11217.0,11399.0,-195.0,11242.0,10854.857142857143,520.6862230337483,-210.42857142857142,11147.785714285714,482.74888815093624,-219.07142857142858,10966.366666666667,491.8576667775047,-185.76666666666668,-1473.0,-3067.0,0,520.6862230337483,482.74888815093624,7,6,1,1,1,2024,1,9734.0
2024-01-08,59.0,64.0,117.0,9670,367.0,True,False,False,9734.0,-250.0,3.1367521367521367,1.828125,-54.0,-0.5516959542296695,9788.0,-231.0,9670.0,10914.0,-132.0,10718.0,11309.0,-255.0,11206.0,11268.0,-331.0,11092.0,10629.857142857143,622.1447925179054,-209.71428571428572,11038.214285714286,610.5395065112217,-213.28571428571428,10955.3,515.9587092541099,-190.56666666666666,-1468.0,-2986.0,0,622.1447925179054,610.5395065112217,8,0,2,1,1,2024,0,9408.0
2024-01-09,62.0,97.0,52.0,9311,286.0,False,False,False,9408.0,-234.0,5.5,0.5360824742268041,-326.0,-3.3490856790630796,9734.0,-250.0,9670.0,10710.0,-194.0,10558.0,11337.0,-255.0,11230.0,11337.0,-200.0,11149.0,10354.285714285714,681.1377037197201,-206.71428571428572,10900.42857142857,741.5367322491203,-215.71428571428572,10934.2,565.2288154306166,-194.8,-1447.0,-3020.0,0,681.1377037197201,741.5367322491203,9,1,2,1,1,2024,0,9219.0
2024-01-10,91.0,75.0,97.0,9144,349.0,True,False,False,9219.0,-252.0,3.597938144329897,1.2933333333333332,-189.0,-2.00892857142857,9408.0,-234.0,9311.0,9788.0,-231.0,9670.0,10994.0,-197.0,10870.0,11476.0,-114.0,11291.0,10100.714285714286,731.8061478938515,-214.57142857142858,10739.214285714286,844.9149414241278,-225.57142857142858,10901.333333333334,633.6211384782165,-198.33333333333334,-1502.0,-3158.0,0,731.8061478938515,844.9149414241278,10,2,2,1,1,2024,0,8880.0
2024-01-11,29.0,51.0,11.0,8829,476.0,False,False,False,8880.0,-465.0,43.27272727272727,0.21568627450980393,-339.0,-3.6771884152294154,9219.0,-252.0,9144.0,9734.0,-250.0,9670.0,10932.0,-209.0,10770.0,11762.0,-267.0,11516.0,9807.57142857143,753.9694638252598,-251.14285714285714,10533.357142857143,923.9448540938868,-239.71428571428572,10853.133333333333,727.0127700502146,-209.06666666666666,-1758.0,-3356.0,0,753.9694638252598,923.9448540938868,11,3,2,1,1,2024,0,8086.0
2024-01-15,33.0,53.0,34.0,8033,234.0,False,False,False,8086.0,-200.0,6.882352941176471,0.6415094339622641,-794.0,-8.941441441441444,8880.0,-465.0,8829.0,9408.0,-234.0,9311.0,10914.0,-132.0,10718.0,11603.0,-320.0,11375.0,9403.57142857143,817.3057072158582,-260.85714285714283,10282.142857142857,1076.3064946053478,-231.14285714285714,10772.5,884.1254689395505,-209.66666666666666,-1826.0,-3236.0,0,817.3057072158582,1076.3064946053478,15,0,3,1,1,2024,0,8182.0
2024-01-16,32.0,49.0,39.0,8133,188.0,False,False,False,8182.0,-149.0,4.82051282051282,0.7959183673469388,96.0,1.187237200098945,8086.0,-200.0,8033.0,9219.0,-252.0,9144.0,10710.0,-194.0,10558.0,11340.0,-142.0,11144.0,9042.42857142857,692.873691505851,-254.42857142857142,10056.57142857143,1164.8323559990938,-231.64285714285714,10689.9,1002.7893631748123,-207.06666666666666,-1781.0,-3243.0,0,692.873691505851,1164.8323559990938,16,1,3,1,1,2024,0,8248.0
2024-01-17,80.0,176.0,125.0,8072,353.0,False,False,False,8248.0,-228.0,2.824,0.7102272727272727,66.0,0.8066487411390932,8182.0,-149.0,8133.0,8880.0,-465.0,8829.0,9788.0,-231.0,9670.0,11299.0,-220.0,11217.0,8822.42857142857,660.4144802427315,-254.0,9838.642857142857,1199.3988627091965,-232.21428571428572,10604.366666666667,1096.8608022626313,-207.33333333333334,-1778.0,-3251.0,0,660.4144802427315,1199.3988627091965,17,2,3,1,1,2024,0,8230.0
2024-01-18,116.0,188.0,164.0,8042,359.0,False,False,False,8230.0,-195.0,2.1890243902439024,0.8723404255319149,-18.0,-0.21823472356935492,8248.0,-228.0,8072.0,8086.0,-200.0,8033.0,9734.0,-250.0,9670.0,11309.0,-255.0,11206.0,8607.57142857143,549.8102270004404,-246.14285714285714,9618.714285714286,1191.3105536193393,-227.92857142857142,10517.266666666666,1178.0036278069904,-213.26666666666668,-1723.0,-3191.0,0,549.8102270004404,1191.3105536193393,18,3,3,1,1,2024,0,8159.0
2024-01-21,105.0,185.0,158.0,7974,371.0,False,False,False,8159.0,-213.0,2.348101265822785,0.8540540540540541,-71.0,-0.8626974483596617,8230.0,-195.0,8042.0,8182.0,-149.0,8133.0,9408.0,-234.0,9311.0,11337.0,-255.0,11230.0,8429.142857142857,438.06788993313035,-243.14285714285714,9391.714285714286,1140.4022521475822,-224.92857142857142,10422.866666666667,1250.003330570273,-217.23333333333332,-1702.0,-3149.0,0,438.06788993313035,1140.4022521475822,21,6,3,1,1,2024,1,8254.0
2024-01-22,136.0,246.0,123.0,8008,222.0,False,False,False,8254.0,-99.0,1.8048780487804879,0.5,95.0,1.164358377252106,8159.0,-213.0,7974.0,8248.0,-228.0,8072.0,9219.0,-252.0,9144.0,10994.0,-197.0,10870.0,8291.285714285714,266.2046294899718,-221.28571428571428,9196.0,1077.6592154365708,-217.92857142857142,10329.166666666666,1304.3825090383,-213.3,-1549.0,-3051.0,0,266.2046294899718,1077.6592154365708,22,0,4,1,1,2024,0,8361.0
2024-01-23,128.0,228.0,177.0,8133,202.0,False,False,False,8361.0,-25.0,1.1412429378531073,0.7763157894736842,107.0,1.296341167918591,8254.0,-99.0,8008.0,8230.0,-195.0,8042.0,8880.0,-465.0,8829.0,10932.0,-209.0,10770.0,8217.142857142857,86.58796793125593,-158.42857142857142,9012.357142857143,973.0572445128196,-204.78571428571428,10236.9,1343.1762497643515,-204.86666666666667,-1109.0,-2867.0,0,86.58796793125593,973.0572445128196,23,1,4,1,1,2024,0,8408.0
2024-01-24,90.0,196.0,205.0,8212,243.0,True,False,False,8408.0,-38.0,1.1853658536585365,1.0459183673469388,47.0,0.5621337160626627,8361.0,-25.0,8133.0,8159.0,-213.0,7974.0,8086.0,-200.0,8033.0,10914.0,-132.0,10718.0,8263.142857142857,90.73850445353617,-135.28571428571428,8833.357142857143,813.792319674018,-198.07142857142858,10147.266666666666,1373.1869534755256,-198.8,-947.0,-2773.0,0,90.73850445353617,813.792319674018,24,2,4,1,1,2024,0,8369.0
2024-01-25,102.0,189.0,155.0,8180,293.0,False,False,False,8369.0,-138.0,1.8903225806451613,0.8201058201058201,-39.0,-0.4638439581351128,8408.0,-38.0,8212.0,8254.0,-99.0,8008.0,8182.0,-149.0,8133.0,10710.0,-194.0,10558.0,8289.857142857143,90.39437403473288,-133.71428571428572,8666.142857142857,614.675881713622,-194.07142857142858,10054.3,1396.609148542675,-201.03333333333333,-936.0,-2717.0,0,90.39437403473288,614.675881713622,25,3,4,1,1,2024,0,8261.0
2024-01-28,120.0,257.0,126.0,8004,307.0,False,False,False,8261.0,-181.0,2.4365079365079363,0.490272373540856,-108.0,-1.2904767594694722,8369.0,-138.0,8180.0,8361.0,-25.0,8133.0,8248.0,-228.0,8072.0,9788.0,-231.0,9670.0,8291.714285714286,89.52041533579423,-127.0,8557.07142857143,529.9324288254662,-190.5,9954.666666666666,1414.8646659622602,-202.73333333333332,-889.0,-2667.0,0,89.52041533579423,529.9324288254662,28,6,4,1,1,2024,1,8329.0
2024-01-29,137.0,272.0,166.0,8057,195.0,False,False,False,8329.0,-29.0,1.1746987951807228,0.6102941176470589,68.0,0.8231448977121358,8261.0,-181.0,8004.0,8408.0,-38.0,8212.0,8230.0,-195.0,8042.0,9734.0,-250.0,9670.0,8305.857142857143,85.89223591492177,-103.28571428571429,8456.714285714286,409.18519947880077,-174.71428571428572,9853.2,1418.7862321060863,-198.6,-723.0,-2446.0,0,85.89223591492177,409.18519947880077,29,0,5,1,1,2024,0,8380.0
2024-01-30,93.0,198.0,208.0,8182,187.0,True,False,False,8380.0,21.0,0.8990384615384616,1.0505050505050506,51.0,0.6123184055708997,8329.0,-29.0,8057.0,8369.0,-138.0,8180.0,8159.0,-213.0,7974.0,9408.0,-234.0,9311.0,8337.42857142857,59.466677343485316,-69.85714285714286,8383.285714285714,304.0848638054561,-156.5,9752.566666666668,1412.4164347165688,-191.4,-489.0,-2191.0,0,59.466677343485316,304.0848638054561,30,1,5,1,1,2024,0,8630.0
2024-01-31,203.0,477.0,258.0,8153,266.0,False,False,False,8630.0,-8.0,1.0310077519379846,0.5408805031446541,250.0,2.9832935560859086,8380.0,21.0,8182.0,8261.0,-181.0,8004.0,8254.0,-99.0,8008.0,9219.0,-252.0,9144.0,8391.142857142857,115.22359216091449,-56.857142857142854,8341.214285714286,203.7623723742505,-139.07142857142858,9664.633333333333,1396.847867295436,-180.63333333333333,-398.0,-1947.0,0,115.22359216091449,203.7623723742505,31,2,5,1,1,2024,0,8485.0
2024-02-01,222.0,459.0,289.0,8026,337.0,False,False,False,8485.0,-48.0,1.166089965397924,0.6296296296296297,-145.0,-1.6801853997682525,8630.0,-8.0,8153.0,8329.0,-29.0,8057.0,8361.0,-25.0,8133.0,8880.0,-465.0,8829.0,8408.857142857143,119.27758740489108,-60.142857142857146,8313.0,141.1458601806379,-109.28571428571429,9569.566666666668,1376.0003178461243,-175.56666666666666,-421.0,-1530.0,0,119.27758740489108,141.1458601806379,1,3,5,2,1,2024,0,8344.0
2024-02-04,253.0,531.0,248.0,7813,342.0,False,False,False,8344.0,-94.0,1.3790322580645162,0.4670433145009416,-141.0,-1.6617560400707165,8485.0,-48.0,8026.0,8380.0,21.0,8182.0,8408.0,-38.0,8212.0,8086.0,-200.0,8033.0,8399.714285714286,121.78083358459986,-68.14285714285714,8331.42857142857,125.16617525733442,-101.71428571428571,9465.166666666666,1344.8301285711273,-174.9,-477.0,-1424.0,0,121.78083358459986,125.16617525733442,4,6,5,2,1,2024,1,8338.0
2024-02-05,157.0,466.0,345.0,7872,242.0,False,False,False,8338.0,103.0,0.7014492753623188,0.740343347639485,-6.0,-0.07190795781399917,8344.0,-94.0,7813.0,8630.0,-8.0,8153.0,8369.0,-138.0,8180.0,8182.0,-149.0,8133.0,8395.285714285714,123.63348290502329,-33.714285714285715,8342.57142857143,117.55241991788058,-83.71428571428571,9351.033333333333,1287.24167768978,-162.56666666666666,-236.0,-1172.0,0,123.63348290502329,117.55241991788058,5,0,6,2,1,2024,0,8500.0
2024-02-06,291.0,455.0,323.0,8045,178.0,False,False,False,8500.0,145.0,0.5510835913312694,0.7098901098901099,162.0,1.9429119692971897,8338.0,103.0,7872.0,8485.0,-48.0,8026.0,8261.0,-181.0,8004.0,8248.0,-228.0,8072.0,8429.42857142857,112.90387820741242,12.857142857142858,8360.57142857143,121.19451262366695,-57.07142857142857,9247.6,1223.1205596539803,-147.06666666666666,90.0,-799.0,1,112.90387820741242,121.19451262366695,6,1,6,2,1,2024,0,8613.0
2024-02-07,227.0,453.0,330.0,8160,222.0,False,False,False,8613.0,108.0,0.6727272727272727,0.7284768211920529,113.0,1.32941176470589,8500.0,145.0,8045.0,8344.0,-94.0,7813.0,8329.0,-29.0,8057.0,8230.0,-195.0,8042.0,8470.0,121.50034293499634,32.42857142857143,8387.92857142857,132.18254527245085,-35.42857142857143,9156.7,1162.0639827479338,-138.73333333333332,227.0,-496.0,1,121.50034293499634,132.18254527245085,7,2,6,2,1,2024,0,8687.0
2024-02-08,298.0,499.0,358.0,8188,315.0,False,False,False,8687.0,43.0,0.8798882681564246,0.717434869739479,74.0,0.8591663764077495,8613.0,108.0,8160.0,8338.0,103.0,7872.0,8380.0,21.0,8182.0,8159.0,-213.0,7974.0,8513.857142857143,137.90023999422334,35.57142857142857,8425.642857142857,137.0741557544759,-17.142857142857142,9069.633333333333,1091.7423430819886,-129.96666666666667,249.0,-240.0,1,137.90023999422334,137.0741557544759,8,3,6,2,1,2024,0,8571.0
2024-02-11,205.0,515.0,226.0,8056,347.0,False,False,False,8571.0,-121.0,1.5353982300884956,0.4388349514563107,-116.0,-1.3353286520087493,8687.0,43.0,8188.0,8500.0,145.0,8045.0,8630.0,-8.0,8153.0,8254.0,-99.0,8008.0,8505.42857142857,131.2616434744259,19.428571428571427,8448.285714285714,132.65074360966784,-18.714285714285715,8978.366666666667,1009.4232386430544,-125.5,136.0,-262.0,1,131.2616434744259,132.65074360966784,11,6,6,2,1,2024,1,8522.0
2024-02-12,213.0,430.0,440.0,8092,234.0,True,False,False,8522.0,206.0,0.5318181818181819,1.0232558139534884,-49.0,-0.5716952514292384,8571.0,-121.0,8056.0,8613.0,108.0,8160.0,8485.0,-48.0,8026.0,8361.0,-25.0,8133.0,8510.714285714286,131.0467019624162,55.714285714285715,8459.785714285714,131.47516792230311,-2.2142857142857144,8884.533333333333,908.3919377909884,-110.13333333333334,390.0,-31.0,1,131.0467019624162,131.47516792230311,12,0,7,2,1,2024,0,8717.0
2024-02-13,227.0,369.0,349.0,8348,160.0,False,False,False,8717.0,189.0,0.4584527220630373,0.94579945799458,195.0,2.2881952593287957,8522.0,206.0,8092.0,8687.0,43.0,8188.0,8344.0,-94.0,7813.0,8408.0,-38.0,8212.0,8564.0,127.75236462255754,96.14285714285714,8481.857142857143,147.11892475802006,14.0,8808.633333333333,816.5422253301512,-97.26666666666667,673.0,196.0,1,127.75236462255754,147.11892475802006,13,1,7,2,1,2024,0,8834.0
2024-02-14,185.0,322.0,272.0,8512,230.0,False,False,False,8834.0,42.0,0.8455882352941176,0.84472049689441,117.0,1.3422048870024073,8717.0,189.0,8348.0,8571.0,-121.0,8056.0,8338.0,103.0,7872.0,8369.0,-138.0,8180.0,8634.857142857143,118.74542597702215,87.42857142857143,8515.07142857143,170.3378833538572,26.857142857142858,8738.7,711.4999285142978,-88.9,612.0,376.0,1,118.74542597702215,170.3378833538572,14,2,7,2,1,2024,0,8971.0
2024-02-15,333.0,508.0,272.0,8463,312.0,False,False,False,8971.0,-40.0,1.1470588235294117,0.5354330708661418,137.0,1.5508263527280963,8834.0,42.0,8512.0,8522.0,206.0,8092.0,8500.0,145.0,8045.0,8261.0,-181.0,8004.0,8702.142857142857,156.90594695697297,61.0,8565.785714285714,193.0536707244836,36.92857142857143,8673.933333333332,583.5953920390257,-85.83333333333333,427.0,517.0,1,156.90594695697297,193.0536707244836,15,3,7,2,1,2024,0,8800.0
2024-02-19,249.0,420.0,371.0,8380,218.0,False,False,False,8800.0,153.0,0.5876010781671159,0.8833333333333333,-171.0,-1.9061420131535,8971.0,-40.0,8463.0,8717.0,189.0,8348.0,8613.0,108.0,8160.0,8329.0,-29.0,8057.0,8728.857142857143,155.10795012011604,67.42857142857143,8599.42857142857,189.62502037343543,49.92857142857143,8610.266666666666,440.44044830798157,-74.26666666666667,472.0,699.0,1,155.10795012011604,189.62502037343543,19,0,8,2,1,2024,0,8883.0
2024-02-20,149.0,395.0,273.0,8488,192.0,False,False,False,8883.0,81.0,0.7032967032967034,0.6911392405063291,83.0,0.9431818181818263,8800.0,153.0,8380.0,8834.0,42.0,8512.0,8687.0,43.0,8188.0,8380.0,21.0,8182.0,8756.857142857143,163.74312053884194,72.85714285714286,8635.357142857143,192.4820100056147,54.214285714285715,8580.1,384.42400710851547,-63.86666666666667,510.0,759.0,1,163.74312053884194,192.4820100056147,20,1,8,2,1,2024,0,9003.0
2024-02-21,232.0,430.0,318.0,8573,231.0,False,False,False,9003.0,87.0,0.7264150943396226,0.7395348837209302,120.0,1.3508949679162496,8883.0,81.0,8488.0,8971.0,-40.0,8463.0,8571.0,-121.0,8056.0,8630.0,-8.0,8153.0,8818.57142857143,163.42873792861678,102.57142857142857,8662.0,216.05483634408583,61.0,8555.733333333334,327.75200184382146,-52.63333333333333,718.0,854.0,1,163.42873792861678,216.05483634408583,21,2,8,2,1,2024,0,9007.0
2024-02-22,165.0,400.0,292.0,8607,293.0,False,False,False,9007.0,-1.0,1.0034246575342465,0.73,4.0,0.04442963456625648,9003.0,87.0,8573.0,8800.0,153.0,8380.0,8522.0,206.0,8092.0,8485.0,-48.0,8026.0,8887.857142857143,111.20615776024992,73.0,8699.285714285714,227.87797968726824,64.35714285714286,8542.366666666667,298.6834887247206,-44.86666666666667,511.0,901.0,1,111.20615776024992,227.87797968726824,22,3,8,2,1,2024,0,8886.0
2024-02-25,244.0,482.0,366.0,8404,329.0,False,False,False,8886.0,37.0,0.8989071038251366,0.7593360995850622,-121.0,-1.3433995781059194,9007.0,-1.0,8607.0,8883.0,81.0,8488.0,8717.0,189.0,8348.0,8344.0,-94.0,7813.0,8912.0,82.59539938754487,51.285714285714285,8738.0,208.05324762216824,73.71428571428571,8531.266666666666,278.15264146509855,-35.233333333333334,359.0,1032.0,1,82.59539938754487,208.05324762216824,25,6,8,2,1,2024,1,8842.0
2024-02-26,199.0,438.0,326.0,8404,329.0,False,False,False,8842.0,-3.0,1.00920245398773,0.7442922374429224,-44.0,-0.4951609273013746,8886.0,37.0,8404.0,9003.0,87.0,8573.0,8834.0,42.0,8512.0,8338.0,103.0,7872.0,8913.142857142857,81.38269384292278,44.857142857142854,8774.0,174.39830627258584,66.14285714285714,8530.0,276.59194393232883,-19.833333333333332,314.0,926.0,1,81.38269384292278,174.39830627258584,26,0,9,2,1,2024,0,9019.0
2024-02-27,197.0,369.0,306.0,8650,206.0,False,False,False,9019.0,100.0,0.673202614379085,0.8292682926829268,177.0,2.0018095453517404,8842.0,-3.0,8404.0,9007.0,-1.0,8607.0,8971.0,-40.0,8463.0,8500.0,145.0,8045.0,8920.0,88.75809822201037,64.85714285714286,8811.07142857143,166.66431683318385,62.92857142857143,8561.1,277.3991708711269,-9.833333333333334,454.0,881.0,1,88.75809822201037,166.66431683318385,27,1,9,2,1,2024,0,9146.0
2024-02-28,209.0,447.0,274.0,8699,257.0,False,False,False,9146.0,17.0,0.9379562043795621,0.6129753914988815,127.0,1.4081383745426335,9019.0,100.0,8650.0,8886.0,37.0,8404.0,8800.0,153.0,8380.0,8613.0,108.0,8160.0,8969.42857142857,105.54755191037727,45.42857142857143,8849.142857142857,178.40181835168073,56.42857142857143,8593.233333333334,287.61644518389164,-4.3,318.0,790.0,1,105.54755191037727,178.40181835168073,28,2,9,2,1,2024,0,9168.0
2024-02-29,262.0,444.0,354.0,8724,299.0,False,False,False,9168.0,55.0,0.844632768361582,0.7972972972972973,22.0,0.2405423135797058,9146.0,17.0,8699.0,8842.0,-3.0,8404.0,8883.0,81.0,8488.0,8687.0,43.0,8188.0,9010.142857142857,120.55348546239132,41.714285714285715,8883.5,190.66835887713577,57.285714285714285,8623.9,298.3824611190089,5.133333333333334,292.0,802.0,1,120.55348546239132,190.66835887713577,29,3,9,2,1,2024,0,9062.0
2024-03-03,236.0,468.0,347.0,8594,354.0,False,False,False,9062.0,-7.0,1.0201729106628241,0.7414529914529915,-106.0,-1.1561954624781823,9168.0,55.0,8724.0,9019.0,100.0,8650.0,9003.0,87.0,8573.0,8571.0,-121.0,8056.0,9018.57142857143,122.02439256534137,28.285714285714285,8918.57142857143,173.11477485963565,65.42857142857143,8651.633333333333,299.17305375307865,11.4,198.0,916.0,1,122.02439256534137,173.11477485963565,3,6,9,3,1,2024,1,9169.0
2024-03-04,225.0,509.0,340.0,8660,229.0,False,False,False,9169.0,111.0,0.6735294117647059,0.6679764243614931,107.0,1.1807548002648494,9062.0,-7.0,8594.0,9146.0,17.0,8699.0,9007.0,-1.0,8607.0,8522.0,206.0,8092.0,9041.714285714286,134.2171304089993,44.285714285714285,8964.785714285714,142.81196813199944,58.642857142857146,8685.3,298.6526237205372,22.2,310.0,821.0,1,134.2171304089993,142.81196813199944,4,0,10,3,1,2024,0,9272.0
2024-03-05,246.0,472.0,345.0,8800,214.0,False,False,False,9272.0,131.0,0.6202898550724638,0.7309322033898306,103.0,1.12335041989311,9169.0,111.0,8660.0,9168.0,55.0,8724.0,8886.0,37.0,8404.0,8717.0,189.0,8348.0,9096.857142857143,138.79532721648562,57.714285714285715,9004.42857142857,145.73934281426153,54.5,8719.233333333334,305.70784828940094,29.866666666666667,404.0,763.0,1,138.79532721648562,145.73934281426153,5,1,10,3,1,2024,0,9327.0
2024-03-06,230.0,457.0,277.0,8870,232.0,False,False,False,9327.0,45.0,0.8375451263537906,0.6061269146608315,55.0,0.5931837791199213,9272.0,131.0,8800.0,9062.0,-7.0,8594.0,8842.0,-3.0,8404.0,8834.0,42.0,8512.0,9166.142857142857,108.00837710010346,64.57142857142857,9039.642857142857,160.2318546754166,54.714285714285715,8751.433333333332,317.32749137381285,32.2,452.0,766.0,1,108.00837710010346,160.2318546754166,6,2,10,3,1,2024,0,9326.0
2024-03-07,181.0,424.0,328.0,8902,305.0,False,False,False,9326.0,23.0,0.9298780487804879,0.7735849056603774,-1.0,-0.010721561059290341,9327.0,45.0,8870.0,9169.0,111.0,8660.0,9019.0,100.0,8650.0,8971.0,-40.0,8463.0,9210.0,100.36101500743203,53.57142857142857,9065.0,175.86095906440784,59.214285714285715,8782.033333333333,327.176793221916,34.233333333333334,375.0,829.0,1,100.36101500743203,175.86095906440784,7,3,10,3,1,2024,0,9082.0
2024-03-10,190.0,368.0,326.0,8714,373.0,False,False,False,9082.0,-47.0,1.1441717791411044,0.8858695652173914,-244.0,-2.6163414111087246,9326.0,23.0,8902.0,9272.0,131.0,8800.0,9146.0,17.0,8699.0,8800.0,153.0,8380.0,9200.857142857143,109.64857283064921,44.42857142857143,9085.142857142857,158.46273871297257,44.92857142857143,8805.8,321.9944741440419,37.266666666666666,311.0,629.0,1,109.64857283064921,158.46273871297257,10,6,10,3,1,2024,1,9093.0
2024-03-11,178.0,336.0,290.0,8757,253.0,False,False,False,9093.0,37.0,0.8724137931034482,0.8630952380952381,11.0,0.12111869632238648,9082.0,-47.0,8714.0,9327.0,45.0,8870.0,9168.0,55.0,8724.0,8883.0,81.0,8488.0,9190.142857142857,116.8238397066206,41.857142857142854,9100.142857142857,147.40987188667677,41.785714285714285,8833.533333333333,309.0215630611708,44.53333333333333,293.0,585.0,1,116.8238397066206,147.40987188667677,11,0,11,3,1,2024,0,9137.0
2024-03-12,154.0,294.0,290.0,8843,213.0,False,False,False,9137.0,77.0,0.7344827586206897,0.9863945578231292,44.0,0.4838887055977015,9093.0,37.0,8757.0,9326.0,23.0,8902.0,9062.0,-7.0,8594.0,9003.0,87.0,8573.0,9200.857142857143,106.05569067144957,53.857142857142854,9109.714285714286,144.9469019868326,41.07142857142857,8860.466666666667,298.56619820842246,48.06666666666667,377.0,575.0,1,106.05569067144957,144.9469019868326,12,1,11,3,1,2024,0,9177.0
2024-03-13,165.0,358.0,167.0,8819,239.0,False,False,False,9177.0,-72.0,1.4311377245508983,0.4664804469273743,40.0,0.43778045310276514,9137.0,77.0,8843.0,9082.0,-47.0,8714.0,9169.0,111.0,8660.0,9007.0,-1.0,8607.0,9202.0,105.69768209373693,27.714285714285715,9121.857142857143,142.78486083437713,36.0,8887.033333333333,289.66585783517775,44.96666666666667,194.0,504.0,1,105.69768209373693,142.78486083437713,13,2,11,3,1,2024,0,8996.0
2024-03-14,166.0,301.0,252.0,8695,310.0,False,False,False,8996.0,-58.0,1.2301587301587302,0.8372093023255814,-181.0,-1.9723221096218824,9177.0,-72.0,8819.0,9093.0,37.0,8757.0,9272.0,131.0,8800.0,8886.0,37.0,8404.0,9162.57142857143,124.95713550763955,0.7142857142857143,9129.714285714286,131.37874115072626,29.214285714285715,8899.233333333334,286.153164115514,43.3,5.0,409.0,1,124.95713550763955,131.37874115072626,14,3,11,3,1,2024,0,8633.0
2024-03-17,127.0,260.0,259.0,8373,342.0,False,False,False,8633.0,-83.0,1.3204633204633205,0.9961538461538462,-363.0,-4.035126722987991,8996.0,-58.0,8695.0,9137.0,77.0,8843.0,9327.0,45.0,8870.0,8842.0,-3.0,8404.0,9063.42857142857,215.36392234450167,-17.571428571428573,9114.785714285714,172.13821752894367,23.5,8904.166666666666,279.97451649220574,42.13333333333333,-123.0,329.0,0,215.36392234450167,172.13821752894367,17,6,11,3,1,2024,1,8576.0
2024-03-18,123.0,243.0,188.0,8333,283.0,False,False,False,8576.0,-95.0,1.5053191489361701,0.7736625514403292,-57.0,-0.6602571527858259,8633.0,-83.0,8373.0,9177.0,-72.0,8819.0,9326.0,23.0,8902.0,9019.0,100.0,8650.0,8956.285714285714,247.17585796734875,-34.42857142857143,9083.142857142857,224.00338498222007,9.571428571428571,8911.9,266.86550273819756,42.1,-241.0,134.0,0,247.17585796734875,224.00338498222007,18,0,12,3,1,2024,0,8592.0
2024-03-19,99.0,202.0,256.0,8390,197.0,True,False,False,8592.0,59.0,0.76953125,1.2673267326732673,16.0,0.1865671641791078,8576.0,-95.0,8333.0,8996.0,-58.0,8695.0,9082.0,-47.0,8714.0,9146.0,17.0,8699.0,8886.285714285714,273.61025461148597,-19.285714285714285,9043.57142857143,258.34613462310926,12.571428571428571,8920.366666666667,251.62389603822996,40.63333333333333,-135.0,176.0,0,273.61025461148597,258.34613462310926,19,1,12,3,1,2024,0,8546.0
2024-03-20,91.0,181.0,174.0,8365,227.0,False,False,False,8546.0,-53.0,1.3045977011494252,0.9613259668508287,-46.0,-0.5353817504655467,8592.0,59.0,8390.0,8633.0,-83.0,8373.0,9093.0,37.0,8757.0,9168.0,55.0,8724.0,8808.142857142857,282.69384415618407,-32.142857142857146,8999.142857142857,287.1766695962893,4.857142857142857,8921.9,249.101468039225,34.03333333333333,-225.0,68.0,0,282.69384415618407,287.1766695962893,20,2,12,3,1,2024,0,8553.0
2024-03-21,132.0,261.0,141.0,8292,235.0,False,False,False,8553.0,-94.0,1.6666666666666667,0.5402298850574713,7.0,0.08190966534051825,8546.0,-53.0,8365.0,8576.0,-95.0,8333.0,9137.0,77.0,8843.0,9062.0,-7.0,8594.0,8724.714285714286,254.20576592312676,-56.57142857142857,8962.785714285714,309.92584189206366,-1.3571428571428572,8919.9,251.89233469053556,27.3,-396.0,-19.0,0,254.20576592312676,309.92584189206366,21,3,12,3,1,2024,0,8163.0
2024-03-24,124.0,264.0,221.0,7899,373.0,False,False,False,8163.0,-152.0,1.6877828054298643,0.8371212121212122,-390.0,-4.559803577692034,8553.0,-94.0,8292.0,8592.0,59.0,8390.0,9177.0,-72.0,8819.0,9169.0,111.0,8660.0,8579.857142857143,242.14281500208972,-68.0,8890.92857142857,369.35983378429796,-20.142857142857142,8902.433333333332,284.63802582774036,20.8,-476.0,-282.0,0,242.14281500208972,369.35983378429796,24,6,12,3,1,2024,1,8141.0
2024-03-25,128.0,242.0,224.0,7899,229.0,False,False,False,8141.0,-5.0,1.0223214285714286,0.9256198347107438,-22.0,-0.26950875903466454,8163.0,-152.0,7899.0,8546.0,-53.0,8365.0,8996.0,-58.0,8695.0,9272.0,131.0,8800.0,8457.714285714286,210.86624060898347,-60.42857142857143,8810.142857142857,401.85681666344675,-29.857142857142858,8888.1,311.4656509538813,24.666666666666668,-423.0,-418.0,0,210.86624060898347,401.85681666344675,25,0,13,3,1,2024,0,8195.0
2024-03-26,187.0,276.0,200.0,7919,208.0,False,False,False,8195.0,-8.0,1.04,0.7246376811594203,54.0,0.6633091757769272,8141.0,-5.0,7899.0,8553.0,-94.0,8292.0,8633.0,-83.0,8373.0,9327.0,45.0,8870.0,8395.142857142857,215.1258767725017,-49.714285714285715,8729.285714285714,403.74066858876876,-33.642857142857146,8877.2,329.89595015856395,17.533333333333335,-348.0,-471.0,0,215.1258767725017,403.74066858876876,26,1,13,3,1,2024,0,8180.0
2024-03-27,129.0,287.0,185.0,7893,215.0,False,False,False,8180.0,-30.0,1.162162162162162,0.6445993031358885,-15.0,-0.18303843807199183,8195.0,-8.0,7919.0,8163.0,-152.0,7899.0,8576.0,-95.0,8333.0,9326.0,23.0,8902.0,8338.57142857143,211.67967714043985,-40.42857142857143,8647.42857142857,389.37063898742235,-37.42857142857143,8859.3,352.6706141273368,10.233333333333333,-283.0,-524.0,0,211.67967714043985,389.37063898742235,27,2,13,3,1,2024,0,8050.0
2024-03-28,161.0,288.0,248.0,7762,360.0,False,False,False,8050.0,-112.0,1.4516129032258065,0.8611111111111112,-130.0,-1.58924205378973,8180.0,-30.0,7893.0,8141.0,-5.0,7899.0,8592.0,59.0,8390.0,9082.0,-47.0,8714.0,8261.142857142857,202.45610929401886,-64.85714285714286,8573.714285714286,398.3541965814413,-42.07142857142857,8833.166666666666,382.4042889794422,5.1,-454.0,-589.0,0,202.45610929401886,398.3541965814413,28,3,13,3,1,2024,0,7511.0
2024-03-31,105.0,254.0,151.0,7257,287.0,False,False,False,7511.0,-136.0,1.900662251655629,0.594488188976378,-539.0,-6.695652173913047,8050.0,-112.0,7762.0,8195.0,-8.0,7919.0,8546.0,-53.0,8365.0,9093.0,37.0,8757.0,8113.285714285715,309.4267356934444,-76.71428571428571,8460.714285714286,459.41910287654866,-54.42857142857143,8784.5,451.00774135108674,1.9,-537.0,-762.0,0,309.4267356934444,459.41910287654866,31,6,13,3,1,2024,1,7506.0
2024-04-01,109.0,235.0,171.0,7271,172.0,False,False,False,7506.0,-1.0,1.0058479532163742,0.7276595744680852,-5.0,-0.06656903208627218,7511.0,-136.0,7257.0,8180.0,-30.0,7893.0,8553.0,-94.0,8292.0,9137.0,77.0,8843.0,7963.714285714285,314.4612929470036,-63.42857142857143,8344.214285714286,481.0215377508595,-60.0,8741.366666666667,507.7787655196227,-3.2333333333333334,-444.0,-840.0,0,314.4612929470036,481.0215377508595,1,0,14,4,2,2024,0,7570.0
2024-04-02,101.0,230.0,175.0,7340,132.0,False,False,False,7570.0,43.0,0.7542857142857143,0.7608695652173914,64.0,0.8526512123634422,7506.0,-1.0,7271.0,8050.0,-112.0,7762.0,8163.0,-152.0,7899.0,9177.0,-72.0,8819.0,7879.0,331.25418236352897,-35.57142857142857,8229.42857142857,458.20531412249335,-51.785714285714285,8697.6,549.9816047080392,-4.5,-249.0,-725.0,0,331.25418236352897,458.20531412249335,2,1,14,4,2,2024,0,7576.0
2024-04-03,124.0,230.0,190.0,7346,163.0,False,False,False,7576.0,27.0,0.8578947368421053,0.8260869565217391,6.0,0.07926023778070945,7570.0,43.0,7340.0,7511.0,-136.0,7257.0,8141.0,-5.0,7899.0,8996.0,-58.0,8695.0,7798.285714285715,325.5603959767966,-31.0,8128.0,431.8730226493566,-45.714285714285715,8650.033333333333,583.3539461054244,-6.5,-217.0,-640.0,0,325.5603959767966,431.8730226493566,3,2,14,4,2,2024,0,7543.0
2024-04-04,95.0,226.0,152.0,7317,225.0,False,False,False,7543.0,-73.0,1.480263157894737,0.672566371681416,-33.0,-0.4355860612460405,7576.0,27.0,7346.0,7506.0,-1.0,7271.0,8195.0,-8.0,7919.0,8633.0,-83.0,8373.0,7705.142857142857,283.7242960877229,-40.285714285714285,8050.142857142857,432.08098548994576,-45.0,8601.233333333334,612.946736918339,-8.9,-282.0,-630.0,0,283.7242960877229,432.08098548994576,4,3,14,4,2,2024,0,7221.0
2024-04-07,106.0,239.0,233.0,6982,279.0,False,False,False,7221.0,-46.0,1.1974248927038627,0.9748953974895398,-322.0,-4.268858544345755,7543.0,-73.0,7317.0,7570.0,43.0,7340.0,8180.0,-30.0,7893.0,8576.0,-95.0,8333.0,7568.142857142857,245.12542950594627,-42.57142857142857,7953.357142857143,456.3087023804361,-41.5,8545.733333333334,659.8576614189778,-11.666666666666666,-298.0,-581.0,0,245.12542950594627,456.3087023804361,7,6,14,4,2,2024,1,7218.0
2024-04-08,102.0,230.0,167.0,6988,199.0,False,False,False,7218.0,-32.0,1.1916167664670658,0.7260869565217392,-3.0,-0.041545492314087884,7221.0,-46.0,6982.0,7576.0,27.0,7346.0,8050.0,-112.0,7762.0,8592.0,59.0,8390.0,7449.285714285715,159.18722131053894,-31.142857142857142,7855.214285714285,456.1432262536946,-48.0,8491.6,700.1019925696463,-12.633333333333333,-218.0,-672.0,0,159.18722131053894,456.1432262536946,8,0,15,4,2,2024,0,7274.0
2024-04-09,118.0,231.0,217.0,7043,130.0,False,False,False,7274.0,87.0,0.5990783410138248,0.9393939393939394,56.0,0.775838182321964,7218.0,-32.0,6988.0,7543.0,-73.0,7317.0,7511.0,-136.0,7257.0,8546.0,-53.0,8365.0,7415.428571428572,168.7876942027616,0.7142857142857143,7764.357142857143,434.1145908881259,-38.0,8433.433333333332,726.7556475627534,-13.066666666666666,5.0,-532.0,1,168.7876942027616,434.1145908881259,9,1,15,4,2,2024,0,7243.0
2024-04-10,117.0,244.0,142.0,6999,227.0,False,False,False,7243.0,-85.0,1.5985915492957747,0.5819672131147541,-31.0,-0.42617541930162206,7274.0,87.0,7043.0,7221.0,-46.0,6982.0,7506.0,-1.0,7271.0,8553.0,-94.0,8292.0,7377.857142857143,174.44333231876652,-11.285714285714286,7670.785714285715,389.9899759207522,-37.357142857142854,8370.0,745.2309523991756,-16.466666666666665,-79.0,-523.0,0,174.44333231876652,389.9899759207522,10,2,15,4,2,2024,0,7133.0
2024-04-11,183.0,221.0,220.0,6912,285.0,False,False,False,7133.0,-65.0,1.2954545454545454,0.995475113122172,-110.0,-1.518707717796497,7243.0,-85.0,6999.0,7218.0,-32.0,6988.0,7570.0,43.0,7340.0,8163.0,-152.0,7899.0,7315.428571428572,172.4034581467324,-26.714285714285715,7597.214285714285,387.135273231732,-31.142857142857142,8302.166666666666,762.5056283945207,-20.466666666666665,-187.0,-436.0,0,172.4034581467324,387.135273231732,11,3,15,4,2,2024,0,6875.0
2024-04-14,128.0,245.0,243.0,6630,290.0,False,False,False,6875.0,-47.0,1.1934156378600822,0.9918367346938776,-258.0,-3.6169914481985144,7133.0,-65.0,6912.0,7274.0,87.0,7043.0,7576.0,27.0,7346.0,8141.0,-5.0,7899.0,7215.285714285715,197.57590464233786,-37.285714285714285,7506.785714285715,398.04970284382125,-34.142857142857146,8229.266666666666,791.3553599661255,-21.8,-261.0,-478.0,0,197.57590464233786,398.04970284382125,14,6,15,4,2,2024,1,6984.0
2024-04-15,144.0,303.0,176.0,6681,191.0,False,False,False,6984.0,-15.0,1.0852272727272727,0.5808580858085809,109.0,1.5854545454545566,6875.0,-47.0,6630.0,7243.0,-85.0,6999.0,7543.0,-73.0,7317.0,8195.0,-8.0,7919.0,7135.428571428572,150.37381990987,-29.0,7420.285714285715,367.3900523278215,-34.642857142857146,8156.433333333333,802.3565585987483,-26.0,-203.0,-485.0,0,150.37381990987,367.3900523278215,15,0,16,4,2,2024,0,7077.0
2024-04-16,219.0,392.0,205.0,6685,163.0,False,False,False,7077.0,42.0,0.7951219512195122,0.5229591836734694,93.0,1.3316151202749094,6984.0,-15.0,6681.0,7133.0,-65.0,6912.0,7221.0,-46.0,6982.0,8180.0,-30.0,7893.0,7114.857142857143,146.5166982194972,-16.428571428571427,7341.5,304.8908379681362,-29.5,8083.266666666666,797.1845255749022,-28.966666666666665,-115.0,-413.0,0,146.5166982194972,304.8908379681362,16,1,16,4,2,2024,0,7096.0
2024-04-17,182.0,371.0,274.0,6725,227.0,False,False,False,7096.0,47.0,0.8284671532846716,0.738544474393531,19.0,0.2684753426593245,7077.0,42.0,6685.0,6875.0,-47.0,6630.0,7218.0,-32.0,6988.0,8050.0,-112.0,7762.0,7097.428571428572,139.28012198785862,-5.142857142857143,7273.357142857143,232.33748899219486,-18.142857142857142,8008.9,781.0581394757816,-28.9,-36.0,-254.0,0,139.28012198785862,232.33748899219486,17,2,16,4,2,2024,0,7050.0
2024-04-18,144.0,322.0,258.0,6728,260.0,False,False,False,7050.0,-2.0,1.0077519379844961,0.8012422360248447,-46.0,-0.6482525366403591,7096.0,47.0,6725.0,6984.0,-15.0,6681.0,7274.0,87.0,7043.0,7511.0,-136.0,7257.0,7065.428571428572,115.6847110942187,-17.857142857142858,7240.428571428572,228.70596315445562,-8.571428571428571,7933.033333333334,758.9368009367329,-29.733333333333334,-125.0,-120.0,0,115.6847110942187,228.70596315445562,18,3,16,4,2,2024,0,7125.0
2024-04-21,208.0,380.0,343.0,6745,240.0,False,False,False,7125.0,103.0,0.6997084548104956,0.9026315789473685,75.0,1.0638297872340496,7050.0,-2.0,6728.0,7077.0,42.0,6685.0,7243.0,-85.0,6999.0,7506.0,-1.0,7271.0,7048.571428571428,91.58394535954186,9.0,7213.214285714285,217.04490090987798,-1.1428571428571428,7867.8,740.6590448307815,-24.733333333333334,63.0,-16.0,1,91.58394535954186,217.04490090987798,21,6,16,4,2,2024,1,7223.0
2024-04-22,176.0,424.0,251.0,6799,214.0,False,False,False,7223.0,37.0,0.852589641434263,0.5919811320754716,98.0,1.3754385964912297,7125.0,103.0,6745.0,7096.0,47.0,6725.0,7133.0,-65.0,6912.0,7570.0,43.0,7340.0,7061.428571428572,109.8982213123556,23.571428571428573,7188.428571428572,191.47392442902913,-1.5714285714285714,7805.466666666666,712.1310288836183,-24.733333333333334,165.0,-22.0,1,109.8982213123556,191.47392442902913,22,0,17,4,2,2024,0,7394.0
2024-04-23,252.0,427.0,307.0,6967,134.0,False,False,False,7394.0,173.0,0.4364820846905538,0.7189695550351288,171.0,2.367437352900459,7223.0,37.0,6799.0,7050.0,-2.0,6728.0,6875.0,-47.0,6630.0,7576.0,27.0,7346.0,7135.571428571428,135.29825958828593,55.0,7175.428571428572,167.85786766265554,8.857142857142858,7747.366666666667,669.5815205362738,-21.533333333333335,385.0,124.0,1,135.29825958828593,167.85786766265554,23,1,17,4,2,2024,0,7539.0
2024-04-24,253.0,411.0,307.0,7128,154.0,False,False,False,7539.0,153.0,0.501628664495114,0.7469586374695864,145.0,1.9610494995942584,7394.0,173.0,6967.0,7125.0,103.0,6745.0,6984.0,-15.0,6681.0,7543.0,-73.0,7317.0,7214.857142857143,185.11746592495257,79.0,7175.142857142857,167.18615011776131,25.0,7692.766666666666,613.4125395507915,-14.033333333333333,553.0,350.0,1,185.11746592495257,167.18615011776131,24,2,17,4,2,2024,0,7566.0
2024-04-25,145.0,357.0,333.0,7209,217.0,False,False,False,7566.0,116.0,0.6516516516516516,0.9327731092436975,27.0,0.35813768404298063,7539.0,153.0,7128.0,7223.0,37.0,6799.0,7077.0,42.0,6685.0,7221.0,-46.0,6982.0,7284.714285714285,214.3779484039909,89.57142857142857,7199.785714285715,197.19774478791655,36.57142857142857,7645.1,562.0609458915841,-8.233333333333333,627.0,512.0,1,214.3779484039909,197.19774478791655,25,3,17,4,2,2024,0,7647.0
2024-04-28,158.0,349.0,365.0,7298,250.0,True,False,False,7647.0,115.0,0.684931506849315,1.0458452722063036,81.0,1.0705789056304482,7566.0,116.0,7209.0,7394.0,173.0,6967.0,7096.0,47.0,6725.0,7218.0,-32.0,6988.0,7363.428571428572,233.8139268327516,99.28571428571429,7230.428571428572,230.72684958814105,47.07142857142857,7612.233333333334,530.2281020748294,-1.6333333333333333,695.0,659.0,1,233.8139268327516,230.72684958814105,28,6,17,4,2,2024,1,7665.0
2024-04-29,140.0,292.0,255.0,7373,187.0,False,False,False,7665.0,68.0,0.7333333333333333,0.8732876712328768,18.0,0.23538642604943316,7647.0,115.0,7298.0,7539.0,153.0,7128.0,7050.0,-2.0,6728.0,7274.0,87.0,7043.0,7451.285714285715,210.827507918764,109.28571428571429,7258.357142857143,258.4104091564984,45.714285714285715,7581.866666666667,498.25168361971015,3.8,765.0,640.0,1,210.827507918764,258.4104091564984,29,0,18,4,2,2024,0,7874.0
2024-04-30,220.0,443.0,194.0,7431,135.0,False,False,False,7874.0,59.0,0.6958762886597938,0.43792325056433407,209.0,2.726679712981084,7665.0,68.0,7373.0,7566.0,116.0,7209.0,7125.0,103.0,6745.0,7243.0,-85.0,6999.0,7558.285714285715,207.67419538442718,103.0,7303.428571428572,306.14569540200284,56.0,7557.933333333333,464.1334479126182,3.8,721.0,784.0,1,207.67419538442718,306.14569540200284,30,1,18,4,2,2024,0,7945.0
2024-05-01,197.0,437.0,295.0,7508,190.0,False,False,False,7945.0,105.0,0.6440677966101694,0.6750572082379863,71.0,0.9017018034036095,7874.0,59.0,7431.0,7647.0,115.0,7298.0,7223.0,37.0,6799.0,7133.0,-65.0,6912.0,7661.428571428572,192.1083523629731,112.71428571428571,7361.428571428572,345.7321582883403,68.14285714285714,7537.9,431.8636718160877,9.066666666666666,789.0,954.0,1,192.1083523629731,345.7321582883403,1,2,18,5,2,2024,0,7988.0
2024-05-02,206.0,411.0,293.0,7577,194.0,False,False,False,7988.0,99.0,0.6621160409556314,0.7128953771289538,43.0,0.5412208936437901,7945.0,105.0,7508.0,7665.0,68.0,7373.0,7394.0,173.0,6967.0,6875.0,-47.0,6630.0,7746.285714285715,185.36424887745034,102.14285714285714,7440.928571428572,353.1609927684186,78.57142857142857,7519.066666666667,396.9800597209924,15.5,715.0,1100.0,1,185.36424887745034,353.1609927684186,2,3,18,5,2,2024,0,7762.0
2024-05-05,150.0,315.0,228.0,7447,332.0,False,False,False,7762.0,-104.0,1.456140350877193,0.7238095238095238,-226.0,-2.829243865798703,7988.0,99.0,7577.0,7874.0,59.0,7431.0,7539.0,153.0,7128.0,6984.0,-15.0,6681.0,7778.142857142857,161.41812018421564,65.42857142857143,7496.5,336.5507734011481,72.21428571428571,7505.7,380.97915138901527,17.1,458.0,1011.0,1,161.41812018421564,336.5507734011481,5,6,18,5,2,2024,1,7786.0
2024-05-06,173.0,337.0,211.0,7449,205.0,False,False,False,7786.0,6.0,0.9715639810426541,0.6261127596439169,24.0,0.30919866013914277,7762.0,-104.0,7447.0,7945.0,105.0,7508.0,7566.0,116.0,7209.0,7077.0,42.0,6685.0,7809.571428571428,131.95814632279647,49.714285714285715,7547.142857142857,321.5811554808941,69.64285714285714,7493.866666666667,365.7759568023894,17.466666666666665,348.0,975.0,1,131.95814632279647,321.5811554808941,6,0,19,5,2,2024,0,7900.0
2024-05-07,176.0,334.0,246.0,7566,163.0,False,False,False,7900.0,83.0,0.6626016260162602,0.7365269461077845,114.0,1.4641664526072518,7786.0,6.0,7449.0,7988.0,99.0,7577.0,7647.0,115.0,7298.0,7096.0,47.0,6725.0,7845.714285714285,113.34418715532232,45.142857142857146,7604.571428571428,306.241913999532,72.21428571428571,7484.033333333334,349.89776667825066,20.5,316.0,1011.0,1,113.34418715532232,306.241913999532,7,1,19,5,2,2024,0,7957.0
2024-05-08,167.0,374.0,205.0,7583,202.0,False,False,False,7957.0,3.0,0.9853658536585366,0.5481283422459893,57.0,0.7215189873417627,7900.0,83.0,7566.0,7762.0,-104.0,7447.0,7665.0,68.0,7373.0,7050.0,-2.0,6728.0,7887.428571428572,86.24356428712895,35.857142857142854,7669.357142857143,274.1545345078119,72.57142857142857,7476.6,336.7233183244651,21.6,251.0,1016.0,1,86.24356428712895,274.1545345078119,8,2,19,5,2,2024,0,7855.0
2024-05-09,138.0,285.0,268.0,7570,244.0,False,False,False,7855.0,24.0,0.9104477611940298,0.9403508771929825,-102.0,-1.2818901596078902,7957.0,3.0,7583.0,7786.0,6.0,7449.0,7874.0,59.0,7431.0,7125.0,103.0,6745.0,7884.714285714285,87.03201381426952,30.857142857142858,7721.5,228.23124238365287,66.92857142857143,7470.1,327.0150634514085,26.133333333333333,216.0,937.0,1,87.03201381426952,228.23124238365287,9,3,19,5,2,2024,0,7765.0
2024-05-12,138.0,301.0,263.0,7464,245.0,False,False,False,7765.0,18.0,0.9315589353612167,0.8737541528239202,-90.0,-1.145767027371103,7855.0,24.0,7570.0,7900.0,83.0,7566.0,7945.0,105.0,7508.0,7223.0,37.0,6799.0,7859.0,92.66067126886054,18.428571428571427,7760.214285714285,177.49763966852464,65.57142857142857,7478.566666666667,331.36964289125194,31.266666666666666,129.0,918.0,1,92.66067126886054,177.49763966852464,12,6,19,5,2,2024,1,7830.0
2024-05-13,112.0,331.0,167.0,7499,157.0,False,False,False,7830.0,10.0,0.9401197604790419,0.5045317220543807,65.0,0.8370895041854398,7765.0,18.0,7464.0,7957.0,3.0,7583.0,7988.0,99.0,7577.0,7394.0,173.0,6967.0,7836.428571428572,73.20031225535581,5.714285714285714,7791.357142857143,143.24514068426677,53.92857142857143,7489.366666666667,337.51745633866716,31.633333333333333,40.0,755.0,1,73.20031225535581,143.24514068426677,13,0,20,5,2,2024,0,7965.0
2024-05-14,246.0,419.0,218.0,7546,186.0,False,False,False,7965.0,32.0,0.8532110091743119,0.5202863961813843,135.0,1.724137931034475,7830.0,10.0,7499.0,7855.0,24.0,7570.0,7762.0,-104.0,7447.0,7539.0,153.0,7128.0,7865.428571428572,78.79690590973851,25.142857142857142,7821.785714285715,130.16390765925723,45.285714285714285,7502.533333333334,348.3036460978384,31.266666666666666,176.0,634.0,1,78.79690590973851,130.16390765925723,14,1,20,5,2,2024,0,7874.0
2024-05-15,115.0,285.0,341.0,7589,265.0,True,False,False,7874.0,76.0,0.7771260997067448,1.1964912280701754,-91.0,-1.1424984306340202,7965.0,32.0,7546.0,7765.0,18.0,7464.0,7786.0,6.0,7449.0,7566.0,116.0,7209.0,7878.0,70.60689295903839,35.142857142857146,7843.785714285715,107.69556706206512,42.42857142857143,7512.466666666666,354.6624167924314,32.9,246.0,594.0,1,70.60689295903839,107.69556706206512,15,2,20,5,2,2024,0,7905.0
2024-05-16,206.0,340.0,214.0,7565,234.0,False,False,False,7905.0,-20.0,1.0934579439252337,0.6294117647058823,31.0,0.3937007874015741,7874.0,76.0,7589.0,7830.0,10.0,7499.0,7900.0,83.0,7566.0,7647.0,115.0,7298.0,7878.714285714285,70.89126482555662,20.428571428571427,7862.214285714285,92.42308949884712,32.785714285714285,7524.533333333334,361.82294520683973,34.666666666666664,143.0,459.0,1,70.89126482555662,92.42308949884712,16,3,20,5,2,2024,0,7651.0
2024-05-19,143.0,295.0,278.0,7356,298.0,False,False,False,7651.0,-20.0,1.0719424460431655,0.9423728813559322,-254.0,-3.2131562302340266,7905.0,-20.0,7565.0,7965.0,32.0,7546.0,7957.0,3.0,7583.0,7665.0,68.0,7373.0,7835.0,102.06370559604328,17.142857142857142,7861.214285714285,94.767065498944,26.5,7538.866666666667,357.8796497122347,35.53333333333333,120.0,371.0,1,102.06370559604328,94.767065498944,19,6,20,5,2,2024,1,7636.0
2024-05-20,111.0,268.0,217.0,7368,192.0,False,False,False,7636.0,25.0,0.8847926267281107,0.8097014925373134,-15.0,-0.19605280355509125,7651.0,-20.0,7356.0,7874.0,76.0,7589.0,7855.0,24.0,7570.0,7874.0,59.0,7431.0,7803.714285714285,125.73214158904337,17.285714285714285,7844.214285714285,112.06535083212589,24.071428571428573,7552.8,353.0611356652447,37.43333333333333,121.0,337.0,1,125.73214158904337,112.06535083212589,20,0,21,5,2,2024,0,7752.0
2024-05-21,196.0,348.0,176.0,7404,145.0,False,False,False,7752.0,31.0,0.8238636363636364,0.5057471264367817,116.0,1.5191199580932402,7636.0,25.0,7368.0,7905.0,-20.0,7565.0,7765.0,18.0,7464.0,7945.0,105.0,7508.0,7801.857142857143,126.49298870084463,19.142857142857142,7830.428571428572,110.57452362416034,18.785714285714285,7568.733333333334,350.8240479836996,35.56666666666667,134.0,263.0,1,126.49298870084463,110.57452362416034,21,1,21,5,2,2024,0,7823.0
2024-05-22,168.0,349.0,272.0,7474,208.0,False,False,False,7823.0,64.0,0.7647058823529411,0.7793696275071633,71.0,0.9158926728586092,7752.0,31.0,7404.0,7651.0,-20.0,7356.0,7830.0,10.0,7499.0,7988.0,99.0,7577.0,7800.857142857143,126.26087883349041,26.857142857142858,7818.642857142857,100.85374570120254,16.285714285714285,7588.066666666667,348.22623773011304,40.53333333333333,188.0,228.0,1,126.26087883349041,100.85374570120254,22,2,21,5,2,2024,0,7766.0
2024-05-23,193.0,272.0,314.0,7494,227.0,True,False,False,7766.0,87.0,0.7229299363057324,1.1544117647058822,-57.0,-0.7286207337338646,7823.0,64.0,7474.0,7636.0,25.0,7368.0,7965.0,32.0,7546.0,7762.0,-104.0,7447.0,7772.428571428572,103.49373111907894,34.714285714285715,7818.928571428572,100.68646252723622,29.928571428571427,7609.166666666667,338.75034885674415,45.6,243.0,419.0,1,103.49373111907894,100.68646252723622,23,3,21,5,2,2024,0,7709.0
2024-05-27,156.0,344.0,252.0,7365,167.0,False,False,False,7709.0,85.0,0.6626984126984127,0.7325581395348837,-57.0,-0.7339685809940821,7766.0,87.0,7494.0,7752.0,31.0,7404.0,7874.0,76.0,7589.0,7786.0,6.0,7449.0,7748.857142857143,94.94108448825176,36.0,7813.428571428572,104.64865340426275,35.57142857142857,7636.966666666666,309.3699362757403,50.0,252.0,498.0,1,94.94108448825176,104.64865340426275,27,0,22,5,2,2024,0,7766.0
2024-05-28,153.0,348.0,239.0,7418,151.0,False,False,False,7766.0,88.0,0.6317991631799164,0.6867816091954023,57.0,0.7393955117395157,7709.0,85.0,7365.0,7823.0,64.0,7474.0,7905.0,-20.0,7565.0,7900.0,83.0,7566.0,7729.0,67.37457482855964,51.42857142857143,7803.857142857143,102.22137149927957,35.92857142857143,7663.033333333334,284.39184761258036,53.43333333333333,360.0,503.0,1,67.37457482855964,102.22137149927957,28,1,22,5,2,2024,0,7953.0
2024-05-29,182.0,462.0,158.0,7491,141.0,False,False,False,7953.0,17.0,0.8924050632911392,0.341991341991342,187.0,2.4079320113314484,7766.0,88.0,7418.0,7766.0,87.0,7494.0,7651.0,-20.0,7356.0,7957.0,3.0,7583.0,7772.142857142857,98.5721877127213,56.714285714285715,7803.571428571428,101.76497378811051,36.92857142857143,7692.233333333334,266.5584859590351,52.6,397.0,517.0,1,98.5721877127213,101.76497378811051,29,2,22,5,2,2024,0,7969.0
2024-05-30,167.0,406.0,339.0,7563,190.0,False,False,False,7969.0,149.0,0.56047197640118,0.8349753694581281,16.0,0.20118194392053645,7953.0,17.0,7491.0,7709.0,85.0,7365.0,7636.0,25.0,7368.0,7855.0,24.0,7570.0,7819.714285714285,102.20520907419775,74.42857142857143,7811.714285714285,110.39190924319809,45.857142857142854,7721.333333333333,246.0901619652513,56.0,521.0,642.0,1,102.20520907419775,110.39190924319809,30,3,22,5,2,2024,0,7876.0
2024-06-02,159.0,330.0,322.0,7546,306.0,False,False,False,7876.0,16.0,0.9503105590062112,0.9757575757575757,-93.0,-1.1670222110678918,7969.0,149.0,7563.0,7766.0,88.0,7418.0,7752.0,31.0,7404.0,7765.0,18.0,7464.0,7837.428571428572,99.21501422473682,72.28571428571429,7819.642857142857,110.76420356411892,45.714285714285715,7748.866666666667,212.2735277294473,56.6,506.0,640.0,1,99.21501422473682,110.76420356411892,2,6,22,6,2,2024,1,7840.0
2024-06-03,109.0,244.0,257.0,7596,224.0,True,False,False,7840.0,33.0,0.8715953307392996,1.0532786885245902,-36.0,-0.45708481462671813,7876.0,16.0,7546.0,7953.0,17.0,7491.0,7823.0,64.0,7474.0,7830.0,10.0,7499.0,7839.857142857143,99.01082191931614,67.85714285714286,7820.357142857143,110.86832601906862,47.357142857142854,7772.7,177.024866751165,54.266666666666666,475.0,663.0,1,99.01082191931614,110.86832601906862,3,0,23,6,2,2024,0,7921.0
2024-06-04,260.0,356.0,176.0,7565,203.0,False,False,False,7921.0,-27.0,1.1534090909090908,0.4943820224719101,81.0,1.033163265306114,7840.0,33.0,7596.0,7969.0,149.0,7563.0,7766.0,87.0,7494.0,7965.0,32.0,7546.0,7862.0,97.0532499884932,51.57142857142857,7817.214285714285,107.00911432880548,43.142857142857146,7795.966666666666,145.31523007567355,52.13333333333333,361.0,604.0,1,97.0532499884932,107.00911432880548,4,1,23,6,2,2024,0,8036.0
2024-06-05,173.0,345.0,291.0,7691,198.0,False,False,False,8036.0,93.0,0.6804123711340206,0.8434782608695652,115.0,1.4518368892816547,7921.0,-27.0,7565.0,7876.0,16.0,7546.0,7709.0,85.0,7365.0,7874.0,76.0,7589.0,7908.714285714285,89.54275382129087,52.714285714285715,7828.785714285715,121.41168272979918,44.357142857142854,7817.366666666667,130.6058781306984,49.46666666666667,369.0,621.0,1,89.54275382129087,121.41168272979918,5,2,23,6,2,2024,0,8067.0
2024-06-06,179.0,326.0,282.0,7741,238.0,False,False,False,8067.0,44.0,0.8439716312056738,0.8650306748466258,31.0,0.3857640617222602,8036.0,93.0,7691.0,7840.0,33.0,7596.0,7766.0,88.0,7418.0,7905.0,-20.0,7565.0,7951.714285714285,81.49788194732571,46.42857142857143,7840.357142857143,136.0693302597879,48.92857142857143,7834.966666666666,127.33542003462486,45.833333333333336,325.0,685.0,1,81.49788194732571,136.0693302597879,6,3,23,6,2,2024,0,7740.0
2024-06-09,116.0,289.0,166.0,7451,312.0,False,False,False,7740.0,-146.0,1.8795180722891567,0.5743944636678201,-327.0,-4.0535515061361105,8067.0,44.0,7741.0,7921.0,-27.0,7565.0,7953.0,17.0,7491.0,7651.0,-20.0,7356.0,7921.285714285715,114.15736840826472,23.142857142857142,7846.714285714285,128.4052650318382,39.92857142857143,7840.766666666666,118.3043075944167,37.1,162.0,559.0,1,114.15736840826472,128.4052650318382,9,6,23,6,2,2024,1,7773.0
2024-06-10,184.0,334.0,229.0,7439,212.0,False,False,False,7773.0,17.0,0.925764192139738,0.6856287425149701,33.0,0.426356589147292,7740.0,-146.0,7451.0,8036.0,93.0,7691.0,7969.0,149.0,7563.0,7636.0,25.0,7368.0,7893.285714285715,124.10709660840098,4.285714285714286,7856.5,115.70369982775223,39.357142857142854,7844.966666666666,113.31965265633755,33.833333333333336,30.0,551.0,1,124.10709660840098,115.70369982775223,10,0,24,6,2,2024,0,7845.0
2024-06-11,186.0,352.0,224.0,7493,156.0,False,False,False,7845.0,68.0,0.6964285714285714,0.6363636363636364,72.0,0.9262832883056626,7773.0,17.0,7439.0,8067.0,44.0,7741.0,7876.0,16.0,7546.0,7752.0,31.0,7404.0,7888.857142857143,125.37334720933208,11.714285714285714,7863.142857142857,111.84801304432007,42.0,7850.966666666666,108.10769959922266,33.833333333333336,82.0,588.0,1,125.37334720933208,111.84801304432007,11,1,24,6,2,2024,0,7814.0
2024-06-12,152.0,266.0,274.0,7548,212.0,True,False,False,7814.0,62.0,0.7737226277372263,1.0300751879699248,-31.0,-0.39515615041427754,7845.0,68.0,7493.0,7740.0,-146.0,7451.0,7840.0,33.0,7596.0,7823.0,64.0,7474.0,7885.142857142857,127.43027972374435,15.857142857142858,7862.5,112.12201458157328,41.857142857142854,7848.966666666666,108.22182944216095,33.93333333333333,111.0,586.0,1,127.43027972374435,112.12201458157328,12,2,24,6,2,2024,0,7837.0
2024-06-13,167.0,293.0,230.0,7544,259.0,False,False,False,7837.0,-29.0,1.126086956521739,0.7849829351535836,23.0,0.2943434860506855,7814.0,62.0,7548.0,7773.0,17.0,7439.0,7921.0,-27.0,7565.0,7766.0,87.0,7494.0,7873.142857142857,127.44597361420139,15.571428571428571,7867.571428571428,108.98321274088494,33.57142857142857,7845.366666666667,106.70277226570768,29.466666666666665,109.0,470.0,1,127.44597361420139,108.98321274088494,13,3,24,6,2,2024,0,7622.0
2024-06-16,204.0,315.0,233.0,7307,294.0,False,False,False,7622.0,-61.0,1.261802575107296,0.7396825396825397,-215.0,-2.7433967079239507,7837.0,-29.0,7544.0,7845.0,68.0,7493.0,8036.0,93.0,7691.0,7709.0,85.0,7365.0,7814.0,135.10489751792437,-6.428571428571429,7861.357142857143,120.58358552840222,23.142857142857142,7833.166666666667,110.68161337919643,24.133333333333333,-45.0,324.0,0,135.10489751792437,120.58358552840222,16,6,24,6,2,2024,1,7628.0
2024-06-17,159.0,310.0,272.0,7318,224.0,False,False,False,7628.0,48.0,0.8235294117647058,0.8774193548387097,6.0,0.07871949619522312,7622.0,-61.0,7307.0,7814.0,62.0,7548.0,8067.0,44.0,7741.0,7766.0,88.0,7418.0,7751.285714285715,93.6086076627941,-5.857142857142857,7851.5,133.88499657421224,20.285714285714285,7828.7,116.21803231200732,29.2,-41.0,284.0,0,93.6086076627941,133.88499657421224,17,0,25,6,2,2024,0,7637.0
2024-06-18,160.0,297.0,253.0,7340,214.0,False,False,False,7637.0,39.0,0.8458498023715415,0.8518518518518519,9.0,0.11798636601991763,7628.0,48.0,7318.0,7837.0,-29.0,7544.0,7740.0,-146.0,7451.0,7953.0,17.0,7491.0,7736.571428571428,103.27448401040078,20.571428571428573,7828.928571428572,141.85662549837772,21.857142857142858,7823.733333333334,121.18351240227746,30.3,144.0,306.0,1,103.27448401040078,141.85662549837772,18,1,25,6,2,2024,0,7754.0
2024-06-19,204.0,321.0,246.0,7433,198.0,False,False,False,7754.0,48.0,0.8048780487804879,0.7663551401869159,117.0,1.5320151892104228,7637.0,39.0,7340.0,7622.0,-61.0,7307.0,7773.0,17.0,7439.0,7969.0,149.0,7563.0,7733.857142857143,102.40349696407671,25.0,7813.571428571428,137.08375558008694,14.642857142857142,7818.866666666667,120.94647814097213,29.133333333333333,175.0,205.0,1,102.40349696407671,137.08375558008694,19,2,25,6,2,2024,0,7678.0
2024-06-20,145.0,247.0,243.0,7431,235.0,False,False,False,7678.0,8.0,0.9670781893004116,0.9838056680161943,-76.0,-0.9801392829507316,7754.0,48.0,7433.0,7628.0,48.0,7318.0,7845.0,68.0,7493.0,7876.0,16.0,7546.0,7710.0,91.01465083524833,16.428571428571427,7799.428571428572,140.32309656131656,14.071428571428571,7809.566666666667,120.68502273536542,29.3,115.0,197.0,1,91.01465083524833,140.32309656131656,20,3,25,6,2,2024,0,7474.0
2024-06-23,102.0,227.0,201.0,7247,294.0,False,False,False,7474.0,-93.0,1.462686567164179,0.8854625550660793,-204.0,-2.6569419119562343,7678.0,8.0,7431.0,7637.0,39.0,7340.0,7814.0,62.0,7548.0,7840.0,33.0,7596.0,7661.428571428572,114.0670229044369,-5.714285714285714,7773.285714285715,164.23877016818867,5.071428571428571,7796.866666666667,134.9435982647404,25.4,-40.0,71.0,0,114.0670229044369,164.23877016818867,23,6,25,6,2,2024,1,7414.0
2024-06-24,116.0,175.0,172.0,7239,202.0,False,False,False,7414.0,-30.0,1.1744186046511629,0.9828571428571429,-60.0,-0.8027829810008047,7474.0,-93.0,7247.0,7754.0,48.0,7433.0,7837.0,-29.0,7544.0,7921.0,-27.0,7565.0,7601.0,117.54573577972005,-5.857142857142857,7737.071428571428,183.88393675845683,4.857142857142857,7785.166666666667,151.94692433900696,23.8,-41.0,68.0,0,117.54573577972005,183.88393675845683,24,0,26,6,2,2024,0,7502.0
2024-06-25,172.0,263.0,191.0,7239,202.0,False,False,False,7502.0,-11.0,1.057591623036649,0.7262357414448669,88.0,1.1869436201780381,7414.0,-30.0,7239.0,7678.0,8.0,7431.0,7622.0,-61.0,7307.0,8036.0,93.0,7691.0,7583.857142857143,122.61379554168713,1.2857142857142858,7698.928571428572,172.1146595846575,-2.5714285714285716,7774.233333333334,160.18689156693503,23.1,9.0,-36.0,1,122.61379554168713,172.1146595846575,25,1,26,6,2,2024,0,7503.0
2024-06-26,132.0,235.0,197.0,7268,187.0,False,False,False,7503.0,10.0,0.949238578680203,0.8382978723404255,1.0,0.013329778725679198,7502.0,-11.0,7239.0,7474.0,-93.0,7247.0,7628.0,48.0,7318.0,8067.0,44.0,7741.0,7566.0,124.20547491956971,-4.142857142857143,7658.642857142857,142.85420601372311,-5.0,7758.833333333333,163.3903899873607,22.366666666666667,-29.0,-70.0,0,124.20547491956971,142.85420601372311,26,2,26,6,2,2024,0,7456.0
2024-06-27,174.0,208.0,256.0,7248,268.0,True,False,False,7456.0,-12.0,1.046875,1.2307692307692308,-47.0,-0.6264161002265789,7503.0,10.0,7268.0,7414.0,-30.0,7239.0,7637.0,39.0,7340.0,7740.0,-146.0,7451.0,7540.142857142857,125.79139950915626,-11.428571428571429,7638.357142857143,150.37880739742909,4.571428571428571,7744.9,170.881759886949,19.433333333333334,-80.0,64.0,0,125.79139950915626,150.37880739742909,27,3,26,6,2,2024,0,7104.0
2024-06-30,123.0,230.0,167.0,6874,273.0,False,False,False,7104.0,-106.0,1.6347305389221556,0.7260869565217392,-352.0,-4.72103004291845,7456.0,-12.0,7248.0,7502.0,-11.0,7239.0,7754.0,48.0,7433.0,7773.0,17.0,7439.0,7447.285714285715,172.75677920678265,-33.42857142857143,7590.571428571428,201.80329885450215,-4.214285714285714,7718.2,204.31135806526925,16.566666666666666,-234.0,-59.0,0,172.75677920678265,201.80329885450215,30,6,26,6,2,2024,1,7058.0
2024-07-01,123.0,233.0,159.0,6825,229.0,False,False,False,7058.0,-70.0,1.440251572327044,0.6824034334763949,-46.0,-0.6475225225225256,7104.0,-106.0,6874.0,7503.0,10.0,7268.0,7678.0,8.0,7431.0,7845.0,68.0,7493.0,7358.714285714285,192.5571034660489,-44.57142857142857,7534.357142857143,232.72255093624815,-14.071428571428571,7698.433333333333,237.0928354962883,14.9,-312.0,-197.0,0,192.5571034660489,232.72255093624815,1,0,27,7,3,2024,0,7055.0
2024-07-02,141.0,232.0,188.0,6823,184.0,False,False,False,7055.0,4.0,0.9787234042553191,0.8103448275862069,-3.0,-0.042504958911870894,7058.0,-70.0,6825.0,7456.0,-12.0,7248.0,7474.0,-93.0,7247.0,7814.0,62.0,7548.0,7298.857142857143,214.60850291590566,-30.714285714285715,7480.142857142857,250.3093031685736,-18.214285714285715,7679.066666666667,264.51216429015716,14.2,-215.0,-255.0,0,214.60850291590566,250.3093031685736,2,1,27,7,3,2024,0,7016.0
2024-07-04,158.0,226.0,191.0,6790,225.0,False,False,False,7016.0,-34.0,1.1780104712041886,0.8451327433628318,-39.0,-0.5527994330262187,7055.0,4.0,6823.0,7104.0,-106.0,6874.0,7414.0,-30.0,7239.0,7837.0,-29.0,7544.0,7242.0,231.10675743761848,-31.285714285714285,7421.5,256.3722503884169,-18.571428571428573,7654.533333333334,290.38116844674613,12.033333333333333,-219.0,-260.0,0,231.10675743761848,256.3722503884169,4,3,27,7,3,2024,0,6759.0
2024-07-07,96.0,160.0,233.0,6599,213.0,True,False,False,6759.0,20.0,0.9141630901287554,1.45625,-257.0,-3.6630558722919093,7016.0,-34.0,6790.0,7058.0,-70.0,6825.0,7502.0,-11.0,7239.0,7622.0,-61.0,7307.0,7135.857142857143,260.54009836710355,-26.857142857142858,7359.857142857143,303.81620383757814,-12.785714285714286,7619.066666666667,331.2035454305085,10.566666666666666,-188.0,-179.0,0,260.54009836710355,303.81620383757814,7,6,27,7,3,2024,1,6790.0
2024-07-08,141.0,173.0,129.0,6617,123.0,False,False,False,6790.0,6.0,0.9534883720930233,0.7456647398843931,31.0,0.458647728953987,6759.0,20.0,6599.0,7055.0,4.0,6823.0,7503.0,10.0,7268.0,7628.0,48.0,7318.0,7034.0,230.75455936267883,-27.428571428571427,7300.0,328.47339196769207,-15.785714285714286,7586.533333333334,362.70950980879854,7.866666666666666,-192.0,-221.0,0,230.75455936267883,328.47339196769207,8,0,28,7,3,2024,0,6832.0
2024-07-09,116.0,181.0,182.0,6651,130.0,True,False,False,6832.0,52.0,0.7142857142857143,1.0055248618784531,42.0,0.6185567010309256,6790.0,6.0,6617.0,7016.0,-34.0,6790.0,7456.0,-12.0,7248.0,7637.0,39.0,7340.0,6944.857142857143,145.24740797620842,-18.285714285714285,7242.5,335.32986056211564,-14.857142857142858,7557.3,387.0254513594575,6.766666666666667,-128.0,-208.0,0,145.24740797620842,335.32986056211564,9,1,28,7,3,2024,0,6806.0
2024-07-10,150.0,157.0,201.0,6649,177.0,True,False,False,6806.0,24.0,0.8805970149253731,1.2802547770700636,-26.0,-0.38056206088993294,6832.0,52.0,6651.0,6759.0,20.0,6599.0,7104.0,-106.0,6874.0,7754.0,48.0,7433.0,6902.285714285715,134.0705215992781,0.2857142857142857,7174.785714285715,319.4353620835425,-16.571428571428573,7525.3,408.2784842355118,4.633333333333334,2.0,-232.0,1,134.0705215992781,319.4353620835425,10,2,28,7,3,2024,0,6816.0
2024-07-11,80.0,176.0,125.0,6640,197.0,False,False,False,6816.0,-72.0,1.576,0.7102272727272727,10.0,0.1469291801351691,6806.0,24.0,6649.0,6790.0,6.0,6617.0,7058.0,-70.0,6825.0,7678.0,8.0,7431.0,6867.714285714285,117.38925885802303,0.0,7113.214285714285,297.2870093597432,-22.285714285714285,7487.4,419.81667591855177,1.6666666666666667,0.0,-312.0,0,117.38925885802303,297.2870093597432,11,3,28,7,3,2024,0,6496.0
2024-07-14,116.0,188.0,164.0,6308,237.0,False,False,False,6496.0,-73.0,1.4451219512195121,0.8723404255319149,-320.0,-4.694835680751175,6816.0,-72.0,6640.0,6832.0,52.0,6651.0,7055.0,4.0,6823.0,7474.0,-93.0,7247.0,6787.857142857143,153.3714755872409,-11.0,7043.357142857143,320.024183495518,-20.857142857142858,7438.3,446.8181107989281,-5.733333333333333,-77.0,-292.0,0,153.3714755872409,320.024183495518,14,6,28,7,3,2024,1,6468.0
2024-07-15,105.0,185.0,158.0,6283,171.0,False,False,False,6468.0,-13.0,1.0822784810126582,0.8540540540540541,-28.0,-0.4310344827586188,6496.0,-73.0,6308.0,6806.0,24.0,6649.0,7016.0,-34.0,6790.0,7414.0,-30.0,7239.0,6709.571428571428,157.3190570601161,-8.0,6975.785714285715,335.25402047067837,-19.642857142857142,7391.366666666667,472.46838853082204,-6.7,-56.0,-275.0,0,157.3190570601161,335.25402047067837,15,0,29,7,3,2024,0,6485.0
2024-07-16,136.0,246.0,123.0,6239,173.0,False,False,False,6485.0,-50.0,1.4065040650406504,0.5,17.0,0.26283240568953925,6468.0,-13.0,6283.0,6816.0,-72.0,6640.0,6759.0,20.0,6599.0,7502.0,-11.0,7239.0,6670.428571428572,175.95440426698877,-18.0,6903.142857142857,322.39842935837015,-22.428571428571427,7346.2,492.4461391868072,-9.466666666666667,-126.0,-314.0,0,175.95440426698877,322.39842935837015,16,1,29,7,3,2024,0,6456.0
2024-07-17,128.0,228.0,177.0,6228,187.0,False,False,False,6456.0,-10.0,1.0564971751412429,0.7763157894736842,-29.0,-0.44718581341557373,6485.0,-50.0,6239.0,6496.0,-73.0,6308.0,6790.0,6.0,6617.0,7503.0,10.0,7268.0,6622.714285714285,183.2600286348248,-20.285714285714285,6828.357142857143,292.6059590178316,-23.857142857142858,7297.366666666667,505.9341979384972,-8.9,-142.0,-334.0,0,183.2600286348248,292.6059590178316,17,2,29,7,3,2024,0,6254.0
2024-07-21,90.0,196.0,205.0,6058,262.0,True,False,False,6254.0,-57.0,1.278048780487805,1.0459183673469388,-202.0,-3.1288723667905805,6456.0,-10.0,6228.0,6468.0,-13.0,6283.0,6832.0,52.0,6651.0,7456.0,-12.0,7248.0,6540.142857142857,202.45528606865724,-35.857142857142854,6742.5,269.7274265168141,-27.071428571428573,7237.966666666666,520.6195568632608,-13.9,-251.0,-379.0,0,202.45528606865724,269.7274265168141,21,6,29,7,3,2024,1,6191.0
2024-07-22,102.0,189.0,155.0,6002,234.0,False,False,False,6191.0,-79.0,1.5096774193548388,0.8201058201058201,-63.0,-1.0073552926127327,6254.0,-57.0,6058.0,6485.0,-50.0,6239.0,6806.0,24.0,6649.0,7104.0,-106.0,6874.0,6452.285714285715,201.29473770710126,-50.57142857142857,6677.285714285715,285.5112630329684,-25.142857142857142,7175.433333333333,530.1862836798884,-18.0,-354.0,-352.0,0,201.29473770710126,285.5112630329684,22,0,30,7,3,2024,0,6222.0
2024-07-23,120.0,257.0,126.0,5965,170.0,False,False,False,6222.0,-44.0,1.3492063492063493,0.490272373540856,31.0,0.500726861573253,6191.0,-79.0,6002.0,6456.0,-10.0,6228.0,6816.0,-72.0,6640.0,7058.0,-70.0,6825.0,6367.428571428572,137.51103851795025,-46.57142857142857,6617.571428571428,287.1795777734033,-23.285714285714285,7124.833333333333,546.6296788019459,-14.6,-326.0,-326.0,0,137.51103851795025,287.1795777734033,23,1,30,7,3,2024,0,6199.0
2024-07-24,137.0,272.0,166.0,5927,177.0,False,False,False,6199.0,-11.0,1.0662650602409638,0.6102941176470589,-23.0,-0.3696560591449738,6222.0,-44.0,5965.0,6254.0,-57.0,6058.0,6496.0,-73.0,6308.0,7055.0,4.0,6823.0,6325.0,137.0474370427976,-37.714285714285715,6556.428571428572,277.85682928878805,-24.357142857142858,7072.366666666667,557.6978840600434,-15.533333333333333,-264.0,-341.0,0,137.0474370427976,277.85682928878805,24,2,30,7,3,2024,0,6152.0
2024-07-25,93.0,198.0,208.0,5954,194.0,True,False,False,6152.0,14.0,0.9326923076923077,1.0505050505050506,-47.0,-0.7581868043232798,6199.0,-11.0,5927.0,6191.0,-79.0,6002.0,6468.0,-13.0,6283.0,7016.0,-34.0,6790.0,6279.857142857143,134.10621234855554,-33.857142857142854,6494.714285714285,263.510743780807,-20.928571428571427,7015.933333333333,562.4561857776412,-17.333333333333332,-237.0,-293.0,0,134.10621234855554,263.510743780807,25,3,30,7,3,2024,0,6033.0
2024-07-28,152.0,290.0,199.0,5743,207.0,False,False,False,6033.0,-8.0,1.0402010050251256,0.6862068965517242,-119.0,-1.934330299089726,6152.0,14.0,5954.0,6222.0,-44.0,5965.0,6485.0,-50.0,6239.0,6759.0,20.0,6599.0,6215.285714285715,127.52478750647376,-27.857142857142858,6442.857142857143,278.5094549266133,-22.928571428571427,6956.566666666667,569.2665385862892,-19.666666666666668,-195.0,-321.0,0,127.52478750647376,278.5094549266133,28,6,30,7,3,2024,1,6029.0
2024-07-29,114.0,210.0,219.0,5819,163.0,True,False,False,6029.0,56.0,0.7442922374429224,1.042857142857143,-4.0,-0.06630200563566557,6033.0,-8.0,5743.0,6199.0,-11.0,5927.0,6456.0,-10.0,6228.0,6790.0,6.0,6617.0,6154.285714285715,89.71011515935527,-18.428571428571427,6388.5,279.8050832550905,-19.357142857142858,6896.3,568.5469167550874,-16.833333333333332,-129.0,-271.0,0,89.71011515935527,279.8050832550905,29,0,31,7,3,2024,0,6133.0
2024-07-30,125.0,203.0,208.0,5930,92.0,True,False,False,6133.0,116.0,0.4423076923076923,1.0246305418719213,104.0,1.724995853375355,6029.0,56.0,5819.0,6152.0,14.0,5954.0,6254.0,-57.0,6058.0,6832.0,52.0,6651.0,6137.0,78.2155142325788,6.285714285714286,6338.571428571428,255.92508347493524,-14.785714285714286,6846.666666666667,568.0032985172083,-10.933333333333334,44.0,-207.0,1,78.2155142325788,255.92508347493524,30,1,31,7,3,2024,0,6224.0
2024-07-31,140.0,261.0,163.0,5963,154.0,False,False,False,6224.0,9.0,0.9447852760736196,0.6245210727969349,91.0,1.4837762921897868,6133.0,116.0,5930.0,6033.0,-8.0,5743.0,6191.0,-79.0,6002.0,6806.0,24.0,6649.0,6141.714285714285,82.86880049354016,18.857142857142858,6297.0,218.72216306398715,-15.857142857142858,6799.866666666667,559.1782599822473,-12.233333333333333,132.0,-222.0,1,82.86880049354016,218.72216306398715,31,2,31,7,3,2024,0,6314.0
2024-08-01,227.0,298.0,212.0,6016,169.0,False,False,False,6314.0,43.0,0.7971698113207547,0.7114093959731543,90.0,1.4460154241645151,6224.0,9.0,5963.0,6029.0,56.0,5819.0,6222.0,-44.0,5965.0,6816.0,-72.0,6640.0,6154.857142857143,102.65708056669179,31.285714285714285,6261.142857142857,160.48956694722045,-7.642857142857143,6755.766666666666,542.8106727366123,-12.1,219.0,-107.0,1,102.65708056669179,160.48956694722045,1,3,31,8,3,2024,0,6110.0
2024-08-04,63.0,167.0,143.0,5943,170.0,False,False,False,6110.0,-27.0,1.1888111888111887,0.8562874251497006,-204.0,-3.230915426037373,6314.0,43.0,6016.0,6133.0,116.0,5930.0,6199.0,-11.0,5927.0,6496.0,-73.0,6308.0,6142.142857142857,101.7864243918424,29.0,6233.571428571428,149.84182136031689,-4.357142857142857,6700.966666666666,521.1099879490142,-14.6,203.0,-61.0,1,101.7864243918424,149.84182136031689,4,6,31,8,3,2024,1,6209.0
2024-08-05,172.0,259.0,138.0,5950,150.0,False,False,False,6209.0,-12.0,1.0869565217391304,0.5328185328185329,99.0,1.6202945990180018,6110.0,-27.0,5943.0,6224.0,9.0,5963.0,6152.0,14.0,5954.0,6468.0,-13.0,6283.0,6150.285714285715,104.93762319542412,25.285714285714285,6215.071428571428,133.80207212708058,-4.285714285714286,6652.0,494.47352706237865,-15.266666666666667,177.0,-60.0,1,104.93762319542412,133.80207212708058,5,0,32,8,3,2024,0,6281.0
2024-08-06,163.0,283.0,200.0,5998,143.0,False,False,False,6281.0,57.0,0.715,0.7067137809187279,72.0,1.1596070220647459,6209.0,-12.0,5950.0,6314.0,43.0,6016.0,6033.0,-8.0,5743.0,6485.0,-50.0,6239.0,6185.714285714285,100.51154873232947,34.57142857142857,6200.5,111.37307366894265,3.357142857142857,6612.233333333334,473.6189857661456,-10.266666666666667,242.0,47.0,1,100.51154873232947,111.37307366894265,6,1,32,8,3,2024,0,6311.0
2024-08-07,135.0,273.0,207.0,6038,174.0,False,False,False,6311.0,33.0,0.8405797101449275,0.7582417582417582,30.0,0.4776309504855858,6281.0,57.0,5998.0,6110.0,-27.0,5943.0,6029.0,56.0,5819.0,6456.0,-10.0,6228.0,6226.0,82.0487659870638,31.285714285714285,6190.142857142857,90.58770263196996,6.428571428571429,6575.466666666666,451.5296403249132,-8.166666666666666,219.0,90.0,1,82.0487659870638,90.58770263196996,7,2,32,8,3,2024,0,6314.0
2024-08-08,119.0,230.0,213.0,6084,174.0,False,False,False,6314.0,39.0,0.8169014084507042,0.9260869565217391,3.0,0.04753604816987167,6311.0,33.0,6038.0,6209.0,-12.0,5950.0,6133.0,116.0,5930.0,6254.0,-57.0,6058.0,6251.857142857143,76.16523391379272,20.285714285714285,6194.428571428572,95.14581060000255,13.285714285714286,6535.866666666667,418.3443337840094,-6.5,142.0,186.0,1,76.16523391379272,95.14581060000255,8,3,32,8,3,2024,0,6105.0
2024-08-11,95.0,211.0,140.0,5894,249.0,False,False,False,6105.0,-109.0,1.7785714285714285,0.6635071090047393,-209.0,-3.3101045296167197,6314.0,39.0,6084.0,6281.0,57.0,5998.0,6224.0,9.0,5963.0,6191.0,-79.0,6002.0,6234.857142857143,94.49414191971276,3.4285714285714284,6188.285714285715,98.11408475025394,11.142857142857142,6489.266666666666,383.29334524061096,-10.466666666666667,24.0,156.0,1,94.49414191971276,98.11408475025394,11,6,32,8,3,2024,1,6122.0
2024-08-12,109.0,219.0,155.0,5903,148.0,False,False,False,6122.0,7.0,0.9548387096774194,0.7077625570776256,17.0,0.27846027846027965,6105.0,-109.0,5894.0,6311.0,33.0,6038.0,6314.0,43.0,6016.0,6222.0,-44.0,5965.0,6207.428571428572,95.55252856039834,-1.7142857142857142,6181.142857142857,99.10589297304436,14.785714285714286,6444.8,342.4804449489118,-9.833333333333334,-12.0,207.0,0,95.55252856039834,99.10589297304436,12,0,33,8,3,2024,0,6220.0
2024-08-13,162.0,239.0,189.0,5981,123.0,False,False,False,6220.0,66.0,0.6507936507936508,0.7907949790794979,98.0,1.6007840574975507,6122.0,7.0,5903.0,6314.0,39.0,6084.0,6110.0,-27.0,5943.0,6199.0,-11.0,5927.0,6223.142857142857,85.36085865592133,11.571428571428571,6182.642857142857,99.55486090431148,20.285714285714285,6415.333333333333,321.1742821899359,-4.1,81.0,284.0,1,85.36085865592133,99.55486090431148,13,1,33,8,3,2024,0,6213.0
2024-08-14,109.0,226.0,191.0,5987,178.0,False,False,False,6213.0,13.0,0.9319371727748691,0.8451327433628318,-7.0,-0.11254019292604722,6220.0,66.0,5981.0,6105.0,-109.0,5894.0,6209.0,-12.0,5950.0,6152.0,14.0,5954.0,6223.714285714285,85.26373649978488,15.142857142857142,6187.0,99.44538508845456,20.214285714285715,6387.166666666667,299.1685124650743,-1.3333333333333333,106.0,283.0,1,85.26373649978488,99.44538508845456,14,2,33,8,3,2024,0,6136.0
2024-08-15,124.0,241.0,156.0,5895,220.0,False,False,False,6136.0,-64.0,1.4102564102564104,0.6473029045643154,-77.0,-1.2393368742958266,6213.0,13.0,5987.0,6122.0,7.0,5903.0,6281.0,57.0,5998.0,6033.0,-8.0,5743.0,6203.0,86.62947920117416,-2.142857142857143,6194.357142857143,90.59173603242698,16.214285714285715,6356.533333333334,274.45767632176825,-3.6,-15.0,227.0,0,86.62947920117416,90.59173603242698,15,3,33,8,3,2024,0,6065.0
2024-08-18,86.0,244.0,235.0,5821,178.0,False,False,False,6065.0,57.0,0.7574468085106383,0.9631147540983607,-71.0,-1.1571056062581464,6136.0,-64.0,5895.0,6220.0,66.0,5981.0,6311.0,33.0,6038.0,6029.0,56.0,5819.0,6167.857142857143,85.40380274794285,1.2857142857142858,6196.928571428572,85.9279342828404,16.285714285714285,6324.833333333333,249.44297715222433,-0.5666666666666667,9.0,228.0,1,85.40380274794285,85.9279342828404,18,6,33,8,3,2024,1,6119.0
2024-08-19,176.0,254.0,162.0,5865,158.0,False,False,False,6119.0,4.0,0.9753086419753086,0.6377952755905512,54.0,0.8903544929925733,6065.0,57.0,5821.0,6213.0,13.0,5987.0,6314.0,39.0,6084.0,6133.0,116.0,5930.0,6140.0,56.80375574437556,-3.7142857142857144,6195.928571428572,86.80611843532955,8.285714285714286,6303.5,238.1426332958754,-1.1,-26.0,116.0,0,56.80375574437556,86.80611843532955,19,0,34,8,3,2024,0,6269.0
2024-08-20,136.0,274.0,245.0,5995,112.0,False,False,False,6269.0,133.0,0.45714285714285713,0.8941605839416058,150.0,2.45138094459878,6119.0,4.0,5865.0,6136.0,-64.0,5895.0,6105.0,-109.0,5894.0,6224.0,9.0,5963.0,6163.428571428572,71.8026395588565,30.857142857142858,6199.142857142857,88.73717211119548,17.142857142857142,6286.133333333333,219.72596307802368,3.1333333333333333,216.0,240.0,1,71.8026395588565,88.73717211119548,20,1,34,8,3,2024,0,6273.0
2024-08-21,134.0,245.0,167.0,6028,156.0,False,False,False,6273.0,11.0,0.9341317365269461,0.6816326530612244,4.0,0.06380602966979954,6269.0,133.0,5995.0,6065.0,57.0,5821.0,6122.0,7.0,5903.0,6314.0,43.0,6016.0,6185.0,79.54663202591706,31.428571428571427,6196.214285714285,85.2635539159604,14.857142857142858,6267.5,194.0397666316702,1.7666666666666666,220.0,208.0,1,79.54663202591706,85.2635539159604,21,2,34,8,3,2024,0,6361.0
2024-08-22,182.0,307.0,205.0,6054,171.0,False,False,False,6361.0,34.0,0.8341463414634146,0.6677524429967426,88.0,1.4028375577873398,6273.0,11.0,6028.0,6119.0,4.0,5865.0,6220.0,66.0,5981.0,6110.0,-27.0,5943.0,6205.142857142857,103.98466004084196,26.857142857142858,6214.142857142857,91.87353945915679,19.214285714285715,6252.666666666667,166.51091573065565,2.1,188.0,269.0,1,103.98466004084196,91.87353945915679,22,3,34,8,3,2024,0,6437.0
2024-08-27,149.0,285.0,222.0,6152,97.0,False,False,False,6437.0,125.0,0.4369369369369369,0.7789473684210526,76.0,1.1947806948592987,6361.0,34.0,6054.0,6269.0,133.0,5995.0,6213.0,13.0,5987.0,6209.0,-12.0,5950.0,6237.142857142857,136.26252672865016,42.857142857142854,6230.428571428572,109.42346414503717,29.0,6240.033333333334,133.37747401530308,8.666666666666666,300.0,406.0,1,136.26252672865016,109.42346414503717,27,1,35,8,3,2024,0,6512.0
2024-08-28,170.0,285.0,178.0,6227,134.0,False,False,False,6512.0,44.0,0.7528089887640449,0.624561403508772,75.0,1.1651390399254336,6437.0,125.0,6152.0,6273.0,11.0,6028.0,6136.0,-64.0,5895.0,6281.0,57.0,5998.0,6290.857142857143,161.51617934583516,58.285714285714285,6246.928571428572,132.5979836752081,28.071428571428573,6240.566666666667,134.46386088852154,12.566666666666666,408.0,393.0,1,161.51617934583516,132.5979836752081,28,2,35,8,3,2024,0,6545.0
2024-08-29,145.0,295.0,188.0,6250,169.0,False,False,False,6545.0,19.0,0.898936170212766,0.6372881355932203,33.0,0.5067567567567544,6512.0,44.0,6227.0,6361.0,34.0,6054.0,6065.0,57.0,5821.0,6311.0,33.0,6038.0,6359.428571428572,151.21051235816444,52.857142857142854,6263.642857142857,154.27229031956696,27.071428571428573,6243.133333333333,139.59195049739927,13.633333333333333,370.0,379.0,1,151.21051235816444,154.27229031956696,29,3,35,8,3,2024,0,6462.0
2024-09-02,133.0,270.0,198.0,6192,129.0,False,False,False,6462.0,69.0,0.6515151515151515,0.7333333333333333,-83.0,-1.268143621084794,6545.0,19.0,6250.0,6437.0,125.0,6152.0,6119.0,4.0,5865.0,6314.0,39.0,6084.0,6408.428571428572,110.3749022541737,62.142857142857146,6274.214285714285,162.82230926875286,29.214285714285715,6242.366666666667,138.27470991576538,17.6,435.0,409.0,1,110.3749022541737,162.82230926875286,2,0,36,9,3,2024,0,6535.0
2024-09-03,131.0,263.0,177.0,6272,112.0,False,False,False,6535.0,65.0,0.632768361581921,0.6730038022813688,73.0,1.1296812132466805,6462.0,69.0,6192.0,6512.0,44.0,6227.0,6269.0,133.0,5995.0,6105.0,-109.0,5894.0,6446.428571428572,99.63911069932111,52.42857142857143,6304.928571428572,168.89070853239946,41.642857142857146,6245.0,143.1497889238952,20.1,367.0,583.0,1,99.63911069932111,168.89070853239946,3,1,36,9,3,2024,0,6606.0
2024-09-04,121.0,231.0,219.0,6375,114.0,False,False,False,6606.0,105.0,0.5205479452054794,0.948051948051948,71.0,1.0864575363427775,6535.0,65.0,6272.0,6545.0,19.0,6250.0,6273.0,11.0,6028.0,6122.0,7.0,5903.0,6494.0,80.73826024051812,65.85714285714286,6339.5,177.86371186952064,48.642857142857146,6256.733333333334,157.60862337102563,25.5,461.0,681.0,1,80.73826024051812,177.86371186952064,4,2,36,9,3,2024,0,6678.0
2024-09-05,126.0,230.0,175.0,6448,121.0,False,False,False,6678.0,54.0,0.6914285714285714,0.7608695652173914,72.0,1.089918256130784,6606.0,105.0,6375.0,6462.0,69.0,6192.0,6361.0,34.0,6054.0,6220.0,66.0,5981.0,6539.285714285715,82.58675092634525,68.71428571428571,6372.214285714285,195.44433737254263,47.785714285714285,6272.966666666666,174.75233377814973,29.933333333333334,481.0,669.0,1,82.58675092634525,195.44433737254263,5,3,36,9,3,2024,0,6567.0
2024-09-08,123.0,255.0,164.0,6312,221.0,False,False,False,6567.0,-57.0,1.3475609756097562,0.6431372549019608,-111.0,-1.6621743036837389,6678.0,54.0,6448.0,6535.0,65.0,6272.0,6437.0,125.0,6152.0,6213.0,13.0,5987.0,6557.857142857143,69.29990036410483,42.714285714285715,6397.5,196.15957005224013,42.785714285714285,6284.466666666666,182.4643060669568,29.5,299.0,599.0,1,69.29990036410483,196.15957005224013,8,6,36,9,3,2024,1,6628.0
2024-09-09,144.0,275.0,190.0,6353,141.0,False,False,False,6628.0,49.0,0.7421052631578947,0.6909090909090909,61.0,0.928886858535094,6567.0,-57.0,6312.0,6606.0,105.0,6375.0,6512.0,44.0,6227.0,6136.0,-64.0,5895.0,6574.428571428572,70.36774152704939,43.42857142857143,6432.642857142857,189.67162195707147,50.857142857142854,6298.766666666666,192.09187516846598,31.5,304.0,712.0,1,70.36774152704939,189.67162195707147,9,0,37,9,3,2024,0,6647.0
2024-09-10,131.0,251.0,180.0,6396,148.0,False,False,False,6647.0,32.0,0.8222222222222222,0.7171314741035857,19.0,0.28666264333132574,6628.0,49.0,6353.0,6678.0,54.0,6448.0,6545.0,19.0,6250.0,6065.0,57.0,5821.0,6589.0,73.73827590425374,45.285714285714285,6474.214285714285,165.08094917409755,49.07142857142857,6315.266666666666,200.1411455970761,32.1,317.0,687.0,1,73.73827590425374,165.08094917409755,10,1,37,9,3,2024,0,6658.0
2024-09-11,93.0,248.0,175.0,6410,162.0,False,False,False,6658.0,13.0,0.9257142857142857,0.7056451612903226,11.0,0.16548819016097838,6647.0,32.0,6396.0,6567.0,-57.0,6312.0,6462.0,69.0,6192.0,6119.0,4.0,5865.0,6617.0,51.264022471889554,37.285714285714285,6512.714285714285,136.19015471669985,49.714285714285715,6336.1,202.26380009180278,32.8,261.0,696.0,1,51.264022471889554,136.19015471669985,11,2,37,9,3,2024,0,6640.0
2024-09-12,184.0,280.0,210.0,6360,220.0,False,False,False,6640.0,-10.0,1.0476190476190477,0.75,-18.0,-0.270351456893958,6658.0,13.0,6410.0,6628.0,49.0,6353.0,6535.0,65.0,6272.0,6269.0,133.0,5995.0,6632.0,36.51027252703454,26.571428571428573,6539.214285714285,120.28631137123023,39.5,6356.466666666666,201.03263302315,30.6,186.0,553.0,1,36.51027252703454,120.28631137123023,12,3,37,9,3,2024,0,6526.0
2024-09-13,81.0,200.0,212.0,6326,279.0,True,False,False,6526.0,-67.0,1.3160377358490567,1.06,-114.0,-1.7168674698795128,6640.0,-10.0,6360.0,6647.0,32.0,6396.0,6606.0,105.0,6375.0,6273.0,11.0,6028.0,6620.571428571428,54.2274750252806,2.0,6557.285714285715,93.16109172282435,33.92857142857143,6369.566666666667,198.76041431542956,24.5,14.0,475.0,1,54.2274750252806,93.16109172282435,13,4,37,9,3,2024,0,6454.0
2024-09-15,98.0,220.0,167.0,6234,210.0,False,False,False,6454.0,-43.0,1.2574850299401197,0.759090909090909,-72.0,-1.1032791909285966,6526.0,-67.0,6326.0,6658.0,13.0,6410.0,6678.0,54.0,6448.0,6361.0,34.0,6054.0,6588.571428571428,76.2929816406303,-11.857142857142858,6563.928571428572,80.55047560926296,28.428571428571427,6377.233333333334,197.3829960417752,22.766666666666666,-83.0,398.0,0,76.2929816406303,80.55047560926296,15,6,37,9,3,2024,1,6438.0
2024-09-16,113.0,209.0,160.0,6229,164.0,False,False,False,6438.0,-4.0,1.025,0.7655502392344498,-16.0,-0.24790827393864623,6454.0,-43.0,6234.0,6640.0,-10.0,6360.0,6567.0,-57.0,6312.0,6437.0,125.0,6152.0,6570.142857142857,95.527358335059,-4.285714285714286,6564.0,80.42961567061239,19.214285714285715,6381.366666666667,197.31149595695703,21.2,-30.0,269.0,0,95.527358335059,80.42961567061239,16,0,38,9,3,2024,0,6531.0
2024-09-17,159.0,304.0,139.0,6227,160.0,False,False,False,6531.0,-21.0,1.1510791366906474,0.45723684210526316,93.0,1.4445479962721386,6438.0,-4.0,6229.0,6526.0,-67.0,6326.0,6628.0,49.0,6353.0,6512.0,44.0,6227.0,6556.285714285715,92.73027963887193,-14.285714285714286,6565.357142857143,79.64112499963889,14.571428571428571,6395.4,192.2520974281111,21.4,-100.0,204.0,0,92.73027963887193,79.64112499963889,17,1,38,9,3,2024,0,6458.0
2024-09-18,116.0,213.0,217.0,6245,149.0,True,False,False,6458.0,68.0,0.6866359447004609,1.0187793427230047,-73.0,-1.1177461338233052,6531.0,-21.0,6227.0,6454.0,-43.0,6234.0,6647.0,32.0,6396.0,6545.0,19.0,6250.0,6529.285714285715,89.36948451179217,-9.142857142857142,6559.142857142857,84.59210468964359,18.071428571428573,6403.7,189.2792408968122,24.066666666666666,-64.0,253.0,0,89.36948451179217,84.59210468964359,18,2,38,9,3,2024,0,6466.0
2024-09-19,93.0,196.0,169.0,6270,188.0,False,False,False,6466.0,-19.0,1.1124260355029585,0.8622448979591837,8.0,0.12387736141219463,6458.0,68.0,6245.0,6438.0,-4.0,6229.0,6658.0,13.0,6410.0,6462.0,69.0,6192.0,6501.857142857143,70.82002676132629,-13.714285714285714,6559.428571428572,84.24480288531898,11.785714285714286,6409.866666666667,188.15414321557245,21.533333333333335,-96.0,165.0,0,70.82002676132629,84.24480288531898,19,3,38,9,3,2024,0,6223.0
2024-09-22,124.0,234.0,161.0,5989,197.0,False,False,False,6223.0,-36.0,1.2236024844720497,0.688034188034188,-243.0,-3.7581193937519353,6466.0,-19.0,6270.0,6531.0,-21.0,6227.0,6640.0,-10.0,6360.0,6535.0,65.0,6272.0,6442.285714285715,103.22259811641888,-17.428571428571427,6537.142857142857,123.38112132291955,4.571428571428571,6406.933333333333,190.420937224151,19.233333333333334,-122.0,64.0,0,103.22259811641888,123.38112132291955,22,6,38,9,3,2024,1,6205.0
2024-09-23,92.0,203.0,173.0,6002,165.0,False,False,False,6205.0,8.0,0.953757225433526,0.8522167487684729,-18.0,-0.28924955809095376,6223.0,-36.0,5989.0,6458.0,68.0,6245.0,6526.0,-67.0,6326.0,6606.0,105.0,6375.0,6396.428571428572,128.13125710621173,-6.714285714285714,6508.5,149.86904540041374,-2.357142857142857,6403.3,193.2738186240132,18.2,-47.0,-33.0,0,128.13125710621173,149.86904540041374,23,0,39,9,3,2024,0,6282.0
2024-09-24,186.0,259.0,172.0,6023,143.0,False,False,False,6282.0,29.0,0.8313953488372093,0.6640926640926641,77.0,1.2409347300563978,6205.0,8.0,6002.0,6466.0,-19.0,6270.0,6454.0,-43.0,6234.0,6678.0,54.0,6448.0,6371.857142857143,131.6933667924927,3.5714285714285716,6480.214285714285,152.75932733523405,-4.142857142857143,6409.2,186.43430940717076,22.8,25.0,-58.0,1,131.6933667924927,152.75932733523405,24,1,39,9,3,2024,0,6275.0
2024-09-25,154.0,225.0,220.0,6050,169.0,False,False,False,6275.0,51.0,0.7681818181818182,0.9777777777777777,-7.0,-0.11142948105699046,6282.0,29.0,6023.0,6223.0,-36.0,5989.0,6438.0,-4.0,6229.0,6567.0,-57.0,6312.0,6348.571428571428,132.45736061446948,11.428571428571429,6459.357142857143,159.7717637241262,3.5714285714285716,6414.3,180.29863158580795,24.266666666666666,80.0,50.0,1,132.45736061446948,159.7717637241262,25,2,39,9,3,2024,0,6289.0
2024-09-26,91.0,199.0,172.0,6090,185.0,False,False,False,6289.0,-13.0,1.0755813953488371,0.864321608040201,14.0,0.223107569721126,6275.0,51.0,6050.0,6205.0,8.0,6002.0,6531.0,-21.0,6227.0,6628.0,49.0,6353.0,6314.0,105.80800221785074,12.571428571428571,6435.142857142857,157.92493696148088,-0.8571428571428571,6416.6,178.16199525071258,21.633333333333333,88.0,-12.0,1,105.80800221785074,157.92493696148088,26,3,39,9,3,2024,0,6138.0
2024-09-29,81.0,213.0,153.0,5925,177.0,False,False,False,6138.0,-24.0,1.1568627450980393,0.7183098591549296,-151.0,-2.401017649864845,6289.0,-13.0,6090.0,6282.0,29.0,6023.0,6458.0,68.0,6245.0,6647.0,32.0,6396.0,6268.285714285715,102.29322930626593,-0.5714285714285714,6398.785714285715,163.87808722501663,-4.857142857142857,6414.1,181.61029706487125,20.4,-4.0,-68.0,0,102.29322930626593,163.87808722501663,29,6,39,9,3,2024,1,6252.0
2024-09-30,209.0,285.0,184.0,5967,138.0,False,False,False,6252.0,46.0,0.75,0.6456140350877193,114.0,1.8572825024437911,6138.0,-24.0,5925.0,6275.0,51.0,6050.0,6466.0,-19.0,6270.0,6658.0,13.0,6410.0,6237.714285714285,53.87551789608209,8.714285714285714,6369.785714285715,149.79687712234735,-2.5,6417.966666666666,176.65229501289852,24.066666666666666,61.0,-35.0,1,53.87551789608209,149.79687712234735,30,0,40,9,3,2024,0,6354.0
2024-10-01,184.0,314.0,217.0,6040,137.0,False,False,False,6354.0,80.0,0.631336405529954,0.6910828025477707,102.0,1.6314779270633295,6252.0,46.0,5967.0,6289.0,-13.0,6090.0,6223.0,-36.0,5989.0,6640.0,-10.0,6360.0,6256.428571428572,68.6412343101334,25.285714285714285,6349.357142857143,128.0322117779384,3.9285714285714284,6427.6,164.180010543488,24.833333333333332,177.0,55.0,1,68.6412343101334,128.0322117779384,1,1,40,10,4,2024,0,6306.0
2024-10-02,107.0,215.0,230.0,6091,173.0,True,False,False,6306.0,57.0,0.7521739130434782,1.069767441860465,-48.0,-0.7554296506137814,6354.0,80.0,6040.0,6138.0,-24.0,5925.0,6205.0,8.0,6002.0,6526.0,-67.0,6326.0,6270.857142857143,66.61438426102687,32.285714285714285,6333.642857142857,117.77397331844027,12.785714285714286,6433.833333333333,155.37320661338055,26.6,226.0,179.0,1,66.61438426102687,117.77397331844027,2,2,40,10,4,2024,0,6280.0
2024-10-03,101.0,162.0,178.0,6118,193.0,True,False,False,6280.0,-15.0,1.0842696629213484,1.0987654320987654,-26.0,-0.4123057405645447,6306.0,57.0,6091.0,6252.0,46.0,5967.0,6282.0,29.0,6023.0,6454.0,-43.0,6234.0,6270.571428571428,66.5628954269464,26.0,6321.214285714285,113.18750853303644,14.785714285714286,6434.2,154.98329164670005,21.666666666666668,182.0,207.0,1,66.5628954269464,113.18750853303644,3,3,40,10,4,2024,0,6158.0
2024-10-07,99.0,190.0,176.0,5968,153.0,False,False,False,6158.0,23.0,0.8693181818181818,0.9263157894736842,-122.0,-1.942675159235674,6280.0,-15.0,6118.0,6354.0,80.0,6040.0,6275.0,51.0,6050.0,6438.0,-4.0,6229.0,6253.857142857143,78.82560618527347,22.0,6301.214285714285,115.67472868845356,16.714285714285715,6430.366666666667,160.43421325141372,22.066666666666666,154.0,234.0,1,78.82560618527347,115.67472868845356,7,0,41,10,4,2024,0,6252.0
2024-10-08,167.0,239.0,166.0,6013,123.0,False,False,False,6252.0,43.0,0.7409638554216867,0.694560669456067,94.0,1.5264696329977179,6158.0,23.0,5968.0,6306.0,57.0,6091.0,6289.0,-13.0,6090.0,6531.0,-21.0,6227.0,6248.571428571428,77.30212835115672,30.0,6281.285714285715,95.27646296756221,21.285714285714285,6426.733333333334,163.26853981078196,22.366666666666667,210.0,298.0,1,77.30212835115672,95.27646296756221,8,1,41,10,4,2024,0,6263.0
2024-10-09,115.0,216.0,169.0,6047,137.0,False,False,False,6263.0,32.0,0.8106508875739645,0.7824074074074074,11.0,0.175943698016634,6252.0,43.0,6013.0,6280.0,-15.0,6118.0,6138.0,-24.0,5925.0,6458.0,68.0,6245.0,6266.428571428572,60.005158508403305,38.0,6267.357142857143,80.57448264030222,18.714285714285715,6420.933333333333,165.95968212775313,19.266666666666666,266.0,262.0,1,60.005158508403305,80.57448264030222,9,2,41,10,4,2024,0,6233.0
2024-10-10,84.0,158.0,193.0,6075,159.0,True,False,False,6233.0,34.0,0.8238341968911918,1.2215189873417722,-30.0,-0.4790036723614888,6263.0,32.0,6047.0,6158.0,23.0,5968.0,6252.0,46.0,5967.0,6466.0,-19.0,6270.0,6263.714285714285,61.18473198904284,36.285714285714285,6250.714285714285,57.003952051203946,22.5,6411.633333333333,168.47868653358725,18.933333333333334,254.0,315.0,1,61.18473198904284,57.003952051203946,10,3,41,10,4,2024,0,6116.0
2024-10-13,130.0,227.0,192.0,5889,210.0,False,False,False,6116.0,-18.0,1.09375,0.8458149779735683,-117.0,-1.8771057275790204,6233.0,34.0,6075.0,6252.0,43.0,6013.0,6354.0,80.0,6040.0,6223.0,-36.0,5989.0,6229.714285714285,68.35864804035062,22.285714285714285,6243.071428571428,67.25664312141654,23.785714285714285,6397.333333333333,174.85409352651496,17.7,156.0,333.0,1,68.35864804035062,67.25664312141654,13,6,41,10,4,2024,1,6149.0
2024-10-14,88.0,214.0,160.0,5935,106.0,False,False,False,6149.0,54.0,0.6625,0.7476635514018691,33.0,0.5395683453237377,6116.0,-18.0,5889.0,6263.0,32.0,6047.0,6306.0,57.0,6091.0,6205.0,8.0,6002.0,6207.285714285715,64.82210087543177,21.857142857142858,6239.071428571428,71.24223497309484,27.071428571428573,6386.9,180.1212905526038,17.2,153.0,379.0,1,64.82210087543177,71.24223497309484,14,0,42,10,4,2024,0,6221.0
2024-10-15,113.0,208.0,159.0,6013,107.0,False,False,False,6221.0,52.0,0.6729559748427673,0.7644230769230769,72.0,1.170922101154659,6149.0,54.0,5935.0,6233.0,34.0,6075.0,6280.0,-15.0,6118.0,6282.0,29.0,6023.0,6198.857142857143,57.176418715610296,31.428571428571427,6234.714285714285,70.27356278416028,28.714285714285715,6376.433333333333,180.34156927670904,16.766666666666666,220.0,402.0,1,57.176418715610296,70.27356278416028,15,1,42,10,4,2024,0,6321.0
2024-10-16,174.0,285.0,150.0,6036,129.0,False,False,False,6321.0,21.0,0.86,0.5263157894736842,100.0,1.6074586079408482,6221.0,52.0,6013.0,6116.0,-18.0,5889.0,6158.0,23.0,5968.0,6275.0,51.0,6050.0,6222.142857142857,69.60466596291744,31.142857142857142,6238.0,73.31176839103681,26.571428571428573,6366.933333333333,175.26668022015164,13.966666666666667,218.0,372.0,1,69.60466596291744,73.31176839103681,16,2,42,10,4,2024,0,6306.0
2024-10-17,104.0,230.0,206.0,6076,160.0,False,False,False,6306.0,46.0,0.7766990291262136,0.8956521739130435,-15.0,-0.23730422401518902,6321.0,21.0,6036.0,6149.0,54.0,5935.0,6252.0,43.0,6013.0,6289.0,-13.0,6090.0,6229.857142857143,76.14991479843732,31.571428571428573,6239.214285714285,74.35484420768073,30.785714285714285,6354.533333333334,165.38059205927271,13.7,221.0,431.0,1,76.14991479843732,74.35484420768073,17,3,42,10,4,2024,0,6194.0
2024-10-20,147.0,276.0,214.0,5918,195.0,False,False,False,6194.0,19.0,0.9112149532710281,0.7753623188405797,-112.0,-1.776086267047261,6306.0,46.0,6076.0,6221.0,52.0,6013.0,6263.0,32.0,6047.0,6138.0,-24.0,5925.0,6220.0,75.60864148142375,29.714285714285715,6243.214285714285,69.86159787142294,33.857142857142854,6342.1,162.85837934883293,16.233333333333334,208.0,474.0,1,75.60864148142375,69.86159787142294,20,6,42,10,4,2024,1,6186.0
2024-10-21,108.0,220.0,213.0,5966,154.0,False,False,False,6186.0,59.0,0.7230046948356808,0.9681818181818181,-8.0,-0.12915724895059544,6194.0,19.0,5918.0,6321.0,21.0,6036.0,6233.0,34.0,6075.0,6252.0,46.0,5967.0,6213.285714285715,76.34508123364124,33.285714285714285,6238.5,71.43232407728699,34.785714285714285,6327.366666666667,155.94859527359145,16.566666666666666,233.0,487.0,1,76.34508123364124,71.43232407728699,21,0,43,10,4,2024,0,6323.0
2024-10-22,180.0,280.0,146.0,6043,109.0,False,False,False,6323.0,37.0,0.7465753424657534,0.5214285714285715,137.0,2.2146783058519137,6186.0,59.0,5966.0,6306.0,46.0,6076.0,6116.0,-18.0,5889.0,6354.0,80.0,6040.0,6242.857142857143,72.36810662952634,41.142857142857146,6236.285714285715,67.97333025811885,31.714285714285715,6316.566666666667,143.79503692293562,16.733333333333334,288.0,444.0,1,72.36810662952634,67.97333025811885,22,1,43,10,4,2024,0,6371.0
2024-10-23,134.0,294.0,186.0,6077,138.0,False,False,False,6371.0,48.0,0.7419354838709677,0.6326530612244898,48.0,0.7591333227898067,6323.0,37.0,6043.0,6194.0,19.0,5918.0,6149.0,54.0,5935.0,6306.0,57.0,6091.0,6274.571428571428,73.022501424459,40.285714285714285,6240.928571428572,74.96200502793253,31.071428571428573,6307.0,129.09152059544948,17.9,282.0,435.0,1,73.022501424459,74.96200502793253,23,2,43,10,4,2024,0,6287.0
2024-10-27,202.0,313.0,158.0,5974,192.0,False,False,False,6287.0,-34.0,1.2151898734177216,0.5047923322683706,-84.0,-1.318474336838804,6371.0,48.0,6077.0,6186.0,59.0,5966.0,6221.0,52.0,6013.0,6280.0,-15.0,6118.0,6284.0,69.10861017267914,28.0,6241.428571428572,75.26539125577371,29.714285714285715,6295.233333333334,112.74496191303493,17.1,196.0,416.0,1,69.10861017267914,75.26539125577371,27,6,43,10,4,2024,1,6280.0
2024-10-28,110.0,272.0,193.0,6008,156.0,False,False,False,6280.0,37.0,0.8082901554404145,0.7095588235294118,-7.0,-0.11134086209638738,6287.0,-34.0,5974.0,6323.0,37.0,6043.0,6321.0,21.0,6036.0,6158.0,23.0,5968.0,6278.142857142857,67.16007884506658,30.285714285714285,6250.142857142857,71.84797748118797,30.714285714285715,6287.033333333334,103.98822325005202,20.566666666666666,212.0,430.0,1,67.16007884506658,71.84797748118797,28,0,44,10,4,2024,0,6383.0
2024-10-29,166.0,277.0,229.0,6106,126.0,False,False,False,6383.0,103.0,0.5502183406113537,0.8267148014440433,103.0,1.6401273885350287,6280.0,37.0,6008.0,6371.0,48.0,6077.0,6306.0,46.0,6076.0,6252.0,43.0,6013.0,6289.142857142857,77.92609441307512,38.42857142857143,6259.5,80.15825692872463,35.0,6284.666666666667,100.8167793003513,25.433333333333334,269.0,490.0,1,77.92609441307512,80.15825692872463,29,1,44,10,4,2024,0,6425.0
2024-10-30,136.0,276.0,178.0,6149,160.0,False,False,False,6425.0,18.0,0.898876404494382,0.644927536231884,42.0,0.6579978066739711,6383.0,103.0,6106.0,6287.0,-34.0,5974.0,6194.0,19.0,5918.0,6263.0,32.0,6047.0,6322.142857142857,79.80899817987513,38.285714285714285,6271.071428571428,91.58137557196578,34.0,6284.233333333334,100.1607960105213,26.166666666666668,268.0,476.0,1,79.80899817987513,91.58137557196578,30,2,44,10,4,2024,0,6394.0
2024-10-31,87.0,246.0,173.0,6148,177.0,False,False,False,6394.0,-4.0,1.023121387283237,0.7032520325203252,-31.0,-0.4824902723735369,6425.0,18.0,6149.0,6280.0,37.0,6008.0,6186.0,59.0,5966.0,6233.0,34.0,6075.0,6351.857142857143,55.77463154345792,29.285714285714285,6282.571428571428,96.41394272434499,31.285714285714285,6279.666666666667,91.24855533412386,26.733333333333334,205.0,438.0,1,55.77463154345792,96.41394272434499,31,3,44,10,4,2024,0,6161.0
2024-11-03,84.0,171.0,157.0,5990,184.0,False,False,False,6161.0,-27.0,1.1719745222929936,0.9181286549707602,-233.0,-3.6440412887081663,6394.0,-4.0,6148.0,6383.0,103.0,6106.0,6323.0,37.0,6043.0,6116.0,-18.0,5889.0,6328.714285714285,91.75095691728315,20.142857142857142,6285.785714285715,91.03353445631603,30.642857142857142,6269.766666666666,87.25732192701611,23.566666666666666,141.0,429.0,1,91.75095691728315,91.03353445631603,3,6,44,11,4,2024,1,6216.0
2024-11-04,167.0,209.0,157.0,6007,132.0,False,False,False,6216.0,25.0,0.8407643312101911,0.7511961722488039,55.0,0.8927122220418804,6161.0,-27.0,5990.0,6425.0,18.0,6149.0,6371.0,48.0,6077.0,6149.0,54.0,5935.0,6306.571428571428,98.313880238846,16.857142857142858,6290.571428571428,84.83986208031578,28.571428571428573,6261.433333333333,79.45967675415538,25.033333333333335,118.0,400.0,1,98.313880238846,84.83986208031578,4,0,45,11,4,2024,0,6290.0
2024-11-05,109.0,245.0,159.0,6045,126.0,False,False,False,6290.0,33.0,0.7924528301886793,0.6489795918367347,74.0,1.1904761904761862,6216.0,25.0,6007.0,6394.0,-4.0,6148.0,6287.0,-34.0,5974.0,6221.0,52.0,6013.0,6307.0,98.22083960816278,26.428571428571427,6295.5,82.45814789243617,27.214285714285715,6263.666666666667,79.2835736925442,27.333333333333332,185.0,381.0,1,98.22083960816278,82.45814789243617,5,1,45,11,4,2024,0,6342.0
2024-11-06,156.0,256.0,176.0,6086,137.0,False,False,False,6342.0,39.0,0.7784090909090909,0.6875,52.0,0.8267090620031725,6290.0,33.0,6045.0,6161.0,-27.0,5990.0,6280.0,37.0,6008.0,6321.0,21.0,6036.0,6315.857142857143,98.17574135434515,26.714285714285715,6297.0,83.14584036039004,28.5,6268.233333333334,79.7321738084429,28.366666666666667,187.0,399.0,1,98.17574135434515,83.14584036039004,6,2,45,11,4,2024,0,6316.0
2024-11-07,125.0,232.0,192.0,6084,177.0,False,False,False,6316.0,15.0,0.921875,0.8275862068965517,-26.0,-0.40996531062755803,6342.0,39.0,6086.0,6216.0,25.0,6007.0,6383.0,103.0,6106.0,6306.0,46.0,6076.0,6306.285714285715,93.70292468881219,14.142857142857142,6297.714285714285,83.2719627499224,26.285714285714285,6269.366666666667,80.17501689007122,27.9,99.0,368.0,1,93.70292468881219,83.2719627499224,7,3,45,11,4,2024,0,6102.0
2024-11-11,118.0,139.0,168.0,5963,145.0,True,False,False,6102.0,23.0,0.8630952380952381,1.20863309352518,-214.0,-3.3882203926535737,6316.0,15.0,6084.0,6290.0,33.0,6045.0,6425.0,18.0,6149.0,6194.0,19.0,5918.0,6260.142857142857,104.41651940094918,14.857142857142858,6291.142857142857,94.90388428695665,26.571428571428573,6263.6,85.78143839085244,26.966666666666665,104.0,372.0,1,104.41651940094918,94.90388428695665,11,0,46,11,4,2024,0,6210.0
2024-11-12,142.0,235.0,139.0,5975,138.0,False,False,False,6210.0,1.0,0.9928057553956835,0.5914893617021276,108.0,1.7699115044247815,6102.0,23.0,5963.0,6342.0,39.0,6086.0,6394.0,-4.0,6148.0,6186.0,59.0,5966.0,6233.857142857143,86.77255436182313,15.571428571428571,6292.857142857143,93.05734968112459,22.428571428571427,6260.966666666666,86.18643918181313,27.433333333333334,109.0,314.0,1,86.77255436182313,93.05734968112459,12,1,46,11,4,2024,0,6211.0
2024-11-13,148.0,245.0,175.0,5966,151.0,False,False,False,6211.0,24.0,0.8628571428571429,0.7142857142857143,1.0,0.016103059581329404,6210.0,1.0,5975.0,6316.0,15.0,6084.0,6161.0,-27.0,5990.0,6323.0,37.0,6043.0,6241.0,81.68435182660552,22.857142857142858,6284.857142857143,95.05937993849231,21.5,6263.4,83.58625526338247,29.033333333333335,160.0,301.0,1,81.68435182660552,95.05937993849231,13,2,46,11,4,2024,0,6244.0
2024-11-14,119.0,219.0,210.0,6025,172.0,False,False,False,6244.0,38.0,0.819047619047619,0.958904109589041,33.0,0.5313154081468374,6211.0,24.0,5966.0,6102.0,23.0,5963.0,6216.0,25.0,6007.0,6371.0,48.0,6077.0,6245.0,80.93824806603688,24.714285714285715,6275.785714285715,92.22395698387339,20.785714285714285,6263.133333333333,83.63662509607308,28.766666666666666,173.0,291.0,1,80.93824806603688,92.22395698387339,14,3,46,11,4,2024,0,6026.0
2024-11-17,105.0,210.0,149.0,5816,195.0,False,False,False,6026.0,-46.0,1.308724832214765,0.7095238095238096,-218.0,-3.49135169762973,6244.0,38.0,6025.0,6210.0,1.0,5975.0,6290.0,33.0,6045.0,6287.0,-34.0,5974.0,6207.285714285715,112.0159427428564,13.428571428571429,6257.142857142857,113.6694649092389,19.928571428571427,6252.2,92.33499728774385,24.566666666666666,94.0,279.0,1,112.0159427428564,113.6694649092389,17,6,46,11,4,2024,1,6022.0
2024-11-18,143.0,203.0,163.0,5819,138.0,False,False,False,6022.0,25.0,0.8466257668711656,0.8029556650246306,-4.0,-0.06637902422834685,6026.0,-46.0,5816.0,6211.0,24.0,5966.0,6342.0,39.0,6086.0,6280.0,37.0,6008.0,6161.571428571428,113.16633354323471,11.428571428571429,6238.714285714285,129.49156703844363,19.071428571428573,6242.733333333334,100.79953931653873,23.5,80.0,267.0,1,113.16633354323471,129.49156703844363,18,0,47,11,4,2024,0,6053.0
2024-11-19,119.0,209.0,152.0,5844,146.0,False,False,False,6053.0,6.0,0.9605263157894737,0.7272727272727273,31.0,0.5147791431418192,6022.0,25.0,5819.0,6244.0,38.0,6025.0,6316.0,15.0,6084.0,6383.0,103.0,6106.0,6124.0,95.65388997143,10.142857142857142,6215.142857142857,131.23018950443122,12.142857142857142,6235.166666666667,106.27682893183103,24.2,71.0,170.0,1,95.65388997143,131.23018950443122,19,1,47,11,4,2024,0,6091.0
2024-11-20,155.0,212.0,181.0,5879,148.0,False,False,False,6091.0,33.0,0.8176795580110497,0.8537735849056604,38.0,0.6277878737815934,6053.0,6.0,5844.0,6026.0,-46.0,5816.0,6102.0,23.0,5963.0,6425.0,18.0,6149.0,6122.428571428572,96.16454152970744,11.571428571428571,6191.285714285715,120.02591295310606,13.214285714285714,6232.933333333333,108.6322278126054,24.533333333333335,81.0,185.0,1,96.16454152970744,120.02591295310606,20,2,47,11,4,2024,0,6064.0
2024-11-21,109.0,214.0,173.0,5850,210.0,False,False,False,6064.0,-37.0,1.2138728323699421,0.8084112149532711,-27.0,-0.44327696601543787,6091.0,33.0,5879.0,6022.0,25.0,5819.0,6210.0,1.0,5975.0,6394.0,-4.0,6148.0,6101.571428571428,89.61558112824049,6.142857142857143,6167.714285714285,109.05568695464801,10.857142857142858,6226.666666666667,112.83565508056739,21.866666666666667,43.0,152.0,1,89.61558112824049,109.05568695464801,21,3,47,11,4,2024,0,5947.0
2024-11-24,191.0,283.0,192.0,5664,207.0,False,False,False,5947.0,-15.0,1.078125,0.6784452296819788,-117.0,-1.9294195250659674,6064.0,-37.0,5850.0,6053.0,6.0,5844.0,6211.0,24.0,5966.0,6161.0,-27.0,5990.0,6063.857142857143,91.42105623875483,0.5714285714285714,6152.428571428572,124.03765823066918,11.714285714285714,6216.133333333333,123.56618590391138,20.3,4.0,164.0,1,91.42105623875483,124.03765823066918,24,6,47,11,4,2024,1,6012.0
2024-11-25,170.0,297.0,196.0,5715,129.0,False,False,False,6012.0,67.0,0.6581632653061225,0.6599326599326599,65.0,1.0929880612073228,5947.0,-15.0,5664.0,6091.0,33.0,5879.0,6244.0,38.0,6025.0,6216.0,25.0,6007.0,6030.714285714285,45.99896479166647,4.714285714285714,6137.857142857143,127.91695451641735,14.714285714285714,6208.766666666666,128.99443541411173,21.4,33.0,206.0,1,45.99896479166647,127.91695451641735,25,0,48,11,4,2024,0,6098.0
2024-11-26,152.0,272.0,214.0,5826,112.0,False,False,False,6098.0,102.0,0.5233644859813084,0.7867647058823529,86.0,1.4304723885562254,6012.0,67.0,5715.0,6064.0,-37.0,5850.0,6026.0,-46.0,5816.0,6290.0,33.0,6045.0,6041.0,52.376839665385326,25.857142857142858,6124.142857142857,120.42352002757762,19.642857142857142,6208.166666666667,129.48174770404935,25.4,181.0,275.0,1,52.376839665385326,120.42352002757762,26,1,48,11,4,2024,0,6229.0
2024-11-27,239.0,367.0,224.0,5862,211.0,False,False,False,6229.0,13.0,0.9419642857142857,0.6103542234332425,131.0,2.1482453263365064,6098.0,102.0,5826.0,5947.0,-15.0,5664.0,6022.0,25.0,5819.0,6342.0,39.0,6086.0,6070.571428571428,86.91155876877953,24.142857142857142,6116.071428571428,107.82640199432304,17.785714285714285,6210.833333333333,129.04425419296766,24.033333333333335,169.0,249.0,1,86.91155876877953,107.82640199432304,27,2,48,11,4,2024,0,6243.0
2024-11-28,113.0,280.0,237.0,5963,143.0,False,False,False,6243.0,94.0,0.6033755274261603,0.8464285714285714,14.0,0.224755177396041,6229.0,13.0,5862.0,6012.0,67.0,5715.0,6053.0,6.0,5844.0,6316.0,15.0,6084.0,6097.714285714285,107.69356880475539,36.714285714285715,6110.857142857143,98.80194419055056,23.428571428571427,6211.566666666667,129.16647460122502,25.433333333333334,257.0,328.0,1,107.69356880475539,98.80194419055056,28,3,48,11,4,2024,0,6292.0
2024-12-01,196.0,306.0,187.0,5986,149.0,False,False,False,6292.0,38.0,0.7967914438502673,0.6111111111111112,49.0,0.7848790645522907,6243.0,94.0,5963.0,6098.0,102.0,5826.0,6091.0,33.0,5879.0,6102.0,23.0,5963.0,6126.428571428572,130.07543598857833,37.42857142857143,6124.428571428572,109.9158519300228,24.5,6210.6,128.42563929206491,26.0,262.0,343.0,1,130.07543598857833,109.9158519300228,1,6,48,12,4,2024,1,6391.0
2024-12-02,236.0,330.0,222.0,6061,115.0,False,False,False,6391.0,107.0,0.5180180180180181,0.6727272727272727,99.0,1.573426573426584,6292.0,38.0,5986.0,6229.0,13.0,5862.0,6064.0,-37.0,5850.0,6210.0,1.0,5975.0,6173.142857142857,159.3438928559097,58.0,6137.357142857143,129.63179046402544,32.07142857142857,6213.433333333333,131.50368641304044,28.033333333333335,406.0,449.0,1,159.3438928559097,129.63179046402544,2,0,49,12,4,2024,0,6422.0
2024-12-03,81.0,230.0,242.0,6192,107.0,True,False,False,6422.0,135.0,0.44214876033057854,1.0521739130434782,31.0,0.48505711156312525,6391.0,107.0,6061.0,6243.0,94.0,5963.0,5947.0,-15.0,5664.0,6211.0,24.0,5966.0,6241.0,147.70466027402713,79.42857142857143,6152.428571428572,149.58286321313864,40.0,6221.033333333334,136.82268498471385,31.9,556.0,560.0,1,147.70466027402713,149.58286321313864,3,1,49,12,4,2024,0,6514.0
2024-12-04,118.0,245.0,160.0,6269,115.0,False,False,False,6514.0,45.0,0.71875,0.6530612244897959,92.0,1.4325755216443525,6422.0,135.0,6192.0,6292.0,38.0,5986.0,6012.0,67.0,5715.0,6244.0,38.0,6025.0,6312.714285714285,139.63489808032799,76.28571428571429,6171.714285714285,177.16069566334193,40.5,6231.966666666666,146.67686354309643,31.433333333333334,534.0,567.0,1,139.63489808032799,177.16069566334193,4,2,49,12,4,2024,0,6593.0
2024-12-05,218.0,283.0,208.0,6310,150.0,False,False,False,6593.0,58.0,0.7211538461538461,0.734982332155477,79.0,1.2127724900214965,6514.0,45.0,6269.0,6391.0,107.0,6061.0,6098.0,102.0,5826.0,6026.0,-46.0,5816.0,6383.428571428572,138.10727369555016,70.0,6212.214285714285,204.0554896520777,47.92857142857143,6240.966666666666,160.12247108734007,32.13333333333333,490.0,671.0,1,138.10727369555016,204.0554896520777,5,3,49,12,4,2024,0,6529.0
2024-12-08,132.0,243.0,183.0,6286,172.0,False,False,False,6529.0,11.0,0.9398907103825137,0.7530864197530864,-64.0,-0.9707265281359012,6593.0,58.0,6310.0,6422.0,135.0,6192.0,6229.0,13.0,5862.0,6022.0,25.0,5819.0,6426.285714285715,128.40523650499273,69.71428571428571,6248.428571428572,212.51487342907788,46.92857142857143,6246.233333333334,166.99776652092737,30.9,488.0,657.0,1,128.40523650499273,212.51487342907788,8,6,49,12,4,2024,1,6583.0
2024-12-09,224.0,315.0,152.0,6268,174.0,False,False,False,6583.0,-22.0,1.144736842105263,0.48253968253968255,54.0,0.8270791851738402,6529.0,11.0,6286.0,6514.0,45.0,6269.0,6243.0,94.0,5963.0,6053.0,6.0,5844.0,6474.857142857143,110.5884692172183,53.142857142857146,6286.285714285715,222.01781930267865,44.92857142857143,6256.1,177.8791433956273,31.3,372.0,629.0,1,110.5884692172183,222.01781930267865,9,0,50,12,4,2024,0,6636.0
2024-12-10,167.0,326.0,213.0,6310,149.0,False,False,False,6636.0,64.0,0.6995305164319249,0.6533742331288344,53.0,0.8051040559015732,6583.0,-22.0,6268.0,6593.0,58.0,6310.0,6292.0,38.0,5986.0,6091.0,33.0,5879.0,6524.0,90.37329989178892,56.857142857142854,6325.214285714285,232.6672032593581,47.142857142857146,6267.966666666666,190.92487840873991,32.2,398.0,660.0,1,90.37329989178892,232.6672032593581,10,1,50,12,4,2024,0,6755.0
2024-12-11,209.0,353.0,232.0,6402,152.0,False,False,False,6755.0,80.0,0.6551724137931034,0.6572237960339944,119.0,1.793248945147674,6636.0,64.0,6310.0,6529.0,11.0,6286.0,6391.0,107.0,6061.0,6064.0,-37.0,5850.0,6576.0,104.68046618160268,53.0,6374.571428571428,245.9079609828203,55.5,6280.366666666667,209.8006415514314,31.433333333333334,371.0,777.0,1,104.68046618160268,245.9079609828203,11,2,50,12,4,2024,0,6734.0
2024-12-12,153.0,253.0,286.0,6481,194.0,True,False,False,6734.0,92.0,0.6783216783216783,1.1304347826086956,-21.0,-0.31088082901554737,6755.0,80.0,6402.0,6583.0,-22.0,6268.0,6422.0,135.0,6192.0,5947.0,-15.0,5664.0,6620.571428571428,94.06532684407784,46.857142857142854,6430.785714285715,230.0920145612122,63.142857142857146,6290.666666666667,224.2346882226049,33.9,328.0,884.0,1,94.06532684407784,230.0920145612122,12,3,50,12,4,2024,0,6745.0
2024-12-15,180.0,337.0,219.0,6408,224.0,False,False,False,6745.0,-5.0,1.0228310502283104,0.6498516320474778,11.0,0.16335016335016217,6734.0,92.0,6481.0,6636.0,64.0,6310.0,6514.0,45.0,6269.0,6012.0,67.0,5715.0,6653.571428571428,90.91361677044338,39.714285714285715,6483.142857142857,209.98566146758446,58.0,6302.366666666667,238.51472640621947,33.86666666666667,278.0,812.0,1,90.91361677044338,209.98566146758446,15,6,50,12,4,2024,1,6741.0
2024-12-16,133.0,287.0,189.0,6454,149.0,False,False,False,6741.0,40.0,0.7883597883597884,0.6585365853658537,-4.0,-0.05930318754633346,6745.0,-5.0,6408.0,6755.0,80.0,6402.0,6593.0,58.0,6310.0,6098.0,102.0,5826.0,6674.714285714285,91.6855391827705,37.142857142857146,6529.071428571428,188.48483484628952,53.57142857142857,6321.7,249.89586106876706,36.1,260.0,750.0,1,91.6855391827705,188.48483484628952,16,0,51,12,4,2024,0,6816.0
2024-12-17,187.0,310.0,247.0,6506,151.0,False,False,False,6816.0,96.0,0.611336032388664,0.7967741935483871,75.0,1.1125945705384943,6741.0,40.0,6454.0,6734.0,92.0,6481.0,6529.0,11.0,6286.0,6229.0,13.0,5862.0,6715.714285714285,78.950858736528,49.285714285714285,6571.0,181.76866108833343,59.5,6341.7,264.7152210883469,38.46666666666667,345.0,833.0,1,78.950858736528,181.76866108833343,17,1,51,12,4,2024,0,6883.0
2024-12-18,168.0,285.0,210.0,6598,134.0,False,False,False,6883.0,76.0,0.638095238095238,0.7368421052631579,67.0,0.9829812206572752,6816.0,96.0,6506.0,6745.0,-5.0,6408.0,6583.0,-22.0,6268.0,6243.0,94.0,5963.0,6758.571428571428,76.28205805397062,63.285714285714285,6616.714285714285,173.20971218613232,58.214285714285715,6361.466666666666,282.2789929928331,39.9,443.0,815.0,1,76.28205805397062,173.20971218613232,18,2,51,12,4,2024,0,7012.0
2024-12-19,269.0,412.0,204.0,6600,238.0,False,False,False,7012.0,-34.0,1.1666666666666667,0.49514563106796117,129.0,1.8741827691413526,6883.0,76.0,6598.0,6741.0,40.0,6454.0,6636.0,64.0,6310.0,6292.0,38.0,5986.0,6812.285714285715,103.2145246330906,49.285714285714285,6668.142857142857,176.2436500297858,53.07142857142857,6383.8,306.1784920034518,37.46666666666667,345.0,743.0,1,103.2145246330906,176.2436500297858,19,3,51,12,4,2024,0,6850.0
2024-12-22,100.0,255.0,236.0,6595,268.0,False,False,False,6850.0,-32.0,1.1355932203389831,0.9254901960784314,-162.0,-2.310325156873927,7012.0,-34.0,6600.0,6816.0,96.0,6506.0,6755.0,80.0,6402.0,6391.0,107.0,6061.0,6825.857142857143,100.6403308344767,33.285714285714285,6700.928571428572,162.91076570446285,43.142857142857146,6401.6,317.4170106038433,35.9,233.0,604.0,1,100.6403308344767,162.91076570446285,22,6,51,12,4,2024,1,6842.0
2024-12-23,205.0,294.0,177.0,6548,231.0,False,False,False,6842.0,-54.0,1.305084745762712,0.6020408163265306,-8.0,-0.11678832116788218,6850.0,-32.0,6595.0,6883.0,76.0,6598.0,6734.0,92.0,6481.0,6422.0,135.0,6192.0,6841.285714285715,92.12982558271482,12.428571428571429,6730.928571428572,145.3163468414234,29.642857142857142,6426.266666666666,322.0511774850872,33.333333333333336,87.0,415.0,1,92.12982558271482,145.3163468414234,23,0,52,12,4,2024,0,6926.0
2024-12-24,161.0,304.0,211.0,6622,155.0,False,False,False,6926.0,56.0,0.7345971563981043,0.694078947368421,84.0,1.2277111955568465,6842.0,-54.0,6548.0,7012.0,-34.0,6600.0,6745.0,-5.0,6408.0,6514.0,45.0,6269.0,6867.142857142857,85.78350379767741,21.142857142857142,6760.357142857143,139.611883527061,30.428571428571427,6450.133333333333,331.85297256810867,35.166666666666664,148.0,426.0,1,85.78350379767741,139.611883527061,24,1,52,12,4,2024,0,6851.0
2024-12-25,57.0,162.0,193.0,6689,107.0,True,False,False,6851.0,86.0,0.5544041450777202,1.191358024691358,-75.0,-1.082876118971987,6926.0,56.0,6622.0,6850.0,-32.0,6595.0,6741.0,40.0,6454.0,6593.0,58.0,6310.0,6882.857142857143,66.79927287882265,27.714285714285715,6778.785714285715,132.67727100658004,32.42857142857143,6471.466666666666,336.48904612321434,37.233333333333334,194.0,454.0,1,66.79927287882265,132.67727100658004,25,2,52,12,4,2024,0,6829.0
2024-12-26,80.0,122.0,152.0,6707,135.0,True,False,False,6829.0,17.0,0.8881578947368421,1.2459016393442623,-22.0,-0.3211210042329604,6851.0,86.0,6689.0,6842.0,-54.0,6548.0,6816.0,96.0,6506.0,6529.0,11.0,6286.0,6884.714285714285,64.78094958062883,16.428571428571427,6800.214285714285,111.81796922567074,32.857142857142854,6490.966666666666,339.7871020398434,36.53333333333333,115.0,460.0,1,64.78094958062883,111.81796922567074,26,3,52,12,4,2024,0,6635.0
2024-12-29,107.0,170.0,133.0,6465,216.0,False,False,False,6635.0,-83.0,1.6240601503759398,0.7823529411764706,-194.0,-2.8408258895885163,6829.0,17.0,6707.0,6926.0,56.0,6622.0,6883.0,76.0,6598.0,6583.0,-22.0,6268.0,6849.285714285715,114.56252191955345,-6.285714285714286,6803.928571428572,104.68374665238888,28.5,6511.266666666666,329.0735095881087,35.3,-44.0,399.0,0,114.56252191955345,104.68374665238888,29,6,52,12,4,2024,1,6610.0
2024-12-30,99.0,156.0,139.0,6454,177.0,False,False,False,6610.0,-38.0,1.2733812949640289,0.8910256410256411,-25.0,-0.37678975131876236,6635.0,-83.0,6465.0,6851.0,86.0,6689.0,7012.0,-34.0,6600.0,6636.0,64.0,6310.0,6791.857142857143,120.02975821495242,-6.857142857142857,6802.071428571428,108.06797311498708,21.214285714285715,6530.866666666667,316.1859703024211,33.2,-48.0,297.0,0,120.02975821495242,108.06797311498708,30,0,1,12,4,2024,0,6471.0
2025-01-01,25.0,66.0,94.0,6405,144.0,True,False,False,6471.0,-50.0,1.5319148936170213,1.4242424242424243,-139.0,-2.1028744326777593,6610.0,-38.0,6454.0,6829.0,17.0,6707.0,6850.0,-32.0,6595.0,6755.0,80.0,6402.0,6737.714285714285,166.0780080621819,-9.428571428571429,6781.785714285715,139.6298285144839,11.928571428571429,6544.8,303.3512133166461,31.333333333333332,-66.0,167.0,0,166.0780080621819,139.6298285144839,1,2,1,1,1,2025,0,6362.0
2025-01-02,35.0,70.0,53.0,6292,170.0,False,False,False,6362.0,-117.0,3.207547169811321,0.7571428571428571,-109.0,-1.6844382630196275,6471.0,-50.0,6405.0,6635.0,-83.0,6465.0,6842.0,-54.0,6548.0,6734.0,92.0,6481.0,6669.142857142857,209.30952245531964,-18.428571428571427,6755.214285714285,179.20902216788457,-3.0,6553.833333333333,293.238173566767,26.333333333333332,-129.0,-42.0,0,209.30952245531964,179.20902216788457,2,3,1,1,1,2025,0,5955.0
2025-01-05,43.0,73.0,64.0,5882,185.0,False,False,False,5955.0,-121.0,2.890625,0.8767123287671232,-407.0,-6.397359320968254,6362.0,-117.0,6292.0,6610.0,-38.0,6454.0,6926.0,56.0,6622.0,6745.0,-5.0,6408.0,6530.428571428572,308.8137826926623,-43.714285714285715,6698.785714285715,279.1699726445709,-11.285714285714286,6550.2,300.1114046023668,23.533333333333335,-306.0,-158.0,0,308.8137826926623,279.1699726445709,5,6,1,1,1,2025,1,5829.0
2025-01-06,41.0,60.0,71.0,5769,190.0,True,False,False,5829.0,-119.0,2.676056338028169,1.1833333333333333,-126.0,-2.1158690176322437,5955.0,-121.0,5882.0,6471.0,-50.0,6405.0,6851.0,86.0,6689.0,6741.0,40.0,6454.0,6384.428571428572,367.92655840663554,-73.0,6633.642857142857,362.523337634515,-22.642857142857142,6546.266666666666,308.93330753698086,20.066666666666666,-511.0,-317.0,0,367.92655840663554,362.523337634515,6,0,2,1,1,2025,0,5786.0
2025-01-07,65.0,83.0,65.0,5703,133.0,False,False,False,5786.0,-68.0,2.046153846153846,0.7831325301204819,-43.0,-0.7376908560645101,5829.0,-119.0,5769.0,6362.0,-117.0,6292.0,6829.0,17.0,6707.0,6816.0,96.0,6506.0,6235.428571428572,369.0721958022379,-85.14285714285714,6560.071428571428,422.2619428170719,-34.357142857142854,6538.733333333334,324.7607005837833,15.566666666666666,-596.0,-481.0,0,369.0721958022379,422.2619428170719,7,1,2,1,1,2025,0,5685.0
2025-01-08,38.0,80.0,82.0,5605,184.0,True,False,False,5685.0,-102.0,2.2439024390243905,1.025,-101.0,-1.7455928102315887,5786.0,-68.0,5703.0,5955.0,-121.0,5882.0,6635.0,-83.0,6465.0,6883.0,76.0,6598.0,6099.714285714285,372.3061975872886,-87.85714285714286,6474.5,470.4269337527365,-47.07142857142857,6524.966666666666,351.72211634531635,8.766666666666667,-615.0,-659.0,0,372.3061975872886,470.4269337527365,8,2,2,1,1,2025,0,5589.0
2025-01-09,56.0,82.0,68.0,5507,164.0,False,False,False,5589.0,-96.0,2.411764705882353,0.8292682926829268,-96.0,-1.6886543535620024,5685.0,-102.0,5605.0,5829.0,-119.0,5769.0,6610.0,-38.0,6454.0,7012.0,-34.0,6600.0,5953.857142857143,337.4386011170192,-96.14285714285714,6372.857142857143,498.2651220666919,-51.5,6503.633333333333,387.84679550255476,5.133333333333334,-673.0,-721.0,0,337.4386011170192,498.2651220666919,9,3,2,1,1,2025,0,5195.0
2025-01-12,74.0,103.0,80.0,5092,235.0,False,False,False,5195.0,-155.0,2.9375,0.7766990291262136,-394.0,-7.049561638933621,5589.0,-96.0,5507.0,5786.0,-68.0,5703.0,6471.0,-50.0,6405.0,6850.0,-32.0,6595.0,5771.571428571428,355.67300391551805,-111.14285714285714,6254.642857142857,567.8246759672994,-60.285714285714285,6468.7,453.73204533679154,-3.1666666666666665,-778.0,-844.0,0,355.67300391551805,567.8246759672994,12,6,2,1,1,2025,1,5126.0
2025-01-13,68.0,107.0,102.0,5019,181.0,False,False,False,5126.0,-79.0,1.7745098039215685,0.9532710280373832,-69.0,-1.3282001924927789,5195.0,-155.0,5092.0,5685.0,-102.0,5605.0,6362.0,-117.0,6292.0,6842.0,-54.0,6548.0,5595.0,318.573382441163,-105.71428571428571,6132.071428571428,614.5690753297442,-62.07142857142857,6429.833333333333,515.1702820817798,-7.066666666666666,-740.0,-869.0,0,318.573382441163,614.5690753297442,13,0,3,1,1,2025,0,5081.0
2025-01-14,92.0,124.0,93.0,4957,139.0,False,False,False,5081.0,-46.0,1.4946236559139785,0.75,-45.0,-0.877877487319545,5126.0,-79.0,5019.0,5589.0,-96.0,5507.0,5955.0,-121.0,5882.0,6926.0,56.0,6622.0,5470.142857142857,325.1678687342082,-95.0,6000.285714285715,628.8769512235532,-69.35714285714286,6386.166666666667,571.0622940434356,-12.166666666666666,-665.0,-971.0,0,325.1678687342082,628.8769512235532,14,1,3,1,1,2025,0,5065.0
2025-01-15,113.0,162.0,107.0,4903,164.0,False,False,False,5065.0,-57.0,1.5327102803738317,0.6604938271604939,-16.0,-0.3148986419996058,5081.0,-46.0,4957.0,5195.0,-155.0,5092.0,5829.0,-119.0,5769.0,6851.0,86.0,6689.0,5361.0,312.6185108616229,-86.14285714285714,5872.714285714285,624.1623837742031,-79.57142857142857,6340.933333333333,619.7905059488713,-18.566666666666666,-603.0,-1114.0,0,312.6185108616229,624.1623837742031,15,2,3,1,1,2025,0,5077.0
2025-01-16,106.0,196.0,131.0,4881,159.0,False,False,False,5077.0,-28.0,1.213740458015267,0.6683673469387755,12.0,0.23692003948667661,5065.0,-57.0,4903.0,5126.0,-79.0,5019.0,5786.0,-68.0,5703.0,6829.0,17.0,6707.0,5259.714285714285,262.8692414400061,-80.42857142857143,5747.571428571428,592.5142924969862,-82.78571428571429,6293.033333333334,660.1674543750864,-21.0,-563.0,-1159.0,0,262.8692414400061,592.5142924969862,16,3,3,1,1,2025,0,4780.0
2025-01-19,86.0,152.0,168.0,4628,176.0,True,False,False,4780.0,-8.0,1.0476190476190477,1.105263157894737,-297.0,-5.849911364979321,5077.0,-28.0,4881.0,5081.0,-46.0,4957.0,5685.0,-102.0,5605.0,6635.0,-83.0,6465.0,5130.428571428572,240.43561656770592,-67.0,5615.071428571428,586.1759337219037,-77.42857142857143,6232.6,712.6573679812204,-23.2,-469.0,-1084.0,0,240.43561656770592,586.1759337219037,19,6,3,1,1,2025,1,4756.0
2025-01-20,84.0,118.0,136.0,4638,127.0,True,False,False,4756.0,9.0,0.9338235294117647,1.152542372881356,-24.0,-0.5020920502092019,4780.0,-8.0,4628.0,5065.0,-57.0,4903.0,5589.0,-96.0,5507.0,6610.0,-38.0,6454.0,5011.428571428572,172.06477185726882,-52.0,5482.642857142857,552.5762888009929,-74.07142857142857,6173.5,759.2247747674459,-23.266666666666666,-364.0,-1037.0,0,172.06477185726882,552.5762888009929,20,0,4,1,1,2025,0,4792.0
2025-01-21,59.0,64.0,117.0,4728,54.0,True,False,False,4792.0,63.0,0.46153846153846156,1.828125,36.0,0.7569386038688064,4756.0,9.0,4638.0,5077.0,-28.0,4881.0,5195.0,-155.0,5092.0,6471.0,-50.0,6405.0,4953.857142857143,167.77308939105305,-20.857142857142858,5362.714285714285,501.3984180533477,-66.0,6113.8,795.4650515741412,-20.433333333333334,-146.0,-924.0,0,167.77308939105305,501.3984180533477,21,1,4,1,1,2025,0,4814.0
2025-01-22,62.0,97.0,52.0,4717,83.0,False,False,False,4814.0,-31.0,1.5961538461538463,0.5360824742268041,22.0,0.45909849749583564,4792.0,63.0,4728.0,4780.0,-8.0,4628.0,5126.0,-79.0,5019.0,6362.0,-117.0,6292.0,4909.285714285715,155.40668613430785,-14.0,5252.142857142857,429.62915263193827,-59.857142857142854,6053.066666666667,823.288315582519,-23.6,-98.0,-838.0,0,155.40668613430785,429.62915263193827,22,2,4,1,1,2025,0,4696.0
2025-01-23,91.0,75.0,97.0,4621,174.0,True,False,False,4696.0,-77.0,1.7938144329896908,1.2933333333333332,-118.0,-2.451184046530952,4814.0,-31.0,4717.0,4756.0,9.0,4638.0,5081.0,-46.0,4957.0,5955.0,-121.0,5882.0,4854.285714285715,152.60921148011062,-18.428571428571427,5162.214285714285,402.0736975254522,-56.714285714285715,5984.433333333333,848.2011262517287,-28.833333333333332,-129.0,-794.0,0,152.60921148011062,402.0736975254522,23,3,4,1,1,2025,0,4292.0
2025-01-26,29.0,51.0,11.0,4241,182.0,False,False,False,4292.0,-171.0,16.545454545454547,0.21568627450980393,-404.0,-8.603066439523,4696.0,-77.0,4621.0,4792.0,63.0,4728.0,5065.0,-57.0,4903.0,5829.0,-119.0,5769.0,4743.857142857143,233.14546858950587,-34.714285714285715,5052.428571428572,415.6136731085231,-60.42857142857143,5903.033333333334,889.9362814592174,-37.6,-243.0,-846.0,0,233.14546858950587,415.6136731085231,26,6,4,1,1,2025,1,4214.0
2025-01-27,33.0,53.0,34.0,4161,127.0,False,False,False,4214.0,-93.0,3.735294117647059,0.6415094339622641,-78.0,-1.817334575955265,4292.0,-171.0,4241.0,4814.0,-31.0,4717.0,5077.0,-28.0,4881.0,5786.0,-68.0,5703.0,4620.571428571428,254.79067038315497,-44.0,4940.142857142857,414.53159054585336,-62.214285714285715,5818.666666666667,926.580749345387,-40.53333333333333,-308.0,-871.0,0,254.79067038315497,414.53159054585336,27,0,5,1,1,2025,0,4145.0
2025-01-28,32.0,49.0,39.0,4096,101.0,False,False,False,4145.0,-62.0,2.58974358974359,0.7959183673469388,-69.0,-1.6373991457047987,4214.0,-93.0,4161.0,4696.0,-77.0,4621.0,4780.0,-8.0,4628.0,5685.0,-102.0,5605.0,4529.857142857143,297.9532561613572,-51.714285714285715,4830.142857142857,405.90958772444776,-59.357142857142854,5732.133333333333,958.1560139801993,-43.93333333333333,-362.0,-831.0,0,297.9532561613572,405.90958772444776,28,1,5,1,1,2025,0,4086.0
2025-01-29,32.0,50.0,39.0,4036,99.0,False,False,False,4086.0,-60.0,2.5384615384615383,0.78,-59.0,-1.423401688781667,4145.0,-62.0,4096.0,4292.0,-171.0,4241.0,4756.0,9.0,4638.0,5589.0,-96.0,5507.0,4434.142857142857,319.9991815465928,-61.57142857142857,4722.785714285715,388.1356183627036,-56.785714285714285,5641.133333333333,981.0336467685196,-49.13333333333333,-431.0,-795.0,0,319.9991815465928,388.1356183627036,29,2,5,1,1,2025,0,3965.0
2025-01-30,47.0,42.0,47.0,3923,159.0,True,False,False,3965.0,-112.0,3.382978723404255,1.119047619047619,-121.0,-2.961331375428289,4086.0,-60.0,4036.0,4214.0,-93.0,4161.0,4792.0,63.0,4728.0,5195.0,-155.0,5092.0,4316.0,318.51896856128843,-86.57142857142857,4634.928571428572,411.52894360981867,-53.714285714285715,5543.866666666667,998.1664132326499,-55.4,-606.0,-752.0,0,318.51896856128843,411.52894360981867,30,3,5,1,1,2025,0,3505.0
2025-02-02,20.0,22.0,41.0,3483,168.0,True,False,False,3505.0,-127.0,4.097560975609756,1.8636363636363635,-460.0,-11.601513240857509,3965.0,-112.0,3923.0,4145.0,-62.0,4096.0,4814.0,-31.0,4717.0,5126.0,-79.0,5019.0,4129.0,359.0868047329898,-100.28571428571429,4519.142857142857,484.3336194660653,-57.142857142857146,5426.966666666666,1025.2895800643307,-58.5,-702.0,-800.0,0,359.0868047329898,484.3336194660653,2,6,5,2,1,2025,1,3448.0
2025-02-03,23.0,45.0,11.0,3403,102.0,False,False,False,3448.0,-91.0,9.272727272727273,0.24444444444444444,-57.0,-1.6262482168330927,3505.0,-127.0,3483.0,4086.0,-60.0,4036.0,4696.0,-77.0,4621.0,5081.0,-46.0,4957.0,3950.714285714286,339.95868096273244,-102.28571428571429,4402.5,532.8236466801986,-60.357142857142854,5313.566666666667,1050.3011286862093,-60.46666666666667,-716.0,-845.0,0,339.95868096273244,532.8236466801986,3,0,6,2,1,2025,0,3413.0
2025-02-04,34.0,54.0,29.0,3359,74.0,False,False,False,3413.0,-45.0,2.5517241379310347,0.5370370370370371,-35.0,-1.0150812064965153,3448.0,-91.0,3403.0,3965.0,-112.0,3923.0,4292.0,-171.0,4241.0,5065.0,-57.0,4903.0,3825.1428571428573,354.897839089636,-84.28571428571429,4284.5,557.1894788890619,-59.5,5199.266666666666,1064.715468979878,-60.166666666666664,-590.0,-833.0,0,354.897839089636,557.1894788890619,4,1,6,2,1,2025,0,3326.0
2025-02-05,26.0,36.0,36.0,3290,104.0,False,False,False,3326.0,-68.0,2.888888888888889,1.0,-87.0,-2.5490770583064704,3413.0,-45.0,3359.0,3505.0,-127.0,3483.0,4214.0,-93.0,4161.0,5077.0,-28.0,4881.0,3698.285714285714,351.4255323136362,-80.71428571428571,4159.428571428572,562.114649445227,-62.357142857142854,5079.266666666666,1066.2611420231397,-64.3,-565.0,-873.0,0,351.4255323136362,562.114649445227,5,2,6,2,1,2025,0,3213.0
2025-02-06,25.0,32.0,27.0,3181,145.0,False,False,False,3213.0,-118.0,5.37037037037037,0.84375,-113.0,-3.397474443776305,3326.0,-68.0,3290.0,3448.0,-91.0,3403.0,4145.0,-62.0,4096.0,4780.0,-8.0,4628.0,3565.1428571428573,329.8633194579661,-88.71428571428571,4047.5,584.602001365077,-70.21428571428571,4958.0,1064.6873589997097,-71.1,-621.0,-983.0,0,329.8633194579661,584.602001365077,6,3,6,2,1,2025,0,2891.0
2025-02-09,15.0,13.0,23.0,2878,99.0,True,False,False,2891.0,-76.0,4.304347826086956,1.7692307692307692,-322.0,-10.02178649237473,3213.0,-118.0,3181.0,3413.0,-45.0,3359.0,4086.0,-60.0,4036.0,4756.0,9.0,4638.0,3394.4285714285716,324.55911487376056,-91.0,3914.285714285714,622.0282492437128,-76.28571428571429,4826.733333333334,1068.8075189872409,-74.2,-637.0,-1068.0,0,324.55911487376056,622.0282492437128,9,6,6,2,1,2025,1,2852.0
2025-02-10,16.0,18.0,15.0,2834,63.0,False,False,False,2852.0,-48.0,4.2,0.8333333333333334,-39.0,-1.3490141819439638,2891.0,-76.0,2878.0,3326.0,-68.0,3290.0,3965.0,-112.0,3923.0,4792.0,63.0,4728.0,3235.4285714285716,265.75104712425866,-81.85714285714286,3775.714285714286,627.5219185349755,-84.21428571428571,4700.633333333333,1071.268068558298,-73.03333333333333,-573.0,-1179.0,0,265.75104712425866,627.5219185349755,10,0,7,2,1,2025,0,2821.0
2025-02-11,11.0,22.0,12.0,2799,50.0,False,False,False,2821.0,-38.0,4.166666666666667,0.5454545454545454,-31.0,-1.0869565217391353,2852.0,-48.0,2834.0,3213.0,-118.0,3181.0,3505.0,-127.0,3483.0,4814.0,-31.0,4717.0,3137.714285714286,275.6771749019608,-69.14285714285714,3633.3571428571427,599.2888872069389,-84.71428571428571,4574.333333333333,1061.7102771677685,-73.03333333333333,-484.0,-1186.0,0,275.6771749019608,599.2888872069389,11,1,7,2,1,2025,0,2772.0
2025-02-12,16.0,20.0,20.0,2752,66.0,False,False,False,2772.0,-46.0,3.3,1.0,-49.0,-1.7369727047146455,2821.0,-38.0,2799.0,2891.0,-76.0,2878.0,3448.0,-91.0,3403.0,4696.0,-77.0,4621.0,3041.1428571428573,267.1375604262687,-62.714285714285715,3495.9285714285716,555.8933855012301,-82.5,4451.033333333334,1048.555771405178,-72.9,-439.0,-1155.0,0,267.1375604262687,555.8933855012301,12,2,7,2,1,2025,0,2713.0
2025-02-13,15.0,10.0,23.0,2703,72.0,True,False,False,2713.0,-49.0,3.130434782608696,2.3,-59.0,-2.128427128427124,2772.0,-46.0,2752.0,2852.0,-48.0,2834.0,3413.0,-45.0,3359.0,4292.0,-171.0,4241.0,2941.1428571428573,233.6574619476818,-63.285714285714285,3383.1428571428573,541.9612329512539,-73.78571428571429,4329.4,1030.7301262228775,-70.63333333333334,-443.0,-1033.0,0,233.6574619476818,541.9612329512539,13,3,7,2,1,2025,0,2549.0
2025-02-17,8.0,17.0,14.0,2532,15.0,False,False,False,2549.0,-1.0,1.0714285714285714,0.8235294117647058,-164.0,-6.044968669369699,2713.0,-49.0,2703.0,2821.0,-38.0,2799.0,3326.0,-68.0,3290.0,4214.0,-93.0,4161.0,2830.1428571428573,202.89112726739225,-53.714285714285715,3264.214285714286,528.1200589859887,-67.21428571428571,4215.866666666667,1033.0785507181936,-66.63333333333334,-376.0,-941.0,0,202.89112726739225,528.1200589859887,17,0,8,2,1,2025,0,2555.0
2025-02-18,18.0,19.0,11.0,2536,9.0,False,False,False,2555.0,2.0,0.8181818181818182,0.5789473684210527,6.0,0.23538642604943316,2549.0,-1.0,2532.0,2772.0,-46.0,2752.0,3213.0,-118.0,3181.0,4145.0,-62.0,4096.0,2736.1428571428573,137.99810212644397,-36.57142857142857,3150.6428571428573,493.9996273968246,-62.642857142857146,4106.733333333334,1029.71813797667,-62.6,-256.0,-877.0,0,137.99810212644397,493.9996273968246,18,1,8,2,1,2025,0,2545.0
2025-02-19,12.0,17.0,17.0,2528,19.0,False,False,False,2545.0,-2.0,1.1176470588235294,1.0,-10.0,-0.3913894324853229,2555.0,2.0,2536.0,2713.0,-49.0,2703.0,2891.0,-76.0,2878.0,4086.0,-60.0,4036.0,2686.714285714286,135.22415253421272,-26.0,3040.5714285714284,438.06861322192617,-58.5,3998.7,1017.4037665243384,-60.4,-182.0,-819.0,0,135.22415253421272,438.06861322192617,19,2,8,2,1,2025,0,2545.0
2025-02-20,13.0,25.0,15.0,2520,32.0,False,False,False,2545.0,-17.0,2.1333333333333333,0.6,0.0,0.0,2545.0,-2.0,2528.0,2549.0,-1.0,2532.0,2852.0,-48.0,2834.0,3965.0,-112.0,3923.0,2642.8571428571427,121.80096957947855,-21.571428571428573,2939.1428571428573,366.0335960081628,-51.714285714285715,3894.0333333333333,999.2960447522297,-57.56666666666667,-151.0,-724.0,0,121.80096957947855,366.0335960081628,20,3,8,2,1,2025,0,2439.0
2025-02-23,7.0,16.0,8.0,2423,35.0,False,False,False,2439.0,-27.0,4.375,0.5,-106.0,-4.165029469548132,2545.0,-17.0,2520.0,2555.0,2.0,2536.0,2821.0,-38.0,2799.0,3505.0,-127.0,3483.0,2588.285714285714,114.00981578470906,-20.0,2863.0,349.78322957566536,-44.57142857142857,3789.0333333333333,980.3701793229565,-55.266666666666666,-140.0,-624.0,0,114.00981578470906,349.78322957566536,23,6,8,2,1,2025,1,2435.0
2025-02-24,20.0,22.0,14.0,2413,24.0,False,False,False,2435.0,-10.0,1.7142857142857142,0.6363636363636364,-4.0,-0.16400164001639794,2439.0,-27.0,2423.0,2545.0,-2.0,2528.0,2772.0,-46.0,2752.0,3448.0,-91.0,3403.0,2540.1428571428573,92.65604598280865,-14.857142857142858,2790.6428571428573,323.22761857036545,-38.785714285714285,3697.0333333333333,973.3587240822906,-50.43333333333333,-104.0,-543.0,0,92.65604598280865,323.22761857036545,24,0,9,2,1,2025,0,2420.0
2025-02-25,11.0,7.0,7.0,2413,23.0,False,False,False,2420.0,-16.0,3.2857142857142856,1.0,-15.0,-0.6160164271047264,2435.0,-10.0,2413.0,2545.0,-17.0,2520.0,2713.0,-49.0,2703.0,3413.0,-45.0,3359.0,2498.285714285714,62.983368931254375,-10.142857142857142,2719.714285714286,282.5440547192957,-36.714285714285715,3606.8333333333335,961.6827236253744,-48.333333333333336,-71.0,-514.0,0,62.983368931254375,282.5440547192957,25,1,9,2,1,2025,0,2432.0
2025-02-26,12.0,21.0,1.0,2411,23.0,False,False,False,2432.0,-22.0,23.0,0.047619047619047616,12.0,0.49586776859504855,2420.0,-16.0,2413.0,2439.0,-27.0,2423.0,2549.0,-1.0,2532.0,3326.0,-68.0,3290.0,2481.5714285714284,62.80620230235941,-13.142857142857142,2655.8571428571427,231.36945385228108,-33.42857142857143,3518.5333333333333,943.0935059258534,-47.53333333333333,-92.0,-468.0,0,62.80620230235941,231.36945385228108,26,2,9,2,1,2025,0,2406.0
2025-02-27,10.0,15.0,17.0,2391,37.0,True,False,False,2406.0,-20.0,2.176470588235294,1.1333333333333333,-26.0,-1.0690789473684181,2432.0,-22.0,2411.0,2435.0,-10.0,2413.0,2555.0,2.0,2536.0,3213.0,-118.0,3181.0,2460.285714285714,58.900238499212264,-16.285714285714285,2598.214285714286,175.7218862827309,-26.428571428571427,3429.9,917.3393066081126,-46.3,-114.0,-370.0,0,58.900238499212264,175.7218862827309,27,3,9,2,1,2025,0,2321.0
2025-03-02,12.0,24.0,4.0,2297,31.0,False,False,False,2321.0,-27.0,7.75,0.16666666666666666,-85.0,-3.5328345802161265,2406.0,-20.0,2391.0,2420.0,-16.0,2413.0,2545.0,-2.0,2528.0,2891.0,-76.0,2878.0,2428.285714285714,65.66509546121858,-19.857142857142858,2557.5,168.55346104678375,-22.928571428571427,3338.0333333333333,884.100301819956,-46.266666666666666,-139.0,-321.0,0,65.66509546121858,168.55346104678375,2,6,9,3,1,2025,1,2316.0
2025-03-03,8.0,29.0,18.0,2287,25.0,False,False,False,2316.0,-7.0,1.3888888888888888,0.6206896551724138,-5.0,-0.21542438604049696,2321.0,-27.0,2297.0,2432.0,-22.0,2411.0,2545.0,-17.0,2520.0,2852.0,-48.0,2834.0,2395.5714285714284,53.79856609903389,-18.428571428571427,2519.214285714286,156.99200301630046,-20.0,3255.9,859.63654509051,-46.233333333333334,-129.0,-280.0,0,53.79856609903389,156.99200301630046,3,0,10,3,1,2025,0,2297.0
2025-03-04,4.0,25.0,10.0,2272,30.0,False,False,False,2297.0,-20.0,3.0,0.4,-19.0,-0.8203799654576849,2316.0,-7.0,2287.0,2406.0,-20.0,2391.0,2439.0,-27.0,2423.0,2821.0,-38.0,2799.0,2375.285714285714,60.985556447938016,-17.428571428571427,2481.785714285714,141.17538387081052,-18.714285714285715,3173.9333333333334,828.3325141650328,-47.2,-122.0,-262.0,0,60.985556447938016,141.17538387081052,4,1,10,3,1,2025,0,2258.0
2025-03-05,5.0,20.0,4.0,2238,40.0,False,False,False,2258.0,-36.0,10.0,0.2,-39.0,-1.6978667827601268,2297.0,-20.0,2272.0,2321.0,-27.0,2297.0,2435.0,-10.0,2413.0,2772.0,-46.0,2752.0,2350.0,68.3495915620084,-21.142857142857142,2445.0714285714284,125.90623146199486,-18.0,3089.4666666666667,785.7494438469063,-50.5,-148.0,-252.0,0,68.3495915620084,125.90623146199486,5,2,10,3,1,2025,0,2245.0
2025-03-06,7.0,27.0,6.0,2218,33.0,False,False,False,2245.0,-27.0,5.5,0.2222222222222222,-13.0,-0.5757307351638596,2258.0,-36.0,2238.0,2316.0,-7.0,2287.0,2420.0,-16.0,2413.0,2713.0,-49.0,2703.0,2325.0,70.45092854860182,-22.714285714285715,2411.6428571428573,110.48119028448356,-16.428571428571427,3003.8333333333335,729.2835446557958,-50.36666666666667,-159.0,-230.0,0,70.45092854860182,110.48119028448356,6,3,10,3,1,2025,0,2162.0
2025-03-09,12.0,25.0,15.0,2137,30.0,False,False,False,2162.0,-15.0,2.0,0.6,-83.0,-3.697104677060137,2245.0,-27.0,2218.0,2297.0,-20.0,2272.0,2432.0,-22.0,2411.0,2549.0,-1.0,2532.0,2286.4285714285716,75.81305328006613,-21.714285714285715,2384.0,121.3500974615574,-17.428571428571427,2919.366666666667,670.9488126492042,-48.3,-152.0,-244.0,0,75.81305328006613,121.3500974615574,9,6,10,3,1,2025,1,2153.0
2025-03-10,6.0,28.0,8.0,2125,23.0,False,False,False,2153.0,-15.0,2.875,0.2857142857142857,-9.0,-0.4162812210915856,2162.0,-15.0,2137.0,2258.0,-36.0,2238.0,2406.0,-20.0,2391.0,2555.0,2.0,2536.0,2250.285714285714,69.33905654053893,-21.0,2355.285714285714,125.27288894002766,-18.642857142857142,2848.0666666666666,632.6104065194912,-43.1,-147.0,-261.0,0,69.33905654053893,125.27288894002766,10,0,11,3,1,2025,0,2127.0
2025-03-11,3.0,11.0,7.0,2116,20.0,False,False,False,2127.0,-13.0,2.857142857142857,0.6363636363636364,-26.0,-1.207617278216444,2153.0,-15.0,2125.0,2245.0,-27.0,2218.0,2321.0,-27.0,2297.0,2545.0,-2.0,2528.0,2222.5714285714284,74.91074053596378,-19.0,2325.4285714285716,126.38629081343747,-19.428571428571427,2778.5,590.5771431988708,-40.43333333333333,-133.0,-272.0,0,74.91074053596378,126.38629081343747,11,1,11,3,1,2025,0,2131.0
2025-03-12,6.0,18.0,2.0,2113,8.0,False,False,False,2131.0,-6.0,4.0,0.1111111111111111,4.0,0.18805829807240215,2127.0,-13.0,2116.0,2162.0,-15.0,2137.0,2316.0,-7.0,2287.0,2545.0,-17.0,2520.0,2196.1428571428573,68.84385368719398,-18.857142857142858,2295.8571428571427,119.29398536866687,-18.642857142857142,2711.366666666667,542.3889356091606,-38.56666666666667,-132.0,-261.0,0,68.84385368719398,119.29398536866687,12,2,11,3,1,2025,0,2136.0
2025-03-13,4.0,20.0,9.0,2116,6.0,False,False,False,2136.0,3.0,0.6666666666666666,0.45,5.0,0.2346316283434957,2131.0,-6.0,2113.0,2153.0,-15.0,2125.0,2297.0,-20.0,2272.0,2439.0,-27.0,2423.0,2173.1428571428573,55.04370557872389,-15.571428571428571,2274.214285714286,118.81153697670287,-16.5,2646.366666666667,485.8716648587539,-36.46666666666667,-109.0,-231.0,0,55.04370557872389,118.81153697670287,13,3,11,3,1,2025,0,2126.0
2025-03-16,1.0,9.0,8.0,2117,5.0,False,False,False,2126.0,3.0,0.625,0.8888888888888888,-10.0,-0.46816479400748623,2136.0,3.0,2116.0,2127.0,-13.0,2116.0,2258.0,-36.0,2238.0,2435.0,-10.0,2413.0,2154.285714285714,42.25207799938264,-10.0,2252.1428571428573,115.29417701181939,-15.571428571428571,2585.0666666666666,426.1019736565372,-32.63333333333333,-70.0,-218.0,0,42.25207799938264,115.29417701181939,16,6,11,3,1,2025,1,2125.0
2025-03-17,5.0,14.0,0.0,2111,8.0,False,False,False,2125.0,-8.0,,0.0,-1.0,-0.04703668861711918,2126.0,3.0,2117.0,2131.0,-6.0,2113.0,2245.0,-27.0,2218.0,2420.0,-16.0,2413.0,2137.1428571428573,14.622227047800589,-7.285714285714286,2231.0714285714284,109.04442586979245,-15.0,2539.0666666666666,396.85087387068614,-28.666666666666668,-51.0,-210.0,0,14.622227047800589,109.04442586979245,17,0,12,3,1,2025,0,2143.0
2025-03-18,19.0,34.0,6.0,2109,8.0,False,False,False,2143.0,-2.0,1.3333333333333333,0.17647058823529413,18.0,0.8470588235294008,2125.0,-8.0,2111.0,2136.0,3.0,2116.0,2162.0,-15.0,2137.0,2432.0,-22.0,2411.0,2134.4285714285716,10.390013521661121,-5.428571428571429,2210.4285714285716,94.4609925893505,-13.571428571428571,2495.5666666666666,363.94246261178034,-25.7,-38.0,-190.0,0,10.390013521661121,94.4609925893505,18,1,12,3,1,2025,0,2141.0
2025-03-19,6.0,22.0,14.0,2119,9.0,False,False,False,2141.0,5.0,0.6428571428571429,0.6363636363636364,-2.0,-0.09332711152589823,2143.0,-2.0,2109.0,2126.0,3.0,2117.0,2153.0,-15.0,2125.0,2406.0,-20.0,2391.0,2132.714285714286,7.364651740987036,-2.5714285714285716,2191.5,77.23764526602551,-11.785714285714286,2453.1666666666665,325.4318174611464,-24.033333333333335,-18.0,-165.0,0,7.364651740987036,77.23764526602551,19,2,12,3,1,2025,0,2144.0
2025-03-20,9.0,20.0,11.0,2124,7.0,False,False,False,2144.0,4.0,0.6363636363636364,0.55,3.0,0.14012143858010973,2141.0,5.0,2119.0,2125.0,-8.0,2111.0,2127.0,-13.0,2116.0,2321.0,-27.0,2297.0,2135.1428571428573,7.946247993284287,-0.14285714285714285,2178.8571428571427,68.38899725205596,-9.571428571428571,2413.766666666667,285.1766159747735,-21.633333333333333,-1.0,-134.0,0,7.946247993284287,68.38899725205596,20,3,12,3,1,2025,0,2165.0
2025-03-23,15.0,29.0,9.0,2136,2.0,False,False,False,2165.0,7.0,0.2222222222222222,0.3103448275862069,21.0,0.9794776119403048,2144.0,4.0,2124.0,2143.0,-2.0,2109.0,2131.0,-6.0,2113.0,2316.0,-7.0,2287.0,2140.0,13.466006585518452,1.7142857142857142,2168.0714285714284,55.854845236118116,-8.571428571428571,2378.8333333333335,245.2968761954321,-17.466666666666665,12.0,-120.0,1,13.466006585518452,55.854845236118116,23,6,12,3,1,2025,1,2152.0
2025-03-24,7.0,13.0,11.0,2139,7.0,False,False,False,2152.0,4.0,0.6363636363636364,0.8461538461538461,-13.0,-0.6004618937644368,2165.0,7.0,2136.0,2141.0,5.0,2119.0,2136.0,3.0,2116.0,2297.0,-20.0,2272.0,2142.285714285714,14.020393311148933,1.8571428571428572,2157.714285714286,41.77858960685137,-6.857142857142857,2354.2,228.6301636357518,-14.8,13.0,-96.0,1,14.020393311148933,41.77858960685137,24,0,13,3,1,2025,0,2164.0
2025-03-25,12.0,19.0,7.0,2145,6.0,False,False,False,2164.0,1.0,0.8571428571428571,0.3684210526315789,12.0,0.5576208178438735,2152.0,4.0,2139.0,2144.0,4.0,2124.0,2126.0,3.0,2117.0,2258.0,-36.0,2238.0,2147.714285714286,14.02039331114789,1.5714285714285714,2151.0,30.43530338923827,-4.214285714285714,2331.266666666667,210.78456616485468,-13.166666666666666,11.0,-59.0,1,14.02039331114789,30.43530338923827,25,1,13,3,1,2025,0,2180.0
2025-03-26,9.0,21.0,15.0,2159,2.0,False,False,False,2180.0,13.0,0.13333333333333333,0.7142857142857143,16.0,0.7393715341959428,2164.0,1.0,2145.0,2165.0,7.0,2136.0,2125.0,-8.0,2111.0,2245.0,-27.0,2218.0,2155.5714285714284,14.57002794484363,4.571428571428571,2146.3571428571427,16.97331454609806,-1.3571428571428572,2309.9,190.98841813586913,-11.466666666666667,32.0,-19.0,1,14.57002794484363,16.97331454609806,26,2,13,3,1,2025,0,2178.0
2025-03-27,1.0,19.0,13.0,2159,2.0,False,False,False,2178.0,11.0,0.15384615384615385,0.6842105263157895,-2.0,-0.09174311926605228,2180.0,13.0,2159.0,2152.0,4.0,2139.0,2143.0,-2.0,2109.0,2162.0,-15.0,2137.0,2160.5714285714284,15.51190019458713,6.428571428571429,2147.5,18.5710693141771,0.5,2290.1,171.19465629744457,-9.566666666666666,45.0,7.0,1,15.51190019458713,18.5710693141771,27,3,13,3,1,2025,0,2208.0
2025-03-30,9.0,20.0,5.0,2188,2.0,False,False,False,2208.0,3.0,0.4,0.25,30.0,1.377410468319562,2178.0,11.0,2159.0,2164.0,1.0,2145.0,2141.0,5.0,2119.0,2153.0,-15.0,2125.0,2170.1428571428573,21.09050790847063,6.142857142857143,2151.4285714285716,24.647403627599054,1.7857142857142858,2273.266666666667,151.92056302962064,-7.833333333333333,43.0,25.0,1,21.09050790847063,24.647403627599054,30,6,13,3,1,2025,1,2218.0
2025-03-31,9.0,25.0,8.0,2193,5.0,False,False,False,2218.0,3.0,0.625,0.32,10.0,0.45289855072463414,2208.0,3.0,2188.0,2180.0,13.0,2159.0,2144.0,4.0,2124.0,2127.0,-13.0,2116.0,2180.714285714286,24.129610342187163,6.0,2157.9285714285716,29.274468493580763,2.9285714285714284,2262.233333333333,142.9600096802901,-7.7,42.0,41.0,1,24.129610342187163,29.274468493580763,31,0,14,3,1,2025,0,2227.0
2025-04-01,17.0,36.0,7.0,2191,12.0,False,False,False,2227.0,-5.0,1.7142857142857142,0.19444444444444445,9.0,0.4057709648331853,2218.0,3.0,2193.0,2178.0,11.0,2159.0,2165.0,7.0,2136.0,2131.0,-6.0,2113.0,2189.5714285714284,28.401039552218776,4.285714285714286,2164.785714285714,33.430015467435,3.0,2251.3,131.91328133692977,-7.933333333333334,30.0,42.0,1,28.401039552218776,33.430015467435,1,1,14,4,2,2025,0,2239.0
2025-04-02,5.0,31.0,16.0,2208,3.0,False,False,False,2239.0,13.0,0.1875,0.5161290322580645,12.0,0.5388414907947947,2227.0,-5.0,2191.0,2208.0,3.0,2188.0,2152.0,4.0,2139.0,2136.0,3.0,2116.0,2202.0,28.254793104195947,5.571428571428571,2172.1428571428573,37.672387650581065,3.7142857142857144,2241.1,119.68387959309841,-7.433333333333334,39.0,52.0,1,28.254793104195947,37.672387650581065,2,2,14,4,2,2025,0,2249.0
2025-04-03,12.0,26.0,18.0,2223,8.0,False,False,False,2249.0,10.0,0.4444444444444444,0.6923076923076923,10.0,0.44662795891021734,2239.0,13.0,2208.0,2218.0,3.0,2193.0,2164.0,1.0,2145.0,2126.0,3.0,2117.0,2214.1428571428573,27.455591850059424,6.857142857142857,2180.9285714285716,40.332205658425124,4.214285714285714,2231.233333333333,105.07622301762976,-6.533333333333333,48.0,59.0,1,27.455591850059424,40.332205658425124,3,3,14,4,2,2025,0,2248.0
2025-04-06,7.0,14.0,7.0,2234,11.0,False,False,False,2248.0,-4.0,1.5714285714285714,0.5,-1.0,-0.04446420631392112,2249.0,10.0,2223.0,2227.0,-5.0,2191.0,2180.0,13.0,2159.0,2125.0,-8.0,2111.0,2223.8571428571427,25.307631072537575,4.428571428571429,2189.714285714286,40.607745702950865,4.5,2224.866666666667,97.57180674373548,-5.766666666666667,31.0,63.0,1,25.307631072537575,40.607745702950865,6,6,14,4,2,2025,1,2259.0
2025-04-07,12.0,22.0,9.0,2237,5.0,False,False,False,2259.0,4.0,0.5555555555555556,0.4090909090909091,11.0,0.48932384341637825,2248.0,-4.0,2234.0,2239.0,13.0,2208.0,2178.0,11.0,2159.0,2143.0,-2.0,2109.0,2235.4285714285716,18.42875599834326,3.4285714285714284,2198.0,42.14809056823197,4.928571428571429,2219.0,89.45505517590502,-5.3,24.0,69.0,1,18.42875599834326,42.14809056823197,7,0,15,4,2,2025,0,2277.0
2025-04-08,12.0,34.0,12.0,2243,9.0,False,False,False,2277.0,3.0,0.75,0.35294117647058826,18.0,0.7968127490039834,2259.0,4.0,2237.0,2249.0,10.0,2223.0,2208.0,3.0,2188.0,2141.0,5.0,2119.0,2245.285714285714,19.720668394660038,3.4285714285714284,2207.714285714286,43.64617979932674,4.785714285714286,2214.233333333333,81.86308305816836,-4.666666666666667,24.0,67.0,1,19.720668394660038,43.64617979932674,8,1,15,4,2,2025,0,2270.0
2025-04-09,6.0,19.0,10.0,2251,5.0,False,False,False,2270.0,5.0,0.5,0.5263157894736842,-7.0,-0.30742204655248573,2277.0,3.0,2243.0,2248.0,-4.0,2234.0,2218.0,3.0,2193.0,2144.0,4.0,2124.0,2252.714285714286,17.384996268778615,3.7142857142857144,2216.714285714286,42.472486246958155,4.857142857142857,2208.8333333333335,71.71739717421244,-3.7666666666666666,26.0,68.0,1,17.384996268778615,42.472486246958155,9,2,15,4,2,2025,0,2290.0
2025-04-10,18.0,25.0,17.0,2265,6.0,False,False,False,2290.0,11.0,0.35294117647058826,0.68,20.0,0.8810572687224738,2270.0,5.0,2251.0,2259.0,4.0,2237.0,2227.0,-5.0,2191.0,2165.0,7.0,2136.0,2261.714285714286,18.14491926863843,6.0,2225.6428571428573,43.88026916580843,5.142857142857143,2204.9666666666667,63.360753289743435,-2.7333333333333334,42.0,72.0,1,18.14491926863843,43.88026916580843,10,3,15,4,2,2025,0,2289.0
2025-04-11,8.0,22.0,8.0,2267,9.0,False,False,False,2289.0,-1.0,1.125,0.36363636363636365,-1.0,-0.04366812227074579,2290.0,11.0,2265.0,2277.0,3.0,2243.0,2239.0,13.0,2208.0,2152.0,4.0,2139.0,2268.8571428571427,17.544501242178473,4.0,2235.4285714285716,41.399952222697245,4.785714285714286,2203.9,61.584452807171026,-1.8666666666666667,28.0,67.0,1,17.544501242178473,41.399952222697245,11,4,15,4,2,2025,0,2309.0
2025-04-13,5.0,26.0,10.0,2283,3.0,False,False,False,2309.0,7.0,0.3,0.38461538461538464,20.0,0.8737439930100566,2289.0,-1.0,2267.0,2270.0,5.0,2251.0,2249.0,10.0,2223.0,2164.0,1.0,2145.0,2277.4285714285716,20.614373164848217,3.5714285714285716,2245.785714285714,40.27822196821159,5.214285714285714,2203.6666666666665,61.15685504923137,-1.4,25.0,73.0,1,20.614373164848217,40.27822196821159,13,6,15,4,2,2025,1,2308.0
2025-04-14,5.0,26.0,9.0,2282,13.0,False,False,False,2308.0,-4.0,1.4444444444444444,0.34615384615384615,-1.0,-0.04330879168471524,2309.0,7.0,2283.0,2290.0,11.0,2265.0,2248.0,-4.0,2234.0,2180.0,13.0,2159.0,2286.0,18.72609587431005,3.5714285714285716,2254.9285714285716,38.69300132754657,4.0,2204.0333333333333,61.76567696178177,-0.8666666666666667,25.0,56.0,1,18.72609587431005,38.69300132754657,14,0,16,4,2,2025,0,2305.0
2025-04-15,4.0,19.0,12.0,2286,7.0,False,False,False,2305.0,5.0,0.5833333333333334,0.631578947368421,-3.0,-0.12998266897746857,2308.0,-4.0,2282.0,2289.0,-1.0,2267.0,2259.0,4.0,2237.0,2178.0,11.0,2159.0,2292.5714285714284,15.458084647831734,3.7142857142857144,2264.0,33.854893977663345,3.5714285714285716,2205.6,63.746047882689346,0.5,26.0,50.0,1,15.458084647831734,33.854893977663345,15,1,16,4,2,2025,0,2321.0
2025-04-16,11.0,30.0,5.0,2291,8.0,False,False,False,2321.0,-3.0,1.6,0.16666666666666666,16.0,0.694143167028205,2305.0,5.0,2286.0,2309.0,7.0,2283.0,2277.0,3.0,2243.0,2208.0,3.0,2188.0,2298.8571428571427,16.945290117610135,2.857142857142857,2272.0714285714284,32.93458384846588,3.142857142857143,2208.133333333333,66.80271176249542,1.3,20.0,44.0,1,16.945290117610135,32.93458384846588,16,2,16,4,2,2025,0,2314.0
2025-04-17,7.0,26.0,10.0,2288,14.0,False,False,False,2314.0,-4.0,1.4,0.38461538461538464,-7.0,-0.30159414045669575,2321.0,-3.0,2291.0,2308.0,-4.0,2282.0,2270.0,5.0,2251.0,2218.0,3.0,2193.0,2305.1428571428573,11.852265205574744,1.5714285714285714,2278.9285714285716,30.730752040322677,2.642857142857143,2213.2,68.91393933345582,1.6666666666666667,11.0,37.0,1,11.852265205574744,30.730752040322677,17,3,16,4,2,2025,0,2320.0
2025-04-20,4.0,15.0,6.0,2305,4.0,False,False,False,2320.0,2.0,0.6666666666666666,0.4,6.0,0.2592912705272177,2314.0,-4.0,2288.0,2305.0,5.0,2286.0,2290.0,11.0,2265.0,2227.0,-5.0,2191.0,2309.4285714285716,10.845231562586198,0.2857142857142857,2285.5714285714284,28.621439748401063,3.142857142857143,2218.766666666667,70.60755226428743,2.2333333333333334,2.0,44.0,1,10.845231562586198,28.621439748401063,20,6,16,4,2,2025,1,2333.0
2025-04-21,10.0,25.0,5.0,2308,6.0,False,False,False,2333.0,-1.0,1.2,0.2,13.0,0.5603448275862011,2320.0,2.0,2305.0,2321.0,-3.0,2291.0,2289.0,-1.0,2267.0,2239.0,13.0,2208.0,2315.714285714286,9.724784244314497,0.2857142857142857,2292.285714285714,27.871762859919144,2.142857142857143,2225.633333333333,71.38795577586976,2.6333333333333333,2.0,30.0,1,9.724784244314497,27.871762859919144,21,0,17,4,2,2025,0,2324.0
2025-04-22,7.0,19.0,14.0,2305,17.0,False,False,False,2324.0,-3.0,1.2142857142857142,0.7368421052631579,-9.0,-0.385769395627944,2333.0,-1.0,2308.0,2314.0,-4.0,2288.0,2309.0,7.0,2283.0,2249.0,10.0,2223.0,2317.8571428571427,9.651054718002895,-1.1428571428571428,2297.6428571428573,26.060896564673754,1.2142857142857142,2232.0666666666666,71.26199031980727,2.7333333333333334,-8.0,17.0,0,9.651054718002895,26.060896564673754,22,1,17,4,2,2025,0,2323.0
2025-04-23,3.0,23.0,4.0,2300,11.0,False,False,False,2323.0,-7.0,2.75,0.17391304347826086,-1.0,-0.0430292598967319,2324.0,-3.0,2305.0,2320.0,2.0,2305.0,2308.0,-4.0,2282.0,2248.0,-4.0,2234.0,2320.0,8.717797888630985,-1.5714285714285714,2303.0,22.542267992330157,1.0,2238.3,70.74585402722523,2.4,-11.0,14.0,0,8.717797888630985,22.542267992330157,23,2,17,4,2,2025,0,2303.0
2025-04-24,3.0,9.0,7.0,2294,13.0,False,False,False,2303.0,-6.0,1.8571428571428572,0.7777777777777778,-20.0,-0.860955660783469,2323.0,-7.0,2300.0,2333.0,-1.0,2308.0,2305.0,5.0,2286.0,2259.0,4.0,2237.0,2319.714285714286,9.3043768516999,-3.142857142857143,2306.1428571428573,18.670656300128506,0.2857142857142857,2244.2,68.39913288399823,2.1,-22.0,4.0,0,9.3043768516999,18.670656300128506,24,3,17,4,2,2025,0,2341.0
2025-04-27,9.0,40.0,12.0,2301,4.0,False,False,False,2341.0,8.0,0.3333333333333333,0.3,38.0,1.6500217108119886,2303.0,-6.0,2294.0,2324.0,-3.0,2305.0,2321.0,-3.0,2291.0,2277.0,3.0,2243.0,2322.5714285714284,12.340409811376645,-1.5714285714285714,2310.714285714286,18.820727411654605,0.6428571428571429,2251.4,66.76804934821456,2.6333333333333333,-11.0,9.0,0,12.340409811376645,18.820727411654605,27,6,17,4,2,2025,1,2333.0
2025-04-28,6.0,26.0,12.0,2307,8.0,False,False,False,2333.0,4.0,0.6666666666666666,0.46153846153846156,-8.0,-0.34173430158052076,2341.0,8.0,2301.0,2323.0,-7.0,2300.0,2314.0,-4.0,2288.0,2270.0,5.0,2251.0,2325.285714285714,12.229939844431817,-0.42857142857142855,2315.214285714286,15.59180540182339,0.5714285714285714,2257.733333333333,65.12213106153318,2.8333333333333335,-3.0,8.0,0,12.229939844431817,15.59180540182339,28,0,18,4,2,2025,0,2329.0
2025-04-29,11.0,25.0,11.0,2304,15.0,False,False,False,2329.0,-4.0,1.3636363636363635,0.44,-4.0,-0.17145306472353683,2333.0,4.0,2307.0,2303.0,-6.0,2294.0,2320.0,2.0,2305.0,2290.0,11.0,2265.0,2326.5714285714284,12.053452381483906,-1.2857142857142858,2318.0,14.158444072192886,-0.5,2264.0,62.49413765587801,2.533333333333333,-9.0,-7.0,0,12.053452381483906,14.158444072192886,29,1,18,4,2,2025,0,2343.0
2025-04-30,7.0,34.0,9.0,2309,12.0,False,False,False,2343.0,-3.0,1.3333333333333333,0.2647058823529412,14.0,0.6011163589523472,2329.0,-4.0,2304.0,2341.0,8.0,2301.0,2333.0,-1.0,2308.0,2289.0,-1.0,2267.0,2328.0,13.453624048076335,-1.5714285714285714,2321.8571428571427,12.954697059675777,-0.6428571428571429,2270.633333333333,59.82185238657385,2.3,-11.0,-9.0,0,13.453624048076335,12.954697059675777,30,2,18,4,2,2025,0,2338.0
2025-05-01,13.0,32.0,14.0,2306,16.0,False,False,False,2338.0,-2.0,1.1428571428571428,0.4375,-5.0,-0.21340162185232714,2343.0,-3.0,2309.0,2333.0,4.0,2307.0,2324.0,-3.0,2305.0,2309.0,7.0,2283.0,2330.0,13.796134725360606,-1.4285714285714286,2323.9285714285716,13.058827172327616,-1.2857142857142858,2276.4,57.584480667673255,2.0,-10.0,-18.0,0,13.796134725360606,13.058827172327616,1,3,18,5,2,2025,0,2366.0
2025-05-04,9.0,31.0,10.0,2335,5.0,False,False,False,2366.0,5.0,0.5,0.3225806451612903,28.0,1.1976047904191711,2338.0,-2.0,2306.0,2329.0,-4.0,2304.0,2323.0,-7.0,2300.0,2308.0,-4.0,2282.0,2336.1428571428573,18.81868372574963,0.2857142857142857,2328.0714285714284,16.39166902028237,-0.6428571428571429,2283.5333333333333,54.831864215124675,2.033333333333333,2.0,-9.0,1,18.81868372574963,16.39166902028237,4,6,18,5,2,2025,1,2375.0
2025-05-05,15.0,44.0,20.0,2331,17.0,False,False,False,2375.0,3.0,0.85,0.45454545454545453,9.0,0.3803888419273038,2366.0,5.0,2335.0,2343.0,-3.0,2309.0,2303.0,-6.0,2294.0,2305.0,5.0,2286.0,2346.4285714285716,17.299876135759053,1.5714285714285714,2333.0714285714284,19.241238910445603,-0.7857142857142857,2290.5666666666666,52.45141156046411,2.1,11.0,-11.0,1,17.299876135759053,19.241238910445603,5,0,19,5,2,2025,0,2372.0
2025-05-06,10.0,33.0,16.0,2339,16.0,False,False,False,2372.0,0.0,1.0,0.48484848484848486,-3.0,-0.1263157894736855,2375.0,3.0,2331.0,2338.0,-2.0,2306.0,2341.0,8.0,2301.0,2321.0,-3.0,2291.0,2350.8571428571427,19.50579889425348,0.42857142857142855,2336.714285714286,21.47781886924745,-0.5714285714285714,2296.9666666666667,50.15870215896143,1.6666666666666667,3.0,-8.0,1,19.50579889425348,21.47781886924745,6,1,19,5,2,2025,0,2365.0
2025-05-07,10.0,30.0,15.0,2335,10.0,False,False,False,2365.0,5.0,0.6666666666666666,0.5,-7.0,-0.295109612141653,2372.0,0.0,2339.0,2366.0,5.0,2335.0,2333.0,4.0,2307.0,2314.0,-4.0,2288.0,2355.4285714285716,18.338094620558653,0.5714285714285714,2340.3571428571427,21.653236188756296,0.07142857142857142,2303.2,46.338633616991764,1.4666666666666666,4.0,1.0,1,18.338094620558653,21.653236188756296,7,2,19,5,2,2025,0,2385.0
2025-05-08,15.0,24.0,16.0,2361,11.0,False,False,False,2385.0,5.0,0.6875,0.6666666666666666,20.0,0.8456659619450413,2365.0,5.0,2335.0,2375.0,3.0,2331.0,2329.0,-4.0,2304.0,2320.0,2.0,2305.0,2363.4285714285716,17.057326313909552,1.8571428571428572,2345.0,23.813376979342102,0.2857142857142857,2309.1,45.049666078292624,1.5333333333333334,13.0,4.0,1,17.057326313909552,23.813376979342102,8,3,19,5,2,2025,0,2405.0
2025-05-11,15.0,20.0,12.0,2385,3.0,False,False,False,2405.0,9.0,0.25,0.6,20.0,0.8385744234800763,2385.0,5.0,2361.0,2372.0,0.0,2339.0,2343.0,-3.0,2309.0,2333.0,-1.0,2308.0,2372.285714285714,20.442719044479603,3.5714285714285716,2350.1428571428573,28.362643750588525,1.0,2315.3333333333335,44.946967473123756,1.7333333333333334,25.0,14.0,1,20.442719044479603,28.362643750588525,11,6,19,5,2,2025,1,2425.0
2025-05-12,7.0,33.0,14.0,2392,7.0,False,False,False,2425.0,7.0,0.5,0.42424242424242425,20.0,0.8316008316008316,2405.0,9.0,2385.0,2365.0,5.0,2335.0,2338.0,-2.0,2306.0,2324.0,-3.0,2305.0,2384.714285714286,22.4700859351152,4.857142857142857,2357.3571428571427,33.56877473852356,1.7142857142857142,2321.9333333333334,46.05239394948246,2.1333333333333333,34.0,24.0,1,22.4700859351152,33.56877473852356,12,0,20,5,2,2025,0,2423.0
2025-05-13,18.0,29.0,12.0,2394,11.0,False,False,False,2423.0,1.0,0.9166666666666666,0.41379310344827586,-2.0,-0.08247422680411898,2425.0,7.0,2392.0,2385.0,5.0,2361.0,2366.0,5.0,2335.0,2323.0,-7.0,2300.0,2392.8571428571427,24.768451516048472,4.285714285714286,2364.5,36.229503490385916,2.2857142857142856,2328.0666666666666,46.87174969544893,1.7333333333333334,30.0,32.0,1,24.768451516048472,36.229503490385916,13,1,20,5,2,2025,0,2424.0
2025-05-14,7.0,30.0,14.0,2394,11.0,False,False,False,2424.0,3.0,0.7857142857142857,0.4666666666666667,1.0,0.04127115146512761,2423.0,1.0,2394.0,2405.0,9.0,2385.0,2375.0,3.0,2331.0,2303.0,-6.0,2294.0,2399.8571428571427,25.783900477548702,4.285714285714286,2373.1428571428573,34.83556348904486,2.9285714285714284,2333.9,47.57668945274501,1.5,30.0,41.0,1,25.783900477548702,34.83556348904486,14,2,20,5,2,2025,0,2441.0
2025-05-15,15.0,31.0,14.0,2410,14.0,False,False,False,2441.0,0.0,1.0,0.45161290322580644,17.0,0.7013201320132056,2424.0,3.0,2394.0,2425.0,7.0,2392.0,2372.0,0.0,2339.0,2341.0,8.0,2301.0,2409.714285714286,26.5374847200079,4.285714285714286,2380.285714285714,37.8589052057683,2.357142857142857,2340.3333333333335,48.59851944171367,1.6333333333333333,30.0,33.0,1,26.5374847200079,37.8589052057683,15,3,20,5,2,2025,0,2465.0
2025-05-18,13.0,28.0,14.0,2437,9.0,False,False,False,2465.0,5.0,0.6428571428571429,0.5,24.0,0.9832036050798854,2441.0,0.0,2410.0,2423.0,1.0,2394.0,2365.0,5.0,2335.0,2333.0,4.0,2307.0,2424.0,25.344295874216265,4.285714285714286,2389.714285714286,41.44399106851136,2.4285714285714284,2347.2,51.19428847426631,1.6666666666666667,30.0,34.0,1,25.344295874216265,41.44399106851136,18,6,20,5,2,2025,1,2484.0
2025-05-19,7.0,27.0,17.0,2457,6.0,False,False,False,2484.0,11.0,0.35294117647058826,0.6296296296296297,19.0,0.7707910750507141,2465.0,5.0,2437.0,2424.0,3.0,2394.0,2385.0,5.0,2361.0,2329.0,-4.0,2304.0,2438.1428571428573,27.48592713558331,5.142857142857143,2400.785714285714,44.56314201732024,3.5,2354.1,55.19954397587919,1.9333333333333333,36.0,49.0,1,27.48592713558331,44.56314201732024,19,0,21,5,2,2025,0,2529.0
2025-05-21,14.0,62.0,13.0,2467,18.0,False,False,False,2529.0,-5.0,1.3846153846153846,0.20967741935483872,45.0,1.8115942028985588,2484.0,11.0,2457.0,2441.0,0.0,2410.0,2405.0,9.0,2385.0,2343.0,-3.0,2309.0,2455.8571428571427,39.77615940697588,3.142857142857143,2414.0714285714284,52.94767269708838,3.357142857142857,2362.733333333333,61.48839718579721,1.6,22.0,47.0,1,39.77615940697588,52.94767269708838,21,2,21,5,2,2025,0,2509.0
2025-05-22,18.0,36.0,17.0,2473,15.0,False,False,False,2509.0,2.0,0.8823529411764706,0.4722222222222222,-20.0,-0.7908264136022192,2529.0,-5.0,2467.0,2465.0,5.0,2437.0,2425.0,7.0,2392.0,2338.0,-2.0,2306.0,2467.8571428571427,41.54687542004919,2.4285714285714284,2426.285714285714,53.76648737751862,3.642857142857143,2370.0333333333333,65.42934242789944,1.3,17.0,51.0,1,41.54687542004919,53.76648737751862,22,3,21,5,2,2025,0,2528.0
2025-05-27,6.0,24.0,7.0,2504,11.0,False,False,False,2528.0,-4.0,1.5714285714285714,0.2916666666666667,19.0,0.757273814268622,2509.0,2.0,2473.0,2484.0,11.0,2457.0,2423.0,1.0,2394.0,2366.0,5.0,2335.0,2482.8571428571427,41.607004905051745,1.7142857142857142,2437.8571428571427,57.121809311177884,3.0,2378.0,69.63748495111979,1.2,12.0,42.0,1,41.607004905051745,57.121809311177884,27,1,22,5,2,2025,0,2538.0
2025-05-28,12.0,39.0,12.0,2499,14.0,False,False,False,2538.0,-2.0,1.1666666666666667,0.3076923076923077,10.0,0.39556962025315556,2528.0,-4.0,2504.0,2529.0,-5.0,2467.0,2424.0,3.0,2394.0,2375.0,3.0,2331.0,2499.1428571428573,36.757895167826234,1.0,2449.5,59.870051586785145,2.642857142857143,2385.633333333333,74.21380266311473,0.9,7.0,37.0,1,36.757895167826234,59.870051586785145,28,2,22,5,2,2025,0,2544.0
2025-05-29,13.0,38.0,15.0,2506,11.0,False,False,False,2544.0,4.0,0.7333333333333333,0.39473684210526316,6.0,0.23640661938533203,2538.0,-2.0,2499.0,2509.0,2.0,2473.0,2441.0,0.0,2410.0,2372.0,0.0,2339.0,2513.8571428571427,29.503833488246087,1.5714285714285714,2461.785714285714,60.38871337739944,2.9285714285714284,2393.5,78.10680132847403,1.1666666666666667,11.0,41.0,1,29.503833488246087,60.38871337739944,29,3,22,5,2,2025,0,2552.0
2025-06-01,8.0,24.0,16.0,2528,12.0,False,False,False,2552.0,4.0,0.75,0.6666666666666666,8.0,0.3144654088050425,2544.0,4.0,2506.0,2528.0,-4.0,2504.0,2465.0,5.0,2437.0,2365.0,5.0,2335.0,2526.285714285714,23.128008170412205,1.4285714285714286,2475.1428571428573,57.96664444499616,2.857142857142857,2401.733333333333,81.40487714480696,1.1333333333333333,10.0,40.0,1,23.128008170412205,57.96664444499616,1,6,22,6,2,2025,1,2537.0
2025-06-02,10.0,19.0,5.0,2518,16.0,False,False,False,2537.0,-11.0,3.2,0.2631578947368421,-15.0,-0.5877742946708508,2552.0,4.0,2528.0,2538.0,-2.0,2499.0,2484.0,11.0,2457.0,2385.0,5.0,2361.0,2533.8571428571427,13.75292176843565,-1.7142857142857142,2486.0,53.87449803517487,1.7142857142857142,2408.9333333333334,83.54223929904583,0.8666666666666667,-12.0,24.0,0,13.75292176843565,53.87449803517487,2,0,23,6,2,2025,0,2542.0
2025-06-03,5.0,23.0,11.0,2519,15.0,False,False,False,2542.0,-4.0,1.3636363636363635,0.4782608695652174,5.0,0.19708316909736734,2537.0,-11.0,2518.0,2544.0,4.0,2506.0,2529.0,-5.0,2467.0,2405.0,9.0,2385.0,2535.714285714286,13.86499532145394,-1.5714285714285714,2495.785714285714,50.35745849875624,0.7857142857142857,2416.5333333333333,84.96682246331697,0.8666666666666667,-11.0,11.0,0,13.86499532145394,50.35745849875624,3,1,23,6,2,2025,0,2532.0
2025-06-04,4.0,16.0,9.0,2516,16.0,False,False,False,2532.0,-7.0,1.7777777777777777,0.5625,-10.0,-0.3933910306844979,2542.0,-4.0,2519.0,2552.0,4.0,2528.0,2509.0,2.0,2473.0,2425.0,7.0,2392.0,2539.0,7.937253934820713,-2.857142857142857,2503.4285714285716,46.780525675731376,-0.21428571428571427,2423.6,85.47578806188437,0.5666666666666667,-20.0,-3.0,0,7.937253934820713,46.780525675731376,4,2,23,6,2,2025,0,2529.0
2025-06-05,8.0,26.0,5.0,2503,21.0,False,False,False,2529.0,-16.0,4.2,0.19230769230769232,-3.0,-0.11848341232227888,2532.0,-7.0,2516.0,2537.0,-11.0,2518.0,2528.0,-4.0,2504.0,2423.0,1.0,2394.0,2539.1428571428573,7.712080815319308,-4.571428571428571,2511.0,40.98029545360359,-1.4285714285714286,2430.133333333333,85.80199070632328,0.06666666666666667,-32.0,-20.0,0,7.712080815319308,40.98029545360359,5,3,23,6,2,2025,0,2523.0
2025-06-08,10.0,16.0,15.0,2507,13.0,False,False,False,2523.0,2.0,0.8666666666666667,0.9375,-6.0,-0.23724792408066353,2529.0,-16.0,2503.0,2542.0,-4.0,2519.0,2538.0,-2.0,2499.0,2424.0,3.0,2394.0,2537.0,9.865765725941902,-4.0,2518.0714285714284,32.471204488885256,-1.5,2436.766666666667,85.00250841448262,0.23333333333333334,-28.0,-21.0,0,9.865765725941902,32.471204488885256,8,6,23,6,2,2025,1,2537.0
2025-06-09,8.0,21.0,14.0,2516,9.0,False,False,False,2537.0,5.0,0.6428571428571429,0.6666666666666666,14.0,0.5548949663099378,2523.0,2.0,2507.0,2532.0,-7.0,2516.0,2544.0,4.0,2506.0,2441.0,0.0,2410.0,2536.0,9.380831521024225,-3.857142857142857,2524.9285714285716,23.96620789692975,-1.1428571428571428,2443.9,84.10065808082449,0.6333333333333333,-27.0,-16.0,0,9.380831521024225,23.96620789692975,9,0,24,6,2,2025,0,2539.0
2025-06-10,17.0,28.0,7.0,2511,12.0,False,False,False,2539.0,-5.0,1.7142857142857142,0.25,2.0,0.07883326763893361,2537.0,5.0,2516.0,2529.0,-16.0,2503.0,2552.0,4.0,2528.0,2465.0,5.0,2437.0,2534.1428571428573,6.542898733388372,-5.142857142857143,2530.214285714286,16.830277533001915,-1.8571428571428572,2451.766666666667,81.46278326600337,0.6666666666666666,-36.0,-26.0,0,6.542898733388372,16.830277533001915,10,1,24,6,2,2025,0,2547.0
2025-06-17,7.0,24.0,10.0,2523,14.0,False,False,False,2547.0,-4.0,1.4,0.4166666666666667,8.0,0.3150846790074935,2539.0,-5.0,2511.0,2523.0,2.0,2507.0,2537.0,-11.0,2518.0,2484.0,11.0,2457.0,2535.5714285714284,8.162049230732029,-4.142857142857143,2534.714285714286,10.901154292766417,-2.9285714285714284,2458.633333333333,80.48023245533356,0.26666666666666666,-29.0,-41.0,0,8.162049230732029,10.901154292766417,17,1,25,6,2,2025,0,2520.0
2025-06-19,8.0,19.0,7.0,2501,18.0,False,False,False,2520.0,-11.0,2.5714285714285716,0.3684210526315789,-27.0,-1.0600706713780883,2547.0,-4.0,2523.0,2537.0,5.0,2516.0,2542.0,-4.0,2519.0,2529.0,-5.0,2467.0,2532.4285714285716,9.41376904565354,-5.142857142857143,2534.0714285714284,11.512296344019102,-3.357142857142857,2464.866666666667,77.60453831953811,-0.23333333333333334,-36.0,-47.0,0,9.41376904565354,11.512296344019102,19,3,25,6,2,2025,0,2521.0
2025-06-22,7.0,13.0,5.0,2508,7.0,False,False,False,2521.0,-2.0,1.4,0.38461538461538464,1.0,0.03968253968253954,2520.0,-11.0,2501.0,2539.0,-5.0,2511.0,2532.0,-7.0,2516.0,2509.0,2.0,2473.0,2530.8571428571427,10.367072417131727,-4.428571428571429,2534.9285714285716,9.825119190752716,-3.642857142857143,2471.266666666667,73.8390296443767,-0.16666666666666666,-31.0,-51.0,0,10.367072417131727,9.825119190752716,22,6,25,6,2,2025,1,2510.0
2025-06-23,3.0,15.0,5.0,2495,17.0,False,False,False,2510.0,-12.0,3.4,0.3333333333333333,-11.0,-0.4363347877826218,2521.0,-2.0,2508.0,2547.0,-4.0,2523.0,2529.0,-16.0,2503.0,2528.0,-4.0,2504.0,2528.1428571428573,13.069411763174312,-3.857142857142857,2533.6428571428573,11.783999212584611,-4.214285714285714,2476.8333333333335,70.03254580005591,-0.4666666666666667,-27.0,-59.0,0,13.069411763174312,11.783999212584611,23,0,26,6,2,2025,0,2509.0
2025-06-24,5.0,20.0,5.0,2489,16.0,False,False,False,2509.0,-11.0,3.2,0.25,-1.0,-0.03984063745019473,2510.0,-12.0,2495.0,2520.0,-11.0,2501.0,2523.0,2.0,2507.0,2538.0,-2.0,2499.0,2526.1428571428573,14.926805546914862,-5.714285714285714,2531.5714285714284,13.397555955251937,-4.857142857142857,2482.5333333333333,65.13049676739739,-0.7666666666666667,-40.0,-68.0,0,14.926805546914862,13.397555955251937,24,1,26,6,2,2025,0,2482.0
2025-06-25,6.0,12.0,2.0,2470,24.0,False,False,False,2482.0,-22.0,12.0,0.16666666666666666,-27.0,-1.0761259465922657,2509.0,-11.0,2489.0,2521.0,-2.0,2508.0,2537.0,5.0,2516.0,2544.0,4.0,2506.0,2518.285714285714,21.351926422004297,-9.571428571428571,2527.1428571428573,18.317109040352907,-6.714285714285714,2486.4,61.30455346737817,-1.6666666666666667,-67.0,-94.0,0,21.351926422004297,18.317109040352907,25,2,26,6,2,2025,0,2456.0
2025-06-26,3.0,9.0,7.0,2447,35.0,False,False,False,2456.0,-28.0,5.0,0.7777777777777778,-26.0,-1.0475423045930743,2482.0,-22.0,2470.0,2510.0,-12.0,2495.0,2539.0,-5.0,2511.0,2552.0,4.0,2528.0,2506.4285714285716,29.44405510418633,-12.857142857142858,2520.285714285714,25.033603790927796,-9.0,2489.1,57.919295813733484,-2.7,-90.0,-126.0,0,29.44405510418633,25.033603790927796,26,3,26,6,2,2025,0,2430.0
2025-06-29,5.0,17.0,7.0,2413,20.0,False,False,False,2430.0,-13.0,2.857142857142857,0.4117647058823529,-26.0,-1.0586319218241047,2456.0,-28.0,2447.0,2509.0,-11.0,2489.0,2547.0,-4.0,2523.0,2537.0,-11.0,2518.0,2489.714285714286,35.217014286622145,-14.142857142857142,2512.6428571428573,34.195382376925764,-9.142857142857142,2491.0333333333333,54.757448451257275,-3.1333333333333333,-99.0,-128.0,0,35.217014286622145,34.195382376925764,29,6,26,6,2,2025,1,2429.0
2025-06-30,9.0,22.0,8.0,2407,16.0,False,False,False,2429.0,-8.0,2.0,0.36363636363636365,-1.0,-0.04115226337448874,2430.0,-13.0,2413.0,2482.0,-22.0,2470.0,2520.0,-11.0,2501.0,2542.0,-4.0,2519.0,2476.714285714286,38.788805454635195,-13.714285714285714,2504.5714285714284,39.63625823804657,-9.428571428571429,2493.1666666666665,50.78017759671745,-3.566666666666667,-96.0,-132.0,0,38.788805454635195,39.63625823804657,30,0,27,6,2,2025,0,2405.0
2025-07-01,7.0,14.0,6.0,2391,22.0,False,False,False,2405.0,-16.0,3.6666666666666665,0.42857142857142855,-24.0,-0.9880609304240395,2429.0,-8.0,2407.0,2456.0,-28.0,2447.0,2521.0,-2.0,2508.0,2532.0,-7.0,2516.0,2460.1428571428573,41.4062337154972,-15.714285714285714,2495.5,46.767427850723536,-10.071428571428571,2493.8333333333335,49.4243297151175,-4.266666666666667,-110.0,-141.0,0,41.4062337154972,46.767427850723536,1,1,27,7,3,2025,0,2393.0
2025-07-02,8.0,20.0,9.0,2373,38.0,False,False,False,2393.0,-29.0,4.222222222222222,0.45,-12.0,-0.498960498960499,2405.0,-16.0,2391.0,2430.0,-13.0,2413.0,2510.0,-12.0,2495.0,2529.0,-16.0,2503.0,2443.4285714285716,41.54057110398596,-18.142857142857142,2485.785714285714,52.98501758037456,-11.0,2493.4333333333334,50.21037352149411,-5.533333333333333,-127.0,-154.0,0,41.54057110398596,52.98501758037456,2,2,27,7,3,2025,0,2349.0
2025-07-06,4.0,17.0,2.0,2332,8.0,False,False,False,2349.0,-6.0,4.0,0.11764705882352941,-44.0,-1.8386961972419513,2393.0,-29.0,2373.0,2429.0,-8.0,2407.0,2509.0,-11.0,2489.0,2523.0,2.0,2507.0,2420.5714285714284,43.42371526764402,-17.428571428571427,2473.3571428571427,63.0379704175703,-11.571428571428571,2490.9,55.42833210527405,-5.966666666666667,-122.0,-162.0,0,43.42371526764402,63.0379704175703,6,6,27,7,3,2025,1,2335.0
2025-07-07,3.0,18.0,8.0,2317,20.0,False,False,False,2335.0,-12.0,2.5,0.4444444444444444,-14.0,-0.5959982971477262,2349.0,-6.0,2332.0,2405.0,-16.0,2391.0,2482.0,-22.0,2470.0,2537.0,5.0,2516.0,2399.5714285714284,44.30145649575783,-16.0,2458.9285714285716,70.07519509151578,-12.785714285714286,2487.9666666666667,61.17610719820754,-6.4,-112.0,-179.0,0,44.30145649575783,70.07519509151578,7,0,28,7,3,2025,0,2322.0
2025-07-08,5.0,16.0,8.0,2306,20.0,False,False,False,2322.0,-12.0,2.5,0.5,-13.0,-0.5567451820128522,2335.0,-12.0,2317.0,2393.0,-29.0,2373.0,2456.0,-28.0,2447.0,2539.0,-5.0,2511.0,2380.4285714285716,44.80274226330672,-13.714285714285714,2443.4285714285716,74.83902137896006,-13.285714285714286,2484.5666666666666,67.37424215321231,-6.9,-96.0,-186.0,0,44.80274226330672,74.83902137896006,8,1,28,7,3,2025,0,2299.0
2025-07-09,2.0,18.0,0.0,2281,32.0,False,False,False,2299.0,-32.0,,0.0,-23.0,-0.9905254091300608,2322.0,-12.0,2306.0,2349.0,-6.0,2332.0,2430.0,-13.0,2413.0,2547.0,-4.0,2523.0,2361.714285714286,47.89820555370301,-16.428571428571427,2425.714285714286,77.73270628541945,-15.285714285714286,2479.8333333333335,75.08711415826454,-7.966666666666667,-115.0,-214.0,0,47.89820555370301,77.73270628541945,9,2,28,7,3,2025,0,2264.0
2025-07-10,2.0,12.0,3.0,2252,39.0,False,False,False,2264.0,-36.0,13.0,0.25,-35.0,-1.5224010439321423,2299.0,-32.0,2281.0,2335.0,-12.0,2317.0,2429.0,-8.0,2407.0,2520.0,-11.0,2501.0,2338.1428571428573,49.82779870550542,-20.428571428571427,2407.4285714285716,83.72639900408893,-17.071428571428573,2473.133333333333,84.7961992206693,-9.333333333333334,-143.0,-239.0,0,49.82779870550542,83.72639900408893,10,3,28,7,3,2025,0,2217.0
2025-07-13,1.0,13.0,4.0,2204,10.0,False,False,False,2217.0,-6.0,2.5,0.3076923076923077,-47.0,-2.075971731448767,2264.0,-36.0,2252.0,2322.0,-12.0,2306.0,2405.0,-16.0,2391.0,2521.0,-2.0,2508.0,2311.285714285714,57.81209298464407,-19.0,2385.714285714286,91.10216460483703,-17.357142857142858,2464.233333333333,96.78119058240247,-9.9,-133.0,-243.0,0,57.81209298464407,91.10216460483703,13,6,28,7,3,2025,1,2190.0
2025-07-14,2.0,9.0,1.0,2181,26.0,False,False,False,2190.0,-25.0,26.0,0.1111111111111111,-27.0,-1.2178619756427644,2217.0,-6.0,2204.0,2299.0,-32.0,2281.0,2393.0,-29.0,2373.0,2510.0,-12.0,2495.0,2282.285714285714,60.82684244584791,-18.428571428571427,2362.8571428571427,97.44336196628097,-18.285714285714285,2452.9333333333334,108.08838443860344,-10.566666666666666,-129.0,-256.0,0,60.82684244584791,97.44336196628097,14,0,29,7,3,2025,0,2179.0
2025-07-15,0.0,8.0,5.0,2171,17.0,False,False,False,2179.0,-12.0,3.4,0.625,-11.0,-0.5022831050228271,2190.0,-25.0,2181.0,2264.0,-36.0,2252.0,2349.0,-6.0,2332.0,2509.0,-11.0,2489.0,2258.0,63.62389488256293,-19.285714285714285,2339.285714285714,99.26842287607424,-18.357142857142858,2441.9333333333334,118.4782631985604,-11.033333333333333,-135.0,-257.0,0,63.62389488256293,99.26842287607424,15,1,29,7,3,2025,0,2173.0
2025-07-16,1.0,9.0,0.0,2164,11.0,False,False,False,2173.0,-11.0,,0.0,-6.0,-0.275355667737498,2179.0,-12.0,2171.0,2217.0,-6.0,2204.0,2335.0,-12.0,2317.0,2482.0,-22.0,2470.0,2234.8571428571427,60.325308595733304,-19.142857142857142,2317.214285714286,99.44784374966291,-17.571428571428573,2430.1,127.00701854068284,-11.266666666666667,-134.0,-246.0,0,60.325308595733304,99.44784374966291,16,2,29,7,3,2025,0,2169.0
2025-07-17,3.0,16.0,2.0,2153,17.0,False,False,False,2169.0,-15.0,8.5,0.125,-4.0,-0.18407731247124248,2173.0,-11.0,2164.0,2190.0,-25.0,2181.0,2322.0,-12.0,2306.0,2456.0,-28.0,2447.0,2213.0,50.38849074965214,-19.571428571428573,2296.714285714286,98.21125469891258,-16.642857142857142,2417.8,133.87910140524602,-11.7,-137.0,-233.0,0,50.38849074965214,98.21125469891258,17,3,29,7,3,2025,0,2139.0
2025-07-21,4.0,18.0,7.0,2121,16.0,False,False,False,2139.0,-9.0,2.2857142857142856,0.3888888888888889,-30.0,-1.3831258644536604,2169.0,-15.0,2153.0,2179.0,-12.0,2171.0,2299.0,-32.0,2281.0,2430.0,-13.0,2413.0,2190.1428571428573,40.11827751168,-16.285714285714285,2275.9285714285716,98.62552664284746,-16.357142857142858,2404.3,140.94756912182643,-12.133333333333333,-114.0,-229.0,0,40.11827751168,98.62552664284746,21,0,30,7,3,2025,0,2130.0
2025-07-22,5.0,13.0,3.0,2117,16.0,False,False,False,2130.0,-13.0,5.333333333333333,0.23076923076923078,-9.0,-0.42075736325385416,2139.0,-9.0,2121.0,2173.0,-11.0,2164.0,2264.0,-36.0,2252.0,2429.0,-8.0,2407.0,2171.0,29.59166549376379,-13.0,2254.5714285714284,95.24439356507766,-16.714285714285715,2390.233333333333,146.64164232693446,-12.7,-91.0,-234.0,0,29.59166549376379,95.24439356507766,22,1,30,7,3,2025,0,2132.0
2025-07-23,6.0,21.0,5.0,2111,14.0,False,False,False,2132.0,-9.0,2.8,0.23809523809523808,2.0,0.09389671361501595,2130.0,-13.0,2117.0,2169.0,-15.0,2153.0,2217.0,-6.0,2204.0,2405.0,-16.0,2391.0,2158.8571428571427,24.58609750457434,-13.428571428571429,2235.0714285714284,89.87210081877335,-16.214285714285715,2376.733333333333,151.23467339454402,-12.633333333333333,-94.0,-227.0,0,24.58609750457434,89.87210081877335,23,2,30,7,3,2025,0,2114.0
2025-07-24,6.0,18.0,7.0,2096,29.0,False,False,False,2114.0,-22.0,4.142857142857143,0.3888888888888889,-18.0,-0.8442776735459678,2132.0,-9.0,2111.0,2139.0,-9.0,2121.0,2190.0,-25.0,2181.0,2393.0,-29.0,2373.0,2148.0,25.31139400931915,-13.0,2215.1428571428573,82.81476748968954,-15.714285714285714,2362.4666666666667,155.2412434829538,-13.233333333333333,-91.0,-220.0,0,25.31139400931915,82.81476748968954,24,3,30,7,3,2025,0,2100.0
2025-07-27,1.0,12.0,2.0,2088,4.0,False,False,False,2100.0,-2.0,2.0,0.16666666666666666,-14.0,-0.6622516556291425,2114.0,-22.0,2096.0,2130.0,-13.0,2117.0,2179.0,-12.0,2171.0,2349.0,-6.0,2332.0,2136.714285714286,26.756396654504464,-11.571428571428571,2197.3571428571427,78.480381814542,-15.428571428571429,2348.0666666666666,158.96452289804392,-13.066666666666666,-81.0,-216.0,0,26.756396654504464,78.480381814542,27,6,30,7,3,2025,1,2089.0
2025-07-28,2.0,9.0,3.0,2080,14.0,False,False,False,2089.0,-11.0,4.666666666666667,0.3333333333333333,-11.0,-0.5238095238095264,2100.0,-2.0,2088.0,2132.0,-9.0,2111.0,2173.0,-11.0,2164.0,2335.0,-12.0,2317.0,2124.714285714286,26.606479698247764,-11.571428571428571,2179.785714285714,72.61190681338232,-15.357142857142858,2333.4,161.96500260531099,-12.9,-81.0,-215.0,0,26.606479698247764,72.61190681338232,28,0,31,7,3,2025,0,2080.0
2025-07-29,2.0,8.0,3.0,2072,12.0,False,False,False,2080.0,-9.0,4.0,0.375,-9.0,-0.43082814743896636,2089.0,-11.0,2080.0,2114.0,-22.0,2096.0,2169.0,-15.0,2153.0,2322.0,-12.0,2306.0,2112.0,22.927421719313998,-10.714285714285714,2162.5,64.50491931218309,-15.142857142857142,2318.633333333333,164.26103769829297,-13.266666666666667,-75.0,-212.0,0,22.927421719313998,64.50491931218309,29,1,31,7,3,2025,0,2078.0
2025-07-30,4.0,15.0,4.0,2063,16.0,False,False,False,2078.0,-12.0,4.0,0.26666666666666666,-2.0,-0.09615384615384581,2080.0,-9.0,2072.0,2100.0,-2.0,2088.0,2139.0,-9.0,2121.0,2299.0,-32.0,2281.0,2103.285714285714,22.54413660504131,-11.142857142857142,2146.714285714286,54.85004532919181,-13.714285714285714,2303.3333333333335,164.59633660249378,-13.833333333333334,-78.0,-192.0,0,22.54413660504131,54.85004532919181,30,2,31,7,3,2025,0,2067.0
2025-07-31,2.0,9.0,6.0,2058,15.0,False,False,False,2067.0,-9.0,2.5,0.6666666666666666,-11.0,-0.5293551491819093,2078.0,-12.0,2063.0,2089.0,-11.0,2080.0,2130.0,-13.0,2117.0,2264.0,-36.0,2252.0,2094.285714285714,22.676818455568903,-10.571428571428571,2132.6428571428573,47.1798639307781,-11.785714285714286,2287.6,163.8497208861086,-13.966666666666667,-74.0,-165.0,0,22.676818455568903,47.1798639307781,31,3,31,7,3,2025,0,2075.0
2025-08-03,5.0,26.0,3.0,2049,5.0,False,False,False,2075.0,-2.0,1.6666666666666667,0.11538461538461539,8.0,0.38703434929849845,2067.0,-9.0,2058.0,2080.0,-9.0,2072.0,2132.0,-9.0,2111.0,2217.0,-6.0,2204.0,2086.1428571428573,16.18052915816778,-9.571428571428571,2122.5,42.70065753514242,-11.5,2271.866666666667,160.71386724987278,-13.9,-67.0,-161.0,0,16.18052915816778,42.70065753514242,3,6,31,8,3,2025,1,2062.0
2025-08-04,5.0,22.0,11.0,2040,14.0,False,False,False,2062.0,-3.0,1.2727272727272727,0.5,-13.0,-0.6265060240963849,2075.0,-2.0,2049.0,2078.0,-12.0,2063.0,2114.0,-22.0,2096.0,2190.0,-25.0,2181.0,2078.714285714286,12.854497083392353,-6.857142857142857,2113.3571428571427,40.79707218647715,-9.928571428571429,2256.6,158.06166409077625,-13.633333333333333,-48.0,-139.0,0,12.854497083392353,40.79707218647715,4,0,32,8,3,2025,0,2063.0
2025-08-05,2.0,21.0,10.0,2042,14.0,False,False,False,2063.0,-4.0,1.4,0.47619047619047616,1.0,0.04849660523762456,2062.0,-3.0,2040.0,2067.0,-9.0,2058.0,2100.0,-2.0,2088.0,2179.0,-12.0,2171.0,2073.4285714285716,9.913915185969797,-7.142857142857143,2105.0714285714284,38.13228853162513,-9.357142857142858,2241.3333333333335,153.70175628479487,-13.7,-50.0,-131.0,0,9.913915185969797,38.13228853162513,5,1,32,8,3,2025,0,2053.0
2025-08-06,4.0,17.0,3.0,2036,13.0,False,False,False,2053.0,-10.0,4.333333333333333,0.17647058823529413,-10.0,-0.4847309743092554,2063.0,-4.0,2042.0,2075.0,-2.0,2049.0,2089.0,-11.0,2080.0,2173.0,-11.0,2164.0,2068.285714285714,9.82707629971171,-7.0,2096.5,35.05106165531593,-9.285714285714286,2226.1,148.72199243708306,-13.633333333333333,-49.0,-130.0,0,9.82707629971171,35.05106165531593,6,2,32,8,3,2025,0,2049.0
2025-08-07,4.0,18.0,6.0,2031,17.0,False,False,False,2049.0,-11.0,2.8333333333333335,0.3333333333333333,-4.0,-0.1948368241597609,2053.0,-10.0,2036.0,2062.0,-3.0,2040.0,2080.0,-9.0,2072.0,2169.0,-15.0,2153.0,2063.8571428571427,10.621182789053425,-7.285714285714286,2087.9285714285716,30.309846803882078,-9.0,2210.766666666667,142.11546624874964,-13.633333333333333,-51.0,-126.0,0,10.621182789053425,30.309846803882078,7,3,32,8,3,2025,0,2024.0
2025-08-10,0.0,18.0,8.0,2006,12.0,False,False,False,2024.0,-4.0,1.5,0.4444444444444444,-25.0,-1.2201073694485087,2049.0,-11.0,2031.0,2063.0,-4.0,2042.0,2078.0,-12.0,2063.0,2139.0,-9.0,2121.0,2056.1428571428573,16.577379884606216,-6.142857142857143,2079.714285714286,30.97996516857915,-8.642857142857142,2195.5,136.4613751085809,-13.033333333333333,-43.0,-121.0,0,16.577379884606216,30.97996516857915,10,6,32,8,3,2025,1,2022.0
2025-08-11,6.0,23.0,4.0,1999,16.0,False,False,False,2022.0,-12.0,4.0,0.17391304347826086,-2.0,-0.09881422924901129,2024.0,-4.0,2006.0,2053.0,-10.0,2036.0,2067.0,-9.0,2058.0,2130.0,-13.0,2117.0,2049.714285714286,20.030928467426747,-6.571428571428571,2072.0,30.941632398321993,-8.571428571428571,2181.0333333333333,130.7792252121856,-12.5,-46.0,-120.0,0,20.030928467426747,30.941632398321993,11,0,33,8,3,2025,0,2037.0
2025-08-12,8.0,38.0,9.0,1999,9.0,False,False,False,2037.0,0.0,1.0,0.23684210526315788,15.0,0.7418397626112849,2022.0,-12.0,1999.0,2049.0,-11.0,2031.0,2075.0,-2.0,2049.0,2132.0,-9.0,2111.0,2044.2857142857142,16.9481000488907,-6.285714285714286,2065.214285714286,26.927762545239258,-7.928571428571429,2167.9333333333334,124.51365617748836,-12.066666666666666,-44.0,-111.0,0,16.9481000488907,26.927762545239258,12,1,33,8,3,2025,0,2019.0
2025-08-13,6.0,22.0,12.0,1997,17.0,False,False,False,2019.0,-5.0,1.4166666666666667,0.5454545454545454,-18.0,-0.8836524300441795,2037.0,0.0,1999.0,2024.0,-4.0,2006.0,2062.0,-3.0,2040.0,2114.0,-22.0,2096.0,2038.142857142857,17.247498094081667,-6.571428571428571,2058.4285714285716,25.62665165045541,-6.714285714285714,2154.266666666667,117.15416702169786,-11.966666666666667,-46.0,-94.0,0,17.247498094081667,25.62665165045541,13,2,33,8,3,2025,0,2021.0
2025-08-14,3.0,27.0,4.0,1994,11.0,False,False,False,2021.0,-7.0,2.75,0.14814814814814814,2.0,0.0990589400693409,2019.0,-5.0,1997.0,2022.0,-12.0,1999.0,2063.0,-4.0,2042.0,2100.0,-2.0,2088.0,2032.142857142857,14.194230888124745,-7.0,2052.785714285714,24.438867441983813,-7.071428571428571,2141.4666666666667,109.54537190461451,-11.666666666666666,-49.0,-99.0,0,14.194230888124745,24.438867441983813,14,3,33,8,3,2025,0,2005.0
2025-08-17,4.0,14.0,2.0,1991,3.0,False,False,False,2005.0,-1.0,1.5,0.14285714285714285,-16.0,-0.7916872835230127,2021.0,-7.0,1994.0,2037.0,0.0,1999.0,2053.0,-10.0,2036.0,2089.0,-11.0,2080.0,2025.2857142857142,14.032275721849842,-5.714285714285714,2046.7857142857142,25.164622823459144,-6.357142857142857,2128.5333333333333,101.42798815702886,-10.733333333333333,-40.0,-89.0,0,14.032275721849842,25.164622823459144,17,6,33,8,3,2025,1,2005.0
2025-08-18,4.0,20.0,6.0,1985,14.0,False,False,False,2005.0,-8.0,2.3333333333333335,0.3,0.0,0.0,2005.0,-1.0,1991.0,2019.0,-5.0,1997.0,2049.0,-11.0,2031.0,2080.0,-9.0,2072.0,2019.0,11.210114481840323,-5.285714285714286,2041.4285714285713,25.53041711157517,-6.285714285714286,2117.0666666666666,94.8777555896024,-10.8,-37.0,-88.0,0,11.210114481840323,25.53041711157517,18,0,34,8,3,2025,0,2015.0
2025-08-19,5.0,35.0,3.0,1980,11.0,False,False,False,2015.0,-8.0,3.6666666666666665,0.08571428571428572,10.0,0.4987531172069737,2005.0,-8.0,1985.0,2021.0,-7.0,1994.0,2024.0,-4.0,2006.0,2078.0,-12.0,2063.0,2017.7142857142858,11.056133830024113,-5.857142857142857,2036.9285714285713,24.100636079355883,-6.0,2106.4,87.2098539195134,-10.666666666666666,-41.0,-84.0,0,11.056133830024113,24.100636079355883,19,1,34,8,3,2025,0,2021.0
2025-08-20,10.0,38.0,10.0,1983,10.0,False,False,False,2021.0,0.0,1.0,0.2631578947368421,6.0,0.29776674937964653,2015.0,-8.0,1980.0,2005.0,-1.0,1991.0,2022.0,-12.0,1999.0,2067.0,-9.0,2058.0,2017.5714285714287,10.997835286168382,-4.142857142857143,2033.642857142857,22.785309516424793,-5.357142857142857,2096.366666666667,78.42214823190295,-10.266666666666667,-29.0,-75.0,0,10.997835286168382,22.785309516424793,20,2,34,8,3,2025,0,2021.0
2025-08-21,6.0,49.0,8.0,1972,21.0,False,False,False,2021.0,-13.0,2.625,0.16326530612244897,0.0,0.0,2021.0,0.0,1983.0,2005.0,-8.0,1985.0,2037.0,0.0,1999.0,2075.0,-2.0,2049.0,2015.2857142857142,7.341986239028752,-6.0,2029.7857142857142,19.592693190642336,-6.142857142857143,2087.1,69.57870760295405,-9.633333333333333,-42.0,-86.0,0,7.341986239028752,19.592693190642336,21,3,34,8,3,2025,0,2002.0
2025-08-24,4.0,21.0,5.0,1981,5.0,False,False,False,2002.0,0.0,1.0,0.23809523809523808,-19.0,-0.9401286491835692,2021.0,-13.0,1972.0,2015.0,-8.0,1980.0,2019.0,-5.0,1997.0,2062.0,-3.0,2040.0,2012.857142857143,8.610624667943718,-5.285714285714286,2025.5,18.537902962388635,-5.928571428571429,2078.366666666667,62.713075869636036,-8.433333333333334,-37.0,-83.0,0,8.610624667943718,18.537902962388635,24,6,34,8,3,2025,1,2010.0
2025-08-25,8.0,30.0,8.0,1980,11.0,False,False,False,2010.0,-3.0,1.375,0.26666666666666666,8.0,0.3996003996004083,2002.0,0.0,1981.0,2021.0,0.0,1983.0,2021.0,-7.0,1994.0,2063.0,-4.0,2042.0,2011.2857142857142,7.846746370361658,-4.714285714285714,2021.7142857142858,15.444334644672471,-5.857142857142857,2071.4666666666667,58.15599315808438,-8.333333333333334,-33.0,-82.0,0,7.846746370361658,15.444334644672471,25,0,35,8,3,2025,0,2010.0
2025-08-26,10.0,21.0,20.0,1989,15.0,False,False,False,2010.0,5.0,0.75,0.9523809523809523,0.0,0.0,2010.0,-3.0,1980.0,2021.0,-13.0,1972.0,2005.0,-1.0,1991.0,2053.0,-10.0,2036.0,2012.0,7.39369100625775,-3.857142857142857,2018.642857142857,12.791867268740745,-4.785714285714286,2065.4666666666667,54.68703012910012,-7.333333333333333,-27.0,-67.0,0,7.39369100625775,12.791867268740745,26,1,35,8,3,2025,0,2007.0
2025-08-27,5.0,19.0,9.0,1988,19.0,False,False,False,2007.0,-10.0,2.111111111111111,0.47368421052631576,-3.0,-0.14925373134327957,2010.0,5.0,1989.0,2002.0,0.0,1981.0,2005.0,-8.0,1985.0,2049.0,-11.0,2031.0,2012.2857142857142,7.111359124722685,-4.142857142857143,2015.642857142857,9.66840328427029,-4.714285714285714,2059.733333333333,51.28415318389685,-7.266666666666667,-29.0,-66.0,0,7.111359124722685,9.66840328427029,27,2,35,8,3,2025,0,2017.0
2025-08-28,8.0,33.0,6.0,1984,17.0,False,False,False,2017.0,-11.0,2.8333333333333335,0.18181818181818182,10.0,0.49825610363727346,2007.0,-10.0,1988.0,2010.0,-3.0,1980.0,2015.0,-8.0,1980.0,2024.0,-4.0,2006.0,2012.5714285714287,7.276838666737577,-4.571428571428571,2015.142857142857,9.379660018747888,-5.214285714285714,2054.5333333333333,47.14521464943328,-7.266666666666667,-32.0,-73.0,0,7.276838666737577,9.379660018747888,28,3,35,8,3,2025,0,2039.0
2025-09-01,10.0,29.0,17.0,2010,5.0,False,False,False,2039.0,12.0,0.29411764705882354,0.5862068965517241,22.0,1.0907288051561714,2017.0,-11.0,1984.0,2010.0,5.0,1989.0,2021.0,0.0,1983.0,2022.0,-12.0,1999.0,2015.142857142857,12.239670087010259,-2.857142857142857,2016.357142857143,11.249664223620128,-3.5,2050.2,41.94939480029794,-6.366666666666666,-20.0,-49.0,0,12.239670087010259,11.249664223620128,1,0,36,9,3,2025,0,2055.0
2025-09-02,6.0,35.0,9.0,2020,9.0,False,False,False,2055.0,0.0,1.0,0.2571428571428571,16.0,0.7846983815595898,2039.0,12.0,2010.0,2007.0,-10.0,1988.0,2021.0,-13.0,1972.0,2037.0,0.0,1999.0,2020.0,19.527758021919325,-1.0,2017.642857142857,14.382720099197783,-3.5,2047.4,38.47757967835781,-6.066666666666666,-7.0,-49.0,0,19.527758021919325,14.382720099197783,2,1,36,9,3,2025,0,2048.0
2025-09-03,4.0,29.0,11.0,2019,10.0,False,False,False,2048.0,1.0,0.9090909090909091,0.3793103448275862,-7.0,-0.3406326034063212,2055.0,0.0,2020.0,2017.0,-11.0,1984.0,2002.0,0.0,1981.0,2019.0,-5.0,1997.0,2026.5714285714287,20.189577698612464,-0.8571428571428571,2019.7142857142858,16.5223790986106,-3.0714285714285716,2044.6666666666667,35.178689996337326,-5.6,-6.0,-43.0,0,20.189577698612464,16.5223790986106,3,2,36,9,3,2025,0,2055.0
2025-09-04,11.0,40.0,2.0,2015,14.0,False,False,False,2055.0,-12.0,7.0,0.05,7.0,0.341796875,2048.0,1.0,2019.0,2039.0,12.0,2010.0,2010.0,-3.0,1980.0,2021.0,-7.0,1994.0,2033.0,21.173883284899713,-2.142857142857143,2022.142857142857,19.03380451656644,-3.4285714285714284,2042.1,31.167345864690102,-5.7,-15.0,-48.0,0,21.173883284899713,19.03380451656644,4,3,36,9,3,2025,0,2045.0
2025-09-07,4.0,19.0,9.0,2026,7.0,False,False,False,2045.0,2.0,0.7777777777777778,0.47368421052631576,-10.0,-0.48661800486617945,2055.0,-12.0,2015.0,2055.0,0.0,2020.0,2010.0,5.0,1989.0,2005.0,-1.0,1991.0,2038.0,18.84144368219141,-2.5714285714285716,2025.0,19.263357006659657,-3.2142857142857144,2039.8,28.070600646637654,-4.9,-18.0,-45.0,0,18.84144368219141,19.263357006659657,7,6,36,9,3,2025,1,2050.0
2025-09-08,7.0,25.0,5.0,2025,6.0,False,False,False,2050.0,-1.0,1.2,0.2,5.0,0.24449877750611915,2045.0,2.0,2026.0,2048.0,1.0,2019.0,2007.0,-10.0,1988.0,2005.0,-8.0,1985.0,2044.142857142857,13.221555273063565,-1.2857142857142858,2028.2142857142858,19.423136766425905,-2.7142857142857144,2038.1333333333334,25.76248720717393,-4.866666666666666,-9.0,-38.0,0,13.221555273063565,19.423136766425905,8,0,37,9,3,2025,0,2065.0
2025-09-09,18.0,42.0,11.0,2023,14.0,False,False,False,2065.0,-3.0,1.2727272727272727,0.2619047619047619,15.0,0.7317073170731714,2050.0,-1.0,2025.0,2055.0,-12.0,2015.0,2017.0,-11.0,1984.0,2015.0,-8.0,1980.0,2051.0,8.346656018776345,-0.14285714285714285,2031.7857142857142,21.31153018368927,-2.357142857142857,2037.3333333333333,24.468605265758946,-4.6,-1.0,-33.0,0,8.346656018776345,21.31153018368927,9,1,37,9,3,2025,0,2072.0
2025-09-10,10.0,47.0,14.0,2025,18.0,False,False,False,2072.0,-4.0,1.2857142857142858,0.2978723404255319,7.0,0.3389830508474523,2065.0,-3.0,2023.0,2045.0,2.0,2026.0,2039.0,12.0,2010.0,2021.0,0.0,1983.0,2055.714285714286,9.655987534539062,-2.4285714285714284,2035.4285714285713,23.56566696339346,-2.642857142857143,2037.0666666666666,24.02718766522214,-4.433333333333334,-17.0,-37.0,0,9.655987534539062,23.56566696339346,10,2,37,9,3,2025,0,2085.0
2025-09-11,12.0,38.0,29.0,2047,6.0,False,False,False,2085.0,23.0,0.20689655172413793,0.7631578947368421,13.0,0.6274131274131234,2072.0,-4.0,2025.0,2050.0,-1.0,2025.0,2055.0,0.0,2020.0,2021.0,-13.0,1972.0,2060.0,14.651507318215325,0.8571428571428571,2040.0,26.567765316920916,-0.07142857142857142,2037.3,24.468346899072802,-3.2666666666666666,6.0,-1.0,1,14.651507318215325,26.567765316920916,11,3,37,9,3,2025,0,2122.0
2025-09-14,7.0,39.0,13.0,2083,5.0,False,False,False,2122.0,8.0,0.38461538461538464,0.3333333333333333,37.0,1.7745803357314127,2085.0,23.0,2047.0,2065.0,-3.0,2023.0,2048.0,1.0,2019.0,2002.0,0.0,1981.0,2070.5714285714284,26.475505301719274,1.8571428571428572,2048.5714285714284,32.138436815872005,0.5,2039.1333333333334,28.49892113257073,-2.7,13.0,7.0,1,26.475505301719274,32.138436815872005,14,6,37,9,3,2025,1,2133.0
2025-09-15,9.0,47.0,10.0,2086,10.0,False,False,False,2133.0,0.0,1.0,0.2127659574468085,11.0,0.5183788878416529,2122.0,8.0,2083.0,2072.0,-4.0,2025.0,2055.0,-12.0,2015.0,2010.0,-3.0,1980.0,2081.714285714286,34.13558400360261,3.5714285714285716,2057.3571428571427,37.197202424649966,0.7142857142857143,2041.0666666666666,32.677033306597465,-2.6333333333333333,25.0,10.0,1,34.13558400360261,37.197202424649966,15,0,38,9,3,2025,0,2123.0
2025-09-16,7.0,28.0,17.0,2095,12.0,False,False,False,2123.0,5.0,0.7058823529411765,0.6071428571428571,-10.0,-0.46882325363337696,2133.0,0.0,2086.0,2085.0,23.0,2047.0,2045.0,2.0,2026.0,2010.0,5.0,1989.0,2092.8571428571427,32.860455320009855,4.0,2065.4285714285716,38.37209379882669,0.7142857142857143,2043.1,35.775497297310885,-2.3666666666666667,28.0,10.0,1,32.860455320009855,38.37209379882669,16,1,38,9,3,2025,0,2134.0
2025-09-17,7.0,38.0,5.0,2096,13.0,False,False,False,2134.0,-8.0,2.6,0.13157894736842105,11.0,0.5181347150259086,2123.0,5.0,2095.0,2122.0,8.0,2083.0,2050.0,-1.0,2025.0,2007.0,-10.0,1988.0,2104.8571428571427,29.79613269936685,3.0,2074.5,38.50824087741253,0.8571428571428571,2045.4666666666667,39.31107883934971,-2.5,21.0,12.0,1,29.79613269936685,38.50824087741253,17,2,38,9,3,2025,0,2148.0
2025-09-18,20.0,52.0,11.0,2096,14.0,False,False,False,2148.0,-3.0,1.2727272727272727,0.21153846153846154,14.0,0.6560449859418949,2134.0,-8.0,2096.0,2133.0,0.0,2086.0,2065.0,-3.0,2023.0,2017.0,-11.0,1984.0,2116.714285714286,27.735141882939125,3.0,2083.8571428571427,39.36780633858355,1.4285714285714286,2048.633333333333,43.5379211112103,-2.2666666666666666,21.0,20.0,1,27.735141882939125,39.36780633858355,18,3,38,9,3,2025,0,2169.0
2025-09-21,8.0,35.0,13.0,2134,5.0,False,False,False,2169.0,8.0,0.38461538461538464,0.37142857142857144,21.0,0.9776536312849249,2148.0,-3.0,2096.0,2123.0,5.0,2095.0,2072.0,-4.0,2025.0,2039.0,12.0,2010.0,2130.5714285714284,25.838325171102078,4.714285714285714,2093.1428571428573,43.12567884581123,1.1428571428571428,2052.633333333333,48.77073976724751,-1.6333333333333333,33.0,16.0,1,25.838325171102078,43.12567884581123,21,6,38,9,3,2025,1,2181.0
2025-09-22,17.0,40.0,14.0,2141,10.0,False,False,False,2181.0,4.0,0.7142857142857143,0.35,12.0,0.5532503457814641,2169.0,8.0,2134.0,2134.0,-8.0,2096.0,2085.0,23.0,2047.0,2055.0,0.0,2020.0,2144.285714285714,22.932613499843644,2.0,2102.1428571428573,47.48093891792025,1.4285714285714286,2057.866666666667,53.76047345141613,-1.3666666666666667,14.0,20.0,1,22.932613499843644,47.48093891792025,22,0,39,9,3,2025,0,2181.0
2025-09-23,11.0,36.0,10.0,2145,15.0,False,False,False,2181.0,-5.0,1.5,0.2777777777777778,0.0,0.0,2181.0,4.0,2141.0,2148.0,-3.0,2096.0,2122.0,8.0,2083.0,2048.0,1.0,2019.0,2152.714285714286,24.184804360034434,0.14285714285714285,2111.6428571428573,49.09270217334698,1.0,2063.1666666666665,57.78920274580935,-1.1333333333333333,1.0,14.0,1,24.184804360034434,49.09270217334698,23,1,39,9,3,2025,0,2176.0
2025-09-24,3.0,38.0,12.0,2138,17.0,False,False,False,2176.0,-5.0,1.4166666666666667,0.3157894736842105,-5.0,-0.22925263640531934,2181.0,-5.0,2145.0,2169.0,8.0,2134.0,2133.0,0.0,2086.0,2055.0,-12.0,2015.0,2158.8571428571427,23.800760292572885,-0.5714285714285714,2120.285714285714,49.00459722860634,1.5,2067.8,61.096531872683265,-1.3,-4.0,21.0,0,23.800760292572885,49.00459722860634,24,2,39,9,3,2025,0,2167.0
2025-09-25,6.0,35.0,12.0,2132,18.0,False,False,False,2167.0,-6.0,1.5,0.34285714285714286,-9.0,-0.4136029411764719,2176.0,-5.0,2138.0,2181.0,4.0,2141.0,2123.0,5.0,2095.0,2045.0,2.0,2026.0,2165.1428571428573,17.808505191933506,-2.142857142857143,2129.0,45.29391197087841,0.9285714285714286,2072.733333333333,62.96684038824703,-1.3333333333333333,-15.0,13.0,0,17.808505191933506,45.29391197087841,25,3,39,9,3,2025,0,2175.0
2025-09-28,11.0,29.0,12.0,2146,9.0,False,False,False,2175.0,3.0,0.75,0.41379310344827586,8.0,0.369173973234882,2167.0,-6.0,2132.0,2181.0,-5.0,2145.0,2134.0,-8.0,2096.0,2050.0,-1.0,2025.0,2171.0,11.474609653268441,-0.5714285714285714,2137.9285714285716,40.60023547919612,1.2142857142857142,2077.866666666667,64.85300797689627,-1.0,-4.0,17.0,0,11.474609653268441,40.60023547919612,28,6,39,9,3,2025,1,2183.0
2025-09-29,8.0,35.0,12.0,2148,13.0,False,False,False,2183.0,-1.0,1.0833333333333333,0.34285714285714286,8.0,0.36781609195402076,2175.0,3.0,2146.0,2176.0,-5.0,2138.0,2148.0,-3.0,2096.0,2065.0,-3.0,2023.0,2176.0,6.191391875944013,-0.2857142857142857,2146.3571428571427,36.31826652806241,1.3571428571428572,2083.8,66.08740294155454,-1.0,-2.0,19.0,0,6.191391875944013,36.31826652806241,29,0,40,9,3,2025,0,2191.0
2025-09-30,8.0,32.0,12.0,2159,7.0,False,False,False,2191.0,5.0,0.5833333333333334,0.375,8.0,0.3664681630783262,2183.0,-1.0,2148.0,2167.0,-6.0,2132.0,2169.0,8.0,2134.0,2072.0,-4.0,2025.0,2179.1428571428573,7.492853740131442,-0.7142857142857143,2154.8571428571427,31.13211832329309,2.0,2090.0,67.15602009094879,-0.5666666666666667,-5.0,28.0,0,7.492853740131442,31.13211832329309,30,1,40,9,3,2025,0,2196.0
2025-10-01,4.0,33.0,12.0,2163,14.0,False,False,False,2196.0,-2.0,1.1666666666666667,0.36363636363636365,5.0,0.22820629849384932,2191.0,5.0,2159.0,2175.0,3.0,2146.0,2181.0,4.0,2141.0,2085.0,23.0,2047.0,2181.285714285714,9.877825094602315,-1.5714285714285714,2162.785714285714,25.619039110039736,0.21428571428571427,2096.0333333333333,68.30635015309703,-0.36666666666666664,-11.0,3.0,0,9.877825094602315,25.619039110039736,1,2,40,10,4,2025,0,2215.0
2025-10-02,20.0,51.0,15.0,2164,16.0,False,False,False,2215.0,-1.0,1.0666666666666667,0.29411764705882354,19.0,0.8652094717668479,2196.0,-2.0,2163.0,2183.0,-1.0,2148.0,2181.0,-5.0,2145.0,2122.0,8.0,2083.0,2186.1428571428573,16.10826466458367,-1.0,2169.4285714285716,26.27872578071253,-0.42857142857142855,2102.5,70.11702041371437,-0.4,-7.0,-6.0,0,16.10826466458367,26.27872578071253,2,3,40,10,4,2025,0,2208.0
2025-10-05,8.0,28.0,13.0,2180,16.0,False,False,False,2208.0,-3.0,1.2307692307692308,0.4642857142857143,-7.0,-0.31602708803611934,2215.0,-1.0,2164.0,2191.0,5.0,2159.0,2176.0,-5.0,2138.0,2133.0,0.0,2086.0,2190.714285714286,17.250258798043394,-0.7142857142857143,2174.785714285714,25.92349267775909,-0.6428571428571429,2108.733333333333,70.92926701660816,-0.06666666666666667,-5.0,-9.0,0,17.250258798043394,25.92349267775909,5,6,40,10,4,2025,1,2220.0
2025-10-06,5.0,33.0,15.0,2187,10.0,False,False,False,2220.0,5.0,0.6666666666666666,0.45454545454545453,12.0,0.5434782608695565,2208.0,-3.0,2180.0,2196.0,-2.0,2163.0,2167.0,-6.0,2132.0,2123.0,5.0,2095.0,2198.285714285714,16.73035450708506,0.8571428571428571,2181.714285714286,23.90181380947754,-0.6428571428571429,2116.0,70.78427645371872,0.1,6.0,-9.0,1,16.73035450708506,23.90181380947754,6,0,41,10,4,2025,0,2234.0
2025-10-07,11.0,45.0,4.0,2189,10.0,False,False,False,2234.0,-6.0,2.5,0.08888888888888889,14.0,0.6306306306306242,2220.0,5.0,2187.0,2215.0,-1.0,2164.0,2175.0,3.0,2146.0,2134.0,-8.0,2096.0,2206.714285714286,17.867235244044,-0.42857142857142855,2188.8571428571427,23.484388082353277,-0.5,2123.4666666666667,71.03118952284595,0.0,-3.0,-7.0,0,17.867235244044,23.484388082353277,7,1,41,10,4,2025,0,2241.0
2025-10-08,8.0,49.0,15.0,2192,17.0,False,False,False,2241.0,-2.0,1.1333333333333333,0.30612244897959184,7.0,0.3133393017009878,2234.0,-6.0,2189.0,2208.0,-3.0,2180.0,2183.0,-1.0,2148.0,2148.0,-3.0,2096.0,2215.0,18.475208614821714,-0.5714285714285714,2195.5,24.18120694499624,-0.42857142857142855,2131.1666666666665,70.82717349803016,-0.23333333333333334,-4.0,-6.0,0,18.475208614821714,24.18120694499624,8,2,41,10,4,2025,0,2247.0
2025-10-09,11.0,55.0,13.0,2192,12.0,False,False,False,2247.0,1.0,0.9230769230769231,0.23636363636363636,6.0,0.2677376171352108,2241.0,-2.0,2192.0,2220.0,5.0,2187.0,2191.0,5.0,2159.0,2169.0,8.0,2134.0,2223.0,18.475208614820122,-1.1428571428571428,2201.0714285714284,26.48211090317488,-0.9285714285714286,2139.1666666666665,69.86641605182646,0.13333333333333333,-8.0,-13.0,0,18.475208614820122,26.48211090317488,9,3,41,10,4,2025,0,2247.0
2025-10-13,8.0,24.0,7.0,2223,6.0,False,False,False,2247.0,1.0,0.8571428571428571,0.2916666666666667,0.0,0.0,2247.0,1.0,2192.0,2234.0,-6.0,2189.0,2196.0,-2.0,2163.0,2181.0,4.0,2141.0,2230.285714285714,15.934389286461498,-0.7142857142857143,2205.785714285714,28.436646378021123,-1.1428571428571428,2146.8333333333335,68.60636510781036,0.5333333333333333,-5.0,-16.0,0,15.934389286461498,28.436646378021123,13,0,42,10,4,2025,0,2265.0
2025-10-14,7.0,30.0,16.0,2235,8.0,False,False,False,2265.0,8.0,0.5,0.5333333333333333,18.0,0.8010680907877266,2247.0,1.0,2223.0,2241.0,-2.0,2192.0,2215.0,-1.0,2164.0,2181.0,-5.0,2145.0,2237.4285714285716,18.875532159740484,0.5714285714285714,2211.785714285714,31.501351795134305,-0.21428571428571427,2154.366666666667,68.76520939371382,0.4,4.0,-3.0,1,18.875532159740484,31.501351795134305,14,1,42,10,4,2025,0,2254.0
2025-10-15,8.0,29.0,10.0,2225,15.0,False,False,False,2254.0,-5.0,1.5,0.3448275862068966,-11.0,-0.4856512141280356,2265.0,8.0,2235.0,2247.0,1.0,2192.0,2208.0,-3.0,2180.0,2176.0,-5.0,2138.0,2244.0,14.399074045262987,0.2857142857142857,2217.3571428571427,31.582875455910568,-0.21428571428571427,2161.0,68.4468079402841,0.23333333333333334,2.0,-3.0,1,14.399074045262987,31.582875455910568,15,2,42,10,4,2025,0,2266.0
2025-10-16,9.0,33.0,15.0,2233,9.0,False,False,False,2266.0,6.0,0.6,0.45454545454545453,12.0,0.5323868677906018,2254.0,-5.0,2225.0,2247.0,1.0,2223.0,2220.0,5.0,2187.0,2167.0,-6.0,2132.0,2250.5714285714284,11.90038014714793,0.42857142857142855,2224.4285714285716,30.505268867145226,0.6428571428571429,2168.266666666667,67.60327136184524,0.4,3.0,9.0,1,11.90038014714793,30.505268867145226,16,3,42,10,4,2025,0,2271.0
2025-10-19,9.0,34.0,17.0,2237,7.0,False,False,False,2271.0,10.0,0.4117647058823529,0.5,5.0,0.22065313327448433,2266.0,6.0,2233.0,2265.0,8.0,2235.0,2234.0,-6.0,2189.0,2175.0,3.0,2146.0,2255.8571428571427,11.524301446815441,2.7142857142857144,2231.285714285714,29.30588959442137,1.1428571428571428,2175.4666666666667,66.61921299597095,1.1333333333333333,19.0,16.0,1,11.524301446815441,29.30588959442137,19,6,42,10,4,2025,1,2282.0
2025-10-20,10.0,39.0,6.0,2243,7.0,False,False,False,2282.0,-1.0,1.1666666666666667,0.15384615384615385,11.0,0.484368119771017,2271.0,10.0,2237.0,2254.0,-5.0,2225.0,2241.0,-2.0,2192.0,2183.0,-1.0,2148.0,2261.714285714286,13.034752085569998,2.857142857142857,2238.3571428571427,28.696306766953988,1.1428571428571428,2183.366666666667,64.63717481286369,1.0333333333333334,20.0,16.0,1,13.034752085569998,28.696306766953988,20,0,43,10,4,2025,0,2290.0
2025-10-21,13.0,39.0,17.0,2251,9.0,False,False,False,2290.0,8.0,0.5294117647058824,0.4358974358974359,8.0,0.35056967572304476,2282.0,-1.0,2243.0,2266.0,6.0,2233.0,2247.0,1.0,2192.0,2191.0,5.0,2159.0,2267.8571428571427,14.937966969113607,3.857142857142857,2245.4285714285716,28.324260561375684,1.3571428571428572,2191.366666666667,62.37400173090208,1.3333333333333333,27.0,19.0,1,14.937966969113607,28.324260561375684,21,1,43,10,4,2025,0,2303.0
2025-10-22,12.0,42.0,13.0,2261,12.0,False,False,False,2303.0,1.0,0.9230769230769231,0.30952380952380953,13.0,0.5676855895196509,2290.0,8.0,2251.0,2271.0,10.0,2237.0,2247.0,1.0,2223.0,2196.0,-2.0,2163.0,2275.8571428571427,16.787183320526083,3.857142857142857,2253.0714285714284,28.396815331370114,1.5714285714285714,2199.3,60.8645471799534,1.4666666666666666,27.0,22.0,1,16.787183320526083,28.396815331370114,22,2,43,10,4,2025,0,2293.0
2025-10-23,4.0,27.0,26.0,2266,18.0,False,False,False,2293.0,8.0,0.6923076923076923,0.9629629629629629,-10.0,-0.43421623968736833,2303.0,1.0,2261.0,2282.0,-1.0,2243.0,2265.0,8.0,2235.0,2215.0,-1.0,2164.0,2279.8571428571427,17.101935285329315,3.857142857142857,2258.6428571428573,28.00166792671672,2.2142857142857144,2206.6666666666665,58.24344470021635,1.8666666666666667,27.0,31.0,1,17.101935285329315,28.00166792671672,23,3,43,10,4,2025,0,2311.0
2025-10-26,4.0,35.0,12.0,2276,10.0,False,False,False,2311.0,2.0,0.8333333333333334,0.34285714285714286,18.0,0.7849978194504947,2293.0,8.0,2266.0,2290.0,8.0,2251.0,2254.0,-5.0,2225.0,2208.0,-3.0,2180.0,2288.0,16.28905563133373,4.857142857142857,2266.0,27.19162767230358,2.5714285714285716,2214.2,56.55537414605252,1.1666666666666667,34.0,36.0,1,16.28905563133373,27.19162767230358,26,6,43,10,4,2025,1,2313.0
2025-10-27,2.0,31.0,8.0,2282,11.0,False,False,False,2313.0,-3.0,1.375,0.25806451612903225,2.0,0.08654262224145892,2311.0,2.0,2276.0,2303.0,1.0,2261.0,2266.0,6.0,2233.0,2220.0,5.0,2187.0,2294.714285714286,15.370038883015392,3.5714285714285716,2272.6428571428573,26.438919864490092,2.0,2220.5666666666666,56.56895903593367,0.8,25.0,28.0,1,15.370038883015392,26.438919864490092,27,0,44,10,4,2025,0,2308.0
2025-10-28,6.0,22.0,11.0,2286,6.0,False,False,False,2308.0,5.0,0.5454545454545454,0.5,-5.0,-0.2161694768698652,2313.0,-3.0,2282.0,2293.0,8.0,2266.0,2271.0,10.0,2237.0,2234.0,-6.0,2189.0,2300.0,11.803954140905919,2.857142857142857,2277.9285714285716,25.499515187736755,2.7857142857142856,2226.4,56.24981225997709,0.9666666666666667,20.0,39.0,1,11.803954140905919,25.499515187736755,28,1,44,10,4,2025,0,2305.0
2025-10-29,6.0,25.0,4.0,2280,17.0,False,False,False,2305.0,-13.0,4.25,0.16,-3.0,-0.12998266897746857,2308.0,5.0,2286.0,2311.0,2.0,2276.0,2282.0,-1.0,2243.0,2241.0,-2.0,2192.0,2303.285714285714,8.76953601577744,1.1428571428571428,2282.5,24.06641451850609,2.0,2232.4666666666667,54.50070125011143,0.36666666666666664,8.0,28.0,1,8.76953601577744,24.06641451850609,29,2,44,10,4,2025,0,2304.0
2025-10-30,3.0,17.0,14.0,2287,12.0,False,False,False,2304.0,2.0,0.8571428571428571,0.8235294117647058,-1.0,-0.04338394793925726,2305.0,-13.0,2280.0,2313.0,-3.0,2282.0,2290.0,8.0,2251.0,2247.0,1.0,2192.0,2305.285714285714,6.550172664289475,0.2857142857142857,2286.5714285714284,22.359696868254215,2.0714285714285716,2238.133333333333,52.71833635916449,0.7,2.0,29.0,1,6.550172664289475,22.359696868254215,30,3,44,10,4,2025,0,2298.0
2025-11-02,5.0,21.0,10.0,2277,7.0,False,False,False,2298.0,3.0,0.7,0.47619047619047616,-6.0,-0.26041666666666297,2304.0,2.0,2287.0,2308.0,5.0,2286.0,2303.0,1.0,2261.0,2247.0,1.0,2223.0,2304.5714285714284,7.091242085344554,0.5714285714285714,2290.214285714286,19.371583359197682,2.2142857142857144,2243.133333333333,50.95889711693661,0.9,4.0,31.0,1,7.091242085344554,19.371583359197682,2,6,44,11,4,2025,1,2297.0
2025-11-03,3.0,28.0,5.0,2269,12.0,False,False,False,2297.0,-7.0,2.4,0.17857142857142858,-1.0,-0.04351610095735259,2298.0,3.0,2277.0,2305.0,-13.0,2280.0,2293.0,8.0,2266.0,2265.0,8.0,2235.0,2305.1428571428573,6.094494004435609,-1.5714285714285714,2292.5,18.0074770818482,1.1428571428571428,2247.4,49.8851093804879,0.4,-11.0,16.0,0,6.094494004435609,18.0074770818482,3,0,45,11,4,2025,0,2303.0
2025-11-04,6.0,33.0,6.0,2270,8.0,False,False,False,2303.0,-2.0,1.3333333333333333,0.18181818181818182,6.0,0.2612102742707956,2297.0,-7.0,2269.0,2304.0,2.0,2287.0,2311.0,2.0,2276.0,2254.0,-5.0,2225.0,2304.0,5.537749244405984,-2.142857142857143,2296.0,14.336612627202106,1.3571428571428572,2251.4666666666667,49.25425473162278,0.2,-15.0,19.0,0,5.537749244405984,14.336612627202106,4,1,45,11,4,2025,0,2313.0
2025-11-05,8.0,41.0,8.0,2272,7.0,False,False,False,2313.0,1.0,0.875,0.1951219512195122,10.0,0.43421623968735723,2303.0,-2.0,2270.0,2298.0,3.0,2277.0,2313.0,-3.0,2282.0,2266.0,6.0,2233.0,2304.0,5.537749244405984,-1.5714285714285714,2299.3571428571427,12.099632183873329,1.0,2255.866666666667,48.634267281363925,0.4,-11.0,14.0,0,5.537749244405984,12.099632183873329,5,2,45,11,4,2025,0,2297.0
2025-11-06,6.0,33.0,9.0,2264,19.0,False,False,False,2297.0,-10.0,2.111111111111111,0.2727272727272727,-16.0,-0.6917423259835687,2313.0,1.0,2272.0,2297.0,-7.0,2269.0,2308.0,5.0,2286.0,2271.0,10.0,2237.0,2302.4285714285716,5.7693772898796105,-3.7142857142857144,2301.214285714286,9.014335352211537,-0.42857142857142855,2259.9,46.7637864603591,0.23333333333333334,-26.0,-6.0,0,5.7693772898796105,9.014335352211537,6,3,45,11,4,2025,0,2327.0
2025-11-09,11.0,33.0,5.0,2294,4.0,False,False,False,2327.0,1.0,0.8,0.15151515151515152,30.0,1.3060513713539335,2297.0,-10.0,2264.0,2303.0,-2.0,2270.0,2305.0,-13.0,2280.0,2282.0,-1.0,2243.0,2305.5714285714284,11.012979356784253,-1.7142857142857142,2304.4285714285716,9.637381437037195,-0.2857142857142857,2265.233333333333,44.889660381512186,0.4666666666666667,-12.0,-4.0,0,11.012979356784253,9.637381437037195,9,6,45,11,4,2025,1,2333.0
2025-11-11,11.0,39.0,12.0,2294,14.0,False,False,False,2333.0,-2.0,1.1666666666666667,0.3076923076923077,6.0,0.25784271594326835,2327.0,1.0,2294.0,2313.0,1.0,2272.0,2304.0,2.0,2287.0,2290.0,8.0,2251.0,2309.714285714286,15.041213224514493,-2.2857142857142856,2307.5,11.379806680421707,-1.0,2270.5,43.17386661619223,0.3,-16.0,-14.0,0,15.041213224514493,11.379806680421707,11,1,46,11,4,2025,0,2350.0
2025-11-12,14.0,48.0,20.0,2302,7.0,False,False,False,2350.0,13.0,0.35,0.4166666666666667,17.0,0.7286755250750065,2333.0,-2.0,2294.0,2297.0,-10.0,2264.0,2298.0,3.0,2277.0,2303.0,1.0,2261.0,2317.1428571428573,20.23551804385942,-0.8571428571428571,2310.8571428571427,15.960803639884778,-0.14285714285714285,2276.0666666666666,42.25940689641066,0.7666666666666667,-6.0,-2.0,0,20.23551804385942,15.960803639884778,12,2,46,11,4,2025,0,2343.0
2025-11-13,6.0,26.0,16.0,2317,5.0,False,False,False,2343.0,11.0,0.3125,0.6153846153846154,-7.0,-0.29787234042553123,2350.0,13.0,2302.0,2327.0,1.0,2294.0,2297.0,-7.0,2269.0,2293.0,8.0,2266.0,2323.714285714286,20.072487686679377,1.7142857142857142,2314.4285714285716,17.20337304250777,0.07142857142857142,2281.133333333333,40.79531187816032,0.9666666666666667,12.0,1.0,1,20.072487686679377,17.20337304250777,13,3,46,11,4,2025,0,2362.0
2025-11-16,5.0,22.0,3.0,2340,5.0,False,False,False,2362.0,-2.0,1.6666666666666667,0.13636363636363635,19.0,0.8109261630388387,2343.0,11.0,2317.0,2333.0,-2.0,2294.0,2303.0,-2.0,2270.0,2311.0,2.0,2276.0,2332.1428571428573,22.199313589312045,1.7142857142857142,2318.0714285714284,21.32699367994066,-0.21428571428571427,2286.6666666666665,40.10188174527718,0.9666666666666667,12.0,-3.0,1,22.199313589312045,21.32699367994066,16,6,46,11,4,2025,1,2378.0
2025-11-17,1.0,35.0,6.0,2343,8.0,False,False,False,2378.0,-2.0,1.3333333333333333,0.17142857142857143,16.0,0.6773920406435208,2362.0,-2.0,2340.0,2350.0,13.0,2302.0,2313.0,1.0,2272.0,2313.0,-3.0,2282.0,2341.4285714285716,26.107834985806353,1.2857142857142858,2322.714285714286,26.56900615370411,-0.14285714285714285,2292.1,41.08724946911691,0.9333333333333333,9.0,-2.0,1,26.107834985806353,26.56900615370411,17,0,47,11,4,2025,0,2383.0
2025-11-18,2.0,38.0,8.0,2345,12.0,False,False,False,2383.0,-4.0,1.5,0.21052631578947367,5.0,0.2102607232968845,2378.0,-2.0,2343.0,2343.0,11.0,2317.0,2297.0,-10.0,2264.0,2308.0,5.0,2286.0,2353.714285714286,21.553919100674428,2.142857142857143,2328.0714285714284,30.62544011930202,-0.7857142857142857,2297.9333333333334,41.15817540016496,0.9,15.0,-11.0,1,21.553919100674428,30.62544011930202,18,1,47,11,4,2025,0,2372.0
2025-11-19,7.0,32.0,3.0,2340,10.0,False,False,False,2372.0,-7.0,3.3333333333333335,0.09375,-11.0,-0.46160302140159093,2383.0,-4.0,2345.0,2362.0,-2.0,2340.0,2327.0,1.0,2294.0,2305.0,-13.0,2280.0,2360.1428571428573,18.792095603466326,1.0,2332.8571428571427,31.949135400359868,-0.35714285714285715,2303.0,40.58537191852457,0.5,7.0,-5.0,1,18.792095603466326,31.949135400359868,19,2,47,11,4,2025,0,2397.0
2025-11-20,18.0,57.0,8.0,2340,9.0,False,False,False,2397.0,-1.0,1.125,0.14035087719298245,25.0,1.0539629005059004,2372.0,-7.0,2340.0,2378.0,-2.0,2343.0,2333.0,-2.0,2294.0,2304.0,2.0,2287.0,2369.285714285714,18.953577373810383,1.1428571428571428,2339.5,35.009339414461756,-0.5714285714285714,2308.4333333333334,41.918379914835285,0.6666666666666666,8.0,-8.0,1,18.953577373810383,35.009339414461756,20,3,47,11,4,2025,0,2421.0
2025-11-23,3.0,46.0,22.0,2375,1.0,False,False,False,2421.0,21.0,0.045454545454545456,0.4782608695652174,24.0,1.001251564455563,2397.0,-1.0,2340.0,2383.0,-4.0,2345.0,2350.0,13.0,2302.0,2298.0,3.0,2277.0,2379.4285714285716,24.959014022578405,2.2857142857142856,2348.285714285714,38.999859116052825,0.7142857142857143,2314.4333333333334,44.721886436157455,1.4333333333333333,16.0,10.0,1,24.959014022578405,38.999859116052825,23,6,47,11,4,2025,1,2411.0
2025-11-24,9.0,40.0,9.0,2371,13.0,False,False,False,2411.0,-4.0,1.4444444444444444,0.225,-10.0,-0.41305245766212195,2421.0,21.0,2375.0,2372.0,-7.0,2340.0,2343.0,11.0,2317.0,2297.0,-7.0,2269.0,2389.1428571428573,21.396483912932364,0.14285714285714285,2356.4285714285716,39.367527200536585,0.9285714285714286,2319.9,46.19400617903039,1.2666666666666666,1.0,13.0,1,21.396483912932364,39.367527200536585,24,0,48,11,4,2025,0,2422.0
2025-11-25,6.0,47.0,14.0,2375,11.0,False,False,False,2422.0,3.0,0.7857142857142857,0.2978723404255319,11.0,0.45624222314393226,2411.0,-4.0,2371.0,2397.0,-1.0,2340.0,2362.0,-2.0,2340.0,2303.0,-2.0,2270.0,2397.714285714286,20.71806205379537,0.8571428571428571,2364.9285714285716,39.78879681180326,1.2857142857142858,2325.733333333333,47.69582742750875,1.3333333333333333,6.0,18.0,1,20.71806205379537,39.78879681180326,25,1,48,11,4,2025,0,2413.0
2025-11-27,4.0,24.0,8.0,2389,7.0,False,False,False,2413.0,1.0,0.875,0.3333333333333333,-9.0,-0.37159372419488523,2422.0,3.0,2375.0,2421.0,21.0,2375.0,2378.0,-2.0,2343.0,2313.0,1.0,2272.0,2402.714285714286,19.34523443292684,1.2857142857142858,2372.0714285714284,38.71088951594155,1.2857142857142858,2330.6666666666665,48.8377562624788,1.1,9.0,18.0,1,19.34523443292684,38.71088951594155,27,3,48,11,4,2025,0,2433.0
2025-11-30,4.0,18.0,10.0,2415,0.0,False,False,False,2433.0,10.0,0.0,0.5555555555555556,20.0,0.8288437629506928,2413.0,1.0,2389.0,2411.0,-4.0,2371.0,2383.0,-4.0,2345.0,2297.0,-10.0,2264.0,2409.8571428571427,20.070115192402383,3.2857142857142856,2381.785714285714,35.340494472104105,2.7142857142857144,2336.633333333333,50.06718474687176,1.6,23.0,38.0,1,20.070115192402383,35.340494472104105,30,6,48,11,4,2025,1,2436.0
2025-12-01,4.0,26.0,4.0,2410,9.0,False,False,False,2436.0,-5.0,2.25,0.15384615384615385,3.0,0.12330456226881115,2433.0,10.0,2415.0,2422.0,3.0,2375.0,2372.0,-7.0,2340.0,2327.0,1.0,2294.0,2419.0,13.428824719984739,3.5714285714285716,2389.5714285714284,34.334809173217124,2.2857142857142856,2342.3,51.39981886429124,1.2333333333333334,25.0,32.0,1,13.428824719984739,34.334809173217124,1,0,49,12,4,2025,0,2441.0
2025-12-02,7.0,34.0,6.0,2407,8.0,False,False,False,2441.0,-2.0,1.3333333333333333,0.17647058823529413,5.0,0.20525451559934016,2436.0,-5.0,2410.0,2413.0,1.0,2389.0,2397.0,-1.0,2340.0,2333.0,-2.0,2294.0,2425.285714285714,11.586116487624686,3.4285714285714284,2397.285714285714,32.74241796428436,2.2857142857142856,2347.9666666666667,52.62455394711191,0.8333333333333334,24.0,32.0,1,11.586116487624686,32.74241796428436,2,1,49,12,4,2025,0,2451.0
2025-12-03,4.0,32.0,8.0,2419,7.0,False,False,False,2451.0,1.0,0.875,0.25,10.0,0.4096681687832948,2441.0,-2.0,2407.0,2433.0,10.0,2415.0,2421.0,21.0,2375.0,2350.0,13.0,2302.0,2429.5714285714284,14.830791650450696,0.5714285714285714,2404.5,32.64906642682678,1.4285714285714286,2353.6,54.33713406044316,0.9,4.0,20.0,1,14.830791650450696,32.64906642682678,3,2,49,12,4,2025,0,2457.0
2025-12-04,16.0,39.0,7.0,2418,13.0,False,False,False,2457.0,-6.0,1.8571428571428572,0.1794871794871795,6.0,0.244798041615657,2451.0,1.0,2419.0,2436.0,-5.0,2410.0,2411.0,-4.0,2371.0,2343.0,11.0,2317.0,2436.1428571428573,15.410262505968525,0.2857142857142857,2412.6428571428573,30.25940958137665,0.21428571428571427,2359.1666666666665,56.12183995123229,0.43333333333333335,2.0,3.0,1,15.410262505968525,30.25940958137665,4,3,49,12,4,2025,0,2453.0
2025-12-07,4.0,24.0,13.0,2429,12.0,False,False,False,2453.0,1.0,0.9230769230769231,0.5416666666666666,-4.0,-0.16280016280015852,2457.0,-6.0,2418.0,2441.0,-2.0,2407.0,2422.0,3.0,2375.0,2362.0,-2.0,2340.0,2440.5714285714284,15.120153691206175,0.0,2419.1428571428573,28.2512277293107,0.42857142857142855,2364.1666666666665,57.607520661395256,0.43333333333333335,0.0,6.0,0,15.120153691206175,28.2512277293107,7,6,49,12,4,2025,1,2467.0
2025-12-08,9.0,27.0,9.0,2440,4.0,False,False,False,2467.0,5.0,0.4444444444444444,0.3333333333333333,14.0,0.570729718711771,2453.0,1.0,2429.0,2451.0,1.0,2419.0,2413.0,1.0,2389.0,2378.0,-2.0,2343.0,2448.285714285714,12.202653888862478,0.5714285714285714,2425.5,28.2944680663605,0.9285714285714286,2369.9666666666667,58.93917573866336,0.3333333333333333,4.0,13.0,1,12.202653888862478,28.2944680663605,8,0,50,12,4,2025,0,2473.0
2025-12-09,4.0,30.0,7.0,2443,8.0,False,False,False,2473.0,-1.0,1.1428571428571428,0.23333333333333334,6.0,0.2432103769760774,2467.0,5.0,2440.0,2457.0,-6.0,2418.0,2433.0,10.0,2415.0,2383.0,-4.0,2345.0,2454.0,13.17826493485567,-1.0,2431.9285714285716,28.119153850499266,1.1428571428571428,2375.366666666667,60.74394156418407,0.23333333333333334,-7.0,16.0,0,13.17826493485567,28.119153850499266,9,1,50,12,4,2025,0,2493.0
2025-12-10,10.0,54.0,5.0,2439,9.0,False,False,False,2493.0,-4.0,1.8,0.09259259259259259,20.0,0.8087343307723316,2473.0,-1.0,2443.0,2453.0,1.0,2429.0,2436.0,-5.0,2410.0,2372.0,-7.0,2340.0,2462.1428571428573,17.199114042184227,-0.8571428571428571,2440.5714285714284,26.849192184499273,1.3571428571428572,2381.366666666667,63.210913141650224,0.2,-6.0,19.0,0,17.199114042184227,26.849192184499273,10,2,50,12,4,2025,0,2484.0
2025-12-11,7.0,47.0,9.0,2437,10.0,False,False,False,2484.0,-1.0,1.1111111111111112,0.19148936170212766,-9.0,-0.3610108303249149,2493.0,-4.0,2439.0,2467.0,5.0,2440.0,2441.0,-2.0,2407.0,2397.0,-1.0,2340.0,2468.285714285714,16.028248872888764,-0.7142857142857143,2446.785714285714,26.044868302913226,1.3571428571428572,2387.233333333333,64.32443807220287,0.0,-5.0,19.0,0,16.028248872888764,26.044868302913226,11,3,50,12,4,2025,0,2497.0
2025-12-14,8.0,35.0,4.0,2462,8.0,False,False,False,2497.0,-4.0,2.0,0.11428571428571428,13.0,0.523349436392917,2484.0,-1.0,2437.0,2473.0,-1.0,2443.0,2451.0,1.0,2419.0,2421.0,21.0,2375.0,2474.8571428571427,17.150593493209364,-1.4285714285714286,2452.214285714286,28.096478213343854,-0.42857142857142855,2393.633333333333,65.40298597681861,0.3,-10.0,-6.0,0,17.150593493209364,28.096478213343854,14,6,50,12,4,2025,1,2512.0
2025-12-15,11.0,42.0,9.0,2470,7.0,False,False,False,2512.0,2.0,0.7777777777777778,0.21428571428571427,15.0,0.6007208650380402,2497.0,-4.0,2462.0,2493.0,-4.0,2439.0,2457.0,-6.0,2418.0,2411.0,-4.0,2371.0,2482.714285714286,19.972600279662522,-0.2857142857142857,2459.4285714285716,29.62513040864158,0.0,2400.5666666666666,66.58760541852772,0.3,-2.0,0.0,0,19.972600279662522,29.62513040864158,15,0,51,12,4,2025,0,2522.0
2025-12-16,8.0,54.0,15.0,2468,9.0,False,False,False,2522.0,6.0,0.6,0.2777777777777778,10.0,0.398089171974525,2512.0,2.0,2470.0,2484.0,-1.0,2437.0,2453.0,1.0,2429.0,2422.0,3.0,2375.0,2492.5714285714284,19.890174650952915,0.42857142857142855,2466.5714285714284,31.87647863535758,0.21428571428571427,2408.0333333333333,67.24555277330454,0.4,3.0,3.0,1,19.890174650952915,31.87647863535758,16,1,51,12,4,2025,0,2512.0
2025-12-17,7.0,31.0,11.0,2481,10.0,False,False,False,2512.0,1.0,0.9090909090909091,0.3548387096774194,-10.0,-0.3965107057890549,2522.0,6.0,2468.0,2497.0,-4.0,2462.0,2467.0,5.0,2440.0,2413.0,1.0,2389.0,2499.0,17.358955422480456,-0.14285714285714285,2473.6428571428573,30.00412059747157,0.21428571428571427,2415.2,66.4563118091991,0.6666666666666666,-1.0,3.0,0,17.358955422480456,30.00412059747157,17,2,51,12,4,2025,0,2522.0
2025-12-18,11.0,50.0,6.0,2472,16.0,False,False,False,2522.0,-10.0,2.6666666666666665,0.12,10.0,0.398089171974525,2512.0,1.0,2481.0,2512.0,2.0,2470.0,2473.0,-1.0,2443.0,2433.0,10.0,2415.0,2506.0,14.821156051164209,-1.4285714285714286,2480.0,30.15855536358937,-1.2142857142857142,2422.5,65.7307727227493,0.4,-10.0,-17.0,0,14.821156051164209,30.15855536358937,18,3,51,12,4,2025,0,2502.0
2025-12-21,6.0,18.0,11.0,2484,14.0,False,False,False,2502.0,-3.0,1.2727272727272727,0.6111111111111112,-20.0,-0.7930214115781098,2522.0,-10.0,2472.0,2522.0,6.0,2468.0,2493.0,-4.0,2439.0,2436.0,-5.0,2410.0,2507.285714285714,13.864995321469936,-1.2857142857142858,2484.714285714286,27.819275475687817,-1.0714285714285714,2428.8,63.90585748318159,0.26666666666666666,-9.0,-15.0,0,13.864995321469936,27.819275475687817,21,6,51,12,4,2025,1,
