Children apprehended and placed in CBP custody*,Children in CBP custody,Children transferred out of CBP custody,Children in HHS Care,Children discharged from HHS Care,Total System Load,Net Intake Pressure,Discharge Offset Ratio,Transfer to CBP Ratio,Daily Load Change,Daily Load Growth %,Load Lag 1,Load Lag 3,Load Lag 7,Load Lag 14,Net Intake Lag 1,Net Intake Lag 3,Net Intake Lag 7,Net Intake Lag 14,HHS Load Lag 1,HHS Load Lag 3,HHS Load Lag 7,HHS Load Lag 14,Load Rolling Mean 7,Load Rolling Mean 14,Load Rolling Mean 30,Load Rolling Std 7,Load Rolling Std 14,Load Rolling Std 30,Net Intake Rolling Mean 7,Net Intake Rolling Mean 14,Net Intake Rolling Mean 30,7-Day Net Intake,14-Day Net Intake,Backlog Indicator,Load Volatility 7D,Load Volatility 14D,Day,Day of Week,Week of Year,Month,Quarter,Year,Is Weekend
3.0169091785265723,6.038628409874662,-0.5167203172121714,-63.48685017953973,4.653234366438174,219.95359764135466,1.6395372962484331,2.1887372337085114,1.5216165021411476,5.047678443279151,7.266690034368184,140.80855246389467,52.116066523555546,17.70577685354999,13.283883806256648,-0.9193456539091582,5.699994702150361,0.05196956939107247,0.6063053888248062,135.51880314977117,29.193608137202506,18.860275120067687,9.908058596474817,124.1606345285808,31.954600798279586,20.1849763106864,-0.03379434021377855,0.2645690274668645,-1.2705440384591415,2.0203927831281008,2.061174210461959,2.2493236317907397,1.7386815859093914,2.917044299718305,-0.004291553557472079,-0.1223124773592619,0.2922798540290018,1.0988662035309902,2.689024553539628,-3.64311732584821,-0.10485482122912297,-0.2785673145406756,-0.4437311795416352,-0.29324012000583094
-4.761872473334385,-9.846089621837203,-6.045017055743789,-489.3845375515315,2.6246005373595236,-1748.3036544950426,0.41347314115818634,1.8306231941589834,0.9453971491650313,-0.6593143269854763,-1.048964991421799,-673.4890714145604,-228.30695664606534,-43.907628465292674,-17.94934869678626,-0.30916545397302164,-0.2654271496349584,-0.03642714472958136,0.47896175889738496,-682.3624240067718,-98.8070802860514,-43.95269889521551,-14.250317604991093,-613.494564704589,-113.09297464420774,-46.60310842667621,-1.4676742979464468,-0.3672090072616799,0.8062011726781588,-1.595266813106345,0.4862874758741553,2.5850981432860687,-0.39934505249259716,0.5833447915765584,0.028781944401116255,-1.2645579235587048,-0.659939675158471,-0.7715037853781384,-2.3982952433767872,-0.4265981323211382,-2.1199055374759768,0.36135132873207476,-1.5541773637725596,0.15740298518661797
1.2675160020640583,3.1013038363090746,-19.492518520558438,-13.603403006114524,0.8895886969612958,698.1739373452691,0.29060153516515874,-2.380366004360517,-11.188143682111418,-3.757204129434523,-4.691165750656244,145.94556033006822,53.653273459789695,11.561041330714941,5.560748615402282,-4.184987593224718,-9.507582662377017,-3.8826919137807296,-1.7618042393881554,137.40972226100862,29.958169942555404,10.016651267093607,7.432533398329542,122.74909082850425,26.81841224231723,12.031245455533556,-0.5917037586148067,-1.5949470497168818,-6.0859376806297485,3.6700839689484437,3.508803170429928,-1.8066817478932469,5.693142782138723,3.589875971154876,0.0014337439392083234,0.020945937961415213,-0.7078836749420498,-2.591951939974631,-7.916823799060562,-6.16921484163152,-0.7399624934698238,-0.5853540251295215,-0.16279250665254139,-0.328317065164301
3.4082472597629185,2.3881370644868523,2.3377663586394464,-56.05208728611136,-2.69273914101246,-1198.9195820673024,0.836141331152708,2.434385211224375,-0.7186039484792689,-0.8252986046577803,-1.8936298112985281,119.14252434036784,52.34214744863622,21.717395524139455,10.996930667988206,1.188607156637786,7.549164669704135,-0.4235043741624245,-0.7815926236218494,118.52532364557021,31.100324869525533,23.403690323936907,7.020678396354894,105.5255734875385,43.189813088320705,26.051882221747142,2.534690683006944,-0.2091470321273851,-1.4492777969959276,0.757933879516254,-0.34263243356741635,2.4339831284033155,0.800295156711734,-0.1613737720137419,-0.008605338625149742,2.0249251212058006,0.18276565856933547,-4.2728636102843955,-4.709542220348281,-0.7620002023052325,-0.3385018656786603,0.393101699214784,-0.041253175527673956,0.42355984704450933
2.7756433074441036,15.958219982685746,0.46037205350338883,-84.62041345526391,-0.3694396439464337,9.029653437756748,2.022723504193993,2.5481132149258854,-1.1105037549703052,-1.8222701955668175,-2.4089921963648098,135.48758604277322,51.644780125277045,11.579275928244291,12.008073883766324,0.08090564943184714,2.2806266500747037,-1.002210496335145,5.934949122941723,131.59212392146296,30.162457473049543,12.979310808851462,8.817917048771331,114.75418798858578,26.63477188407149,17.561322683921095,-0.567330625564041,-1.6421159865597366,-3.842383334646585,0.5802260362417885,-0.36051255286820677,1.5767372697007314,0.6132252830686005,0.300036739823647,-0.03970381207705495,-0.35725944186281205,-1.0569255766776324,-1.6134718887105295,4.44942552461672,-2.174310406657412,-1.8283834767071705,-0.21169891608932187,-0.16876823122636408,-0.12123078306606933
-0.5368787957040606,-2.399941923228458,-3.4726000413847875,54.327035818246586,2.8425036504339407,485.84643811127404,-4.273782451328408,-7.469383982383042,-0.25765557820723883,4.022935801028186,4.762093252974411,138.89708304261305,52.64664420884462,11.902706996606673,9.895425985502428,3.6909825015224498,-3.7062104316072064,2.9146188622825457,-1.1327188240179962,138.59635148410652,28.790693079492268,11.320425862136846,5.81053860130964,120.33760834729458,25.88263722061218,12.780509872188759,-1.1861876818984185,0.8202915991036608,3.7336784992379073,-1.995502242438449,-1.4367939546696393,-2.916722053001726,-5.478292887779121,-1.4371947289759435,-0.0004917772052137614,-0.8524668576584139,1.096284509886059,0.6044138641383867,1.8282457947959825,-0.1321622349923779,2.536971828729073,-0.5958033144077428,-0.13431984939996422,-0.08661964465531487
-4.278279842930639,-10.06958540932756,-5.746900867718546,-520.2578485866696,2.496538622745824,-1792.202200379208,-0.06691030777791648,-10.538277813983834,0.7794662679141126,-0.5397266766238579,0.14054557733752515,-682.8726230081625,-231.93119603927386,-45.511400857479074,-17.042109258945196,-0.05288030175278116,-0.15582011186406372,-0.050364029585646286,0.23058280326625774,-696.0531931514114,-101.4580224910815,-45.31815741840422,-13.966913312540616,-618.5300915037718,-115.16250994983874,-46.64135783504861,-1.7865727338114217,-0.7541344757356041,0.06395877240799061,-1.5428254275441455,1.8365371239970039,2.8444489946610685,-0.5294507751050017,1.1207286695353755,0.10308785512199486,-2.135083708812911,-1.3050216749081351,-0.7212366546974537,0.4602359542695886,-0.9273571434325181,-4.052605999379452,0.620618155994851,-1.529113554022469,-0.11978901518185496
1.1285060940116318,0.10643988100522413,-0.01638718595741937,232.55425145558175,0.23756866577059482,2034.9066598595286,0.40873322769626097,0.37829729806137213,0.8978515364675643,-1.1079430160406432,-1.3424756297364424,173.27538403045244,59.25381168454329,12.59665024018197,13.554509623107391,-2.853782707591725,-3.47967333187146,1.2514779167004804,-0.43543741331579366,174.09710974417428,29.85697448164126,15.000448696633214,9.68941243301876,146.5919044405388,27.549381286608607,10.682499592976603,1.58953451118055,3.7548313060798133,-1.952068011490702,2.1239527871941326,2.43892497205203,-25.347205817836304,2.3721182396989047,2.0467487003621634,-0.00022959076864498273,0.9846376737199081,-0.4415023481767068,4.866113139480819,-6.005568729458571,4.952285989153494,0.6348699369240474,0.8044406314746979,0.23468044675395888,-0.1379464074414582
-4.525502999103841,-9.402461313066606,-5.138995105211222,-468.6215206560422,2.56963927241967,-1734.058408450064,-0.035803918582029984,-8.069247969740603,0.7537457809370554,-0.965603520049942,-1.1499734355431945,-664.2607778725065,-226.121913668284,-43.499718384611064,-17.516212827276576,-0.006135305081375136,-0.6537611845181517,-0.4943716505570892,0.7675694456884984,-674.3822112207165,-98.10026570001337,-43.061137258095975,-13.976039170971811,-605.8565413809889,-111.72177079414449,-46.330044382983885,-1.602587773552998,-1.7700153909008476,1.2924145541815755,-1.6512386296494765,0.023111517141913382,1.1361765461944437,-0.5840546749413738,0.07564026975970595,-0.023494920892720053,-1.823756578181815,-2.3004288531199966,-1.0048409541135606,-2.129891094339203,-2.0927101026118953,-0.9210708840418951,0.3854880489115156,-1.546895136545313,0.22169906418391136
0.8006427579861684,1.7961582157148472,3.831657863306233,62.501635909825595,1.368222176929935,721.0438602048256,1.666506121939356,0.6956424797335188,4.361944700913093,-2.9978751517128406,-3.3431636379331384,147.85103535191996,54.42997181453167,11.61468614908203,5.892536609488497,-3.6723524438047206,-1.9796345233702277,-1.9630505228058055,1.5108212754926467,141.31690054482468,31.087918012269583,12.049832426691912,6.129142109627846,125.74078762751596,25.175217589139695,11.818210108207486,-0.10173261319346,-1.5172161940640814,-4.613646006713852,12.024780812041254,5.323782906606005,-0.49929263365121634,11.685432727461318,5.238414750776756,0.0018414126429852073,-0.03691865714102,-0.2935904794139446,-0.7085270374117872,2.0104842559963547,-5.557631860775028,-0.8471003818935134,-0.5133593751975066,-0.12166665926239256,-0.28047607603304464
-4.467054778208256,-10.086172891280803,-6.116126211233888,-478.4704987233842,2.502963004099331,-1738.6843492569649,0.2826833408778424,0.47250690640978454,0.41229850058609185,-0.5918323155407212,-0.7727568648915477,-670.3947772464198,-228.02994892994914,-43.68913588529217,-17.569273000381795,-0.3022130945358701,-0.27621021929769174,-0.03460142282902273,0.805259573272206,-678.9863363862938,-98.8300893307919,-43.78831569736712,-13.9916052807728,-610.6419966104853,-112.30905543308435,-46.047571795658186,-1.5056698610559163,0.04012728715244229,1.0935152004315214,-1.522729018787431,0.3883628936551484,2.1681440822254148,-0.3423223221577747,0.2917787714514771,-0.006315806290096898,-1.5971481588150487,-0.388704095746807,-0.5680850012451931,1.3875912895308131,-0.6573240804143019,-1.6977546947745479,0.3513771979359126,-1.530098965508849,-0.14331444092556866
2.054759682626162,4.626584966344891,2.6957073424960543,125.93033784236339,-4.527966587129591,1759.1220275841888,-4.090039353259535,-6.24967069167157,2.8664821227608077,-1.595500091638022,-3.0458932651281088,163.47941384165426,57.65090365365829,13.649790065889476,7.063015254922209,1.2807665333110254,0.8873500304741045,-3.3707312909090392,-1.759747813917948,161.60950592018386,30.480812200984996,13.524295072289966,5.559204676911568,141.48039151099883,29.477627282618503,6.582298066499603,0.8242643008016457,2.3033708522372534,12.192468432701066,2.3226834443976787,-3.3615450533295057,-9.99971460511254,3.7938196467292724,-5.228820915026848,-0.006667338847950399,0.8723298500078212,3.218386806749742,-1.493450867928934,2.7769484919752023,4.854923395591592,2.11983329247144,1.6568295335183691,0.38665741418219957,-0.17871254577518558
-4.734953138382946,-9.630427915169241,-6.073191405765799,-479.2301099192229,2.5353009729852967,-1740.318761986797,0.4509757745523342,1.4399894425343858,-0.12733504078869862,-0.636770764603473,-0.8998606675226123,-670.3297288880112,-227.84101032598073,-43.65755240384177,-17.541800056715807,-0.18882165201812676,-0.3250009042905866,0.17878404700908596,0.5788700418288956,-679.9724467652773,-98.56745523664063,-43.75212638634137,-13.85700798893566,-612.1321587683246,-112.01068525507206,-45.92362192380537,-1.5297124970504068,-1.2434562108729832,1.092072079982996,-1.4496062783496284,0.5709712483314594,2.113800777866212,-0.27793345650171775,0.5906483942466875,0.011773584376897066,-1.610936374236472,-1.5741386035441574,0.3068223524732274,-2.7593531559223416,-0.5569746580864761,-1.575046947502013,0.36368850663324104,-1.5757344646579434,-0.10968155851147786
0.7760979462363017,-0.47961356623303797,4.044080098254829,-75.82385035587238,0.4604878043106657,-1427.7467332229398,2.6928075622826935,4.3742124113409595,-0.9729656100558746,0.9756822331585727,2.0760548778263623,113.74060952883113,47.729215382838326,24.060868124823607,13.777237839823751,1.201066946694574,-4.522208792870264,2.326300652500289,-2.006256085950474,113.87379810341324,18.150666169806602,28.370205509493672,9.478849199229252,104.43749420498021,43.41109082199774,25.764359605577457,0.9654063350441183,-0.14115761384207226,3.689732030187025,0.09326584162138046,0.5290733100854197,0.6891804605317209,-0.907869607421395,0.47377930059707274,0.00039674262258967974,1.2409029576159487,-0.4097599905043119,2.3107313862313985,8.351632279989031,-0.644823345521065,-1.1026380613010351,-0.19458957791238574,0.614709894785592,-0.17571811991608904
-4.171534231058604,-9.85290811245341,-5.621193255559805,-453.5560504548683,2.6857467513699933,-1702.4158878935211,0.30234248151331156,0.22244157764922184,0.16455517689801105,-0.5898997194629197,-0.6513222217595028,-661.376073263183,-224.533304376627,-42.86638422236361,-16.924025739500642,-0.2041676836696145,-0.3938247459420202,-0.2181490976746358,-0.003140010824662323,-669.0298191132408,-96.984315407581,-42.693613155418895,-14.042277325227293,-603.9040905726769,-109.94618762556627,-45.175978777527874,-2.2453553072012786,-1.4699716055729626,-1.412695487446749,-1.569617891508407,0.2262192485336466,1.5105118373645072,-0.6808456815681704,0.14413723614207125,-0.02184356121182258,-1.7934948447112335,-1.740087066820537,0.21347838886356646,1.2613446971785458,-0.8497533265284067,-3.6925564211008277,0.30424760512796467,-1.5088944580486612,-0.13409502601078838
-4.793097755869228,-9.714618111362197,-6.128247619859154,-479.338286938969,2.6335652301518597,-1741.8630045522232,0.48642593858817484,1.834936073755095,0.7240594579812547,-0.5664546110070751,-0.7694875735641673,-671.0195130032284,-228.27518093023576,-43.85569145971468,-17.677180386404018,-0.16354919737457144,-0.36301339329366156,0.20232223260383247,0.42759210727780256,-680.9500111605319,-98.92156578369536,-43.81757766519332,-14.112816820019926,-611.9572945854517,-111.94761447181254,-46.0367730415616,-1.5622595910644128,-1.5284559043934962,-3.176637365524536,-1.459253690395153,0.6427450911799503,2.14746109985154,-0.36015733991854004,0.6547940532590623,0.011748777273997861,-1.5750478400025403,-1.9498967950695123,0.09688414081649327,-2.2648583856666518,-4.960062253797086,-5.392994052781925,-0.08508228522844612,-1.5522974823960989,0.14547362767745414
5.076513129942997,3.61533114739793,6.082221051570689,-41.822531489773716,1.3316672006300383,-960.6024045998649,1.8583430396104226,2.7004884352047527,0.9861643377154871,-0.7587926387669939,-0.8324889587315675,127.24333301697096,49.70738874655752,24.255587956592496,14.206461740081776,-2.477208709174659,-1.2224575632414536,-4.304768771369129,-2.1866724833509794,123.84530169011953,29.95670263153842,24.299658769770947,10.933970885397635,111.47837483918532,45.14677350616324,26.188398747402605,0.13123659980182517,0.5543682936110826,-1.5377433317936011,2.026792192456731,2.7626419878231756,1.9705111741734367,1.6006468751503364,2.242543668056118,0.11899313301724915,0.2678992955455532,0.17105086510892628,-3.2956434589341392,-5.117228878652042,1.1739869816195947,-2.6403663697253927,0.21443358427378473,0.013290613612369051,-0.08665579832549018
4.5031252428351305,6.082878206639593,5.105007561839975,-65.6309705387236,9.117946388831985,207.74947615052358,1.020085278050911,1.1622541281461067,3.798704308778629,4.587529637390439,6.30157750239886,139.31135363486044,52.60673481011814,12.451793042977883,13.232637794614766,-0.5295354804947204,0.9668072558658103,-1.1751925784010546,-0.13461823791796784,135.55424383028964,30.630361723289983,13.407047312148737,9.842938627596174,118.06500080031543,32.11703563004458,21.00804179513838,0.6314431247083744,-0.21998153173961266,-2.0436058837120443,0.8647870863816595,2.8690069393951787,0.5091214930660914,0.7574211009060314,4.0819064148614705,-0.006645733761459056,0.458139506613958,-0.7527500160219408,-0.6528961569712591,9.494068977727466,-3.071172460087183,-0.3122975189585127,-0.24241294472174166,-0.404094137270099,-0.13606171380531498
-4.473905004607843,-10.129654642224384,-6.352660594646031,-499.38248995852183,2.63234885853509,-1753.6579523961086,0.5239839291224124,1.8722946010706583,1.0580766500208885,-0.6170346870762596,-0.7843959394514803,-676.7692783976611,-229.88213206523847,-44.186647091527725,-16.945931820570912,-0.3130276166235112,-0.20964060536269574,-0.21971562578812515,0.6278293706402668,-687.8034754617895,-99.55744216212115,-44.32169674315414,-13.924276408479134,-616.326787722002,-112.80388197336993,-45.74095697504016,-1.459012146338663,-1.393425632506494,-2.03847991829933,-1.4363828072395972,0.49476575891912117,2.6459951552663865,-0.4773394709151013,0.1827206471221367,0.01326849726817849,-1.2797046112829256,-1.8636466736950865,-0.4583420757941589,-2.399217677307905,-0.4680259421059185,-3.3723220165553744,0.3926432952260472,-1.5534661822259674,0.14659356788808509
-1.2787501941104844,-5.686937379162521,2.545536739445942,-81.04107173757019,4.196307191366132,-1436.8274848799256,2.4701983675488206,3.8458154359719265,-4.238732582563634,-1.8853036371762566,-1.7468924810263,112.53832571614691,47.4876341621575,22.42544491139907,13.38377459586705,-1.6864310878643127,0.3674442294365871,-0.41680441754684905,-0.3575373387530259,114.19039143234089,28.46548720768938,21.343543706569303,8.594635817180226,101.81292316216248,41.66243855421992,26.45222678334474,0.09824319397039216,-1.006528104937987,-2.19572308768976,3.37453214716536,0.5828736406751186,2.2957311821029114,3.06485309076705,0.515436130010149,-0.05996507499882923,0.5592110651766484,-1.4769258511096217,-2.3416196016039144,-16.694943548328354,1.3896183586538033,0.01804919438398328,0.348729772709769,0.14960237940555843,-0.20999343462004533
-0.5188884134967604,-1.4088130557302523,1.0244196898006535,-84.48184053570328,-8.907314535993585,-1476.291204277725,-7.09890197980851,1.039342777428549,1.3950802865255048,-1.1350267589101288,-1.7014356914601465,113.00974305621732,50.10809770965051,22.298070088750887,13.763340605175031,-1.562079495887173,3.3046265884594863,-0.28854760749133923,-0.8193611328828564,115.34472687954421,28.296488888782154,21.720942207105377,8.964343003977467,102.31223224661994,41.95585520440874,26.26799658880174,1.2693176762523275,-1.0199145082394516,-1.6848200731519276,-0.16229280846864091,0.8895999881892196,2.025537662554802,-0.1409720893223541,0.5965681693936749,-0.019819377011597368,1.513225275596989,-1.341067852540995,-2.0298618972018394,-7.37864829385601,1.9157252685798494,-0.04557943967257111,0.5648855376708741,0.30706847802779824,0.5248694070018403
6.395873505200296,1.8826761305628048,6.295891279066258,-40.210883669459285,2.6633404505446703,-939.2738056227419,1.6440382504294666,2.409765627462415,1.250718009443517,-0.700876087291531,-0.8685911097788291,129.23865016889624,52.53545468788138,23.914687340723397,12.935500732600099,-1.0853627124518657,1.5134071188480251,2.709938078626238,4.893819965596702,121.99379794020798,31.502766415220634,24.532429264980323,8.134783167069084,111.40970790857719,45.690974497503866,27.22766847329713,0.7099027469043746,0.01351578524966289,-1.1807827220912843,0.8925021134844954,0.16433871637763192,1.7155354235170628,0.9879079372489912,0.5272639042999683,0.011848205346010492,0.5249204816227916,0.46260700595822446,-3.3553001139550402,2.1354946806097344,-1.2396059644918551,-2.991083963722253,0.34981690680292366,-0.005323927091650138,-0.0792897724099244
2.529804577740925,6.395868759938381,1.0251240376785618,-67.16315517676712,2.4811008773423278,187.80850045815876,1.3860277817929765,0.4764892846253763,0.3232856059092064,-2.6598903097986115,-3.6163972521581784,138.6508343807234,52.12783625220623,17.474706819043508,13.0980419519879,3.2429391861600707,5.352296341851817,-1.736364728191088,2.328945626042617,135.07410198013588,30.39187651906691,17.680599972857998,9.990902178291245,116.99019608103198,32.00574035865095,21.25994078575033,-0.10015717976118156,-0.566378314410181,-1.4923761279387973,2.1280312796501257,2.4502262445941114,0.6795064879097946,2.454387076797325,3.8061700228044026,-0.002484311548095537,-0.11771993115038845,0.6357913884111687,0.8683310798071165,7.480407453049257,-3.5056308784388266,-0.3290295881906232,-0.2490067772531208,-0.40852691936613794,-0.19746443832858496
-5.6516374182475335,-10.084016737915535,-5.7923763643907495,-524.6810609296334,2.4673172496490987,-1800.876298236684,-0.01757579977669646,-8.137124914610386,0.68948060376793,-0.5429257376214512,-0.735410504335458,-685.3686906082409,-232.16312259606713,-45.65405118142429,-20.04594721521589,-0.28221489887205653,-0.9067321660325568,0.14349617157043976,0.2744126481356372,-698.6402971363168,-102.0448765810687,-45.04652012070169,-15.788105134152202,-618.8838519990012,-115.74578320639667,-49.77430863911915,-1.8196426351985133,-1.5275661081564864,-2.541920990678949,-2.151815216044745,-0.941453831778026,-0.7346469622758027,-0.8767177427522047,-0.6496775662272238,-0.07248935916522649,-2.298906867639897,-2.0637790473703292,-1.3275967144572445,0.4873778789301476,-7.036564237393199,-6.786873694446685,-1.2599014723671083,-1.5328895141560002,-0.11094661981783928
5.260648012191072,17.305983602687117,1.9720406696298856,-99.36079405563432,7.877624138450121,-119.61408551655155,3.8850351202003983,4.863867433419656,1.0873020555726043,2.2139979513072907,2.126236630386067,135.71856176528283,48.94927866578744,14.39245640982751,12.399258632164596,-1.3295673244807324,2.71992933471225,1.2659018796828676,4.145575105824513,130.39462340146898,29.227883362851152,15.6803823077771,8.924241349389622,114.09496647306854,28.6675415198033,18.86194215062261,0.05033686540465052,-0.515615074220406,-3.6924054708015404,2.108250859937403,2.475466257020147,1.6633188760246247,2.3421822306183953,2.0261349839193925,0.10997886004129204,-0.18120011804095404,-0.5581051791116368,2.516611799943039,0.37980521058412536,-2.8808031655005792,0.18768222868114076,-0.23937584831269973,-0.19033325020586545,-0.10733721046473375
2.9028861367817766,2.8685338114558823,2.990241694966831,-27.776661414234802,-3.9942304454671,-717.246551857783,-0.4824872306282593,-0.5438636562562544,2.8206894432313248,-2.0979572566722697,-2.2331100781065594,134.09860141997288,60.46039959678702,24.524536384516097,13.071783486174176,-0.48238068398916145,2.3372785274612666,-1.2456583071207086,4.639338686180511,127.71629517865516,35.41441874644085,22.544476522131905,9.146074726980707,111.81652899945479,44.50378273896593,30.122786414271005,0.2750244616283336,0.150179847525309,4.404576205391534,1.200907591956935,0.7983999220794574,-6.092268489650277,1.6588598873968947,0.634417833279638,-0.13369548275723425,0.49147078638215064,-0.4033499841831967,4.023222336671143,-4.86348534747056,-0.6361810458175382,-5.038867557119435,-0.051470381331449266,-0.0962390771106586,0.09652533727244941
1.3241164156620642,3.9441701942187213,2.037839446964796,6.059394674572631,7.268559918220094,1351.4763813882525,2.221458589753377,3.4793918888881534,0.9748259144070496,-1.1314228025467892,0.7305217755341583,157.309229450036,59.49606987255314,13.361450625740776,12.870192723287719,0.6112495674418907,1.9672795345920517,1.6693356299387645,5.050824715114522,152.12236730328036,31.33801232523541,14.57070695081528,9.410262857499228,140.19150669269345,29.17326213184244,18.69312883355046,-0.36540879052399,-0.013441532604464637,-13.805118338715396,3.339924522955184,2.5707647439076085,4.279831382996589,2.10246822104577,1.7917434935995036,0.0015445113374071284,-0.429882808752206,-0.10556263363771644,-2.36531504899381,7.041819912823719,-6.540673132907369,-2.312890181347451,-2.2205668780461774,-0.6333302606972886,-0.09018187962422523
-0.6485449055062992,-0.3095165463920771,-1.0771397343100262,-60.2184523075476,0.2719113138998572,211.32539486287195,-5.634544155890918,-10.574414833228207,-2.4085670856350974,-5.474447762303493,-7.168128719729959,135.2547359316844,51.45963939211388,8.548836615398745,9.726950074072613,1.6849524350359166,-6.928551965581849,1.3204373769320321,0.2063445596243906,131.70734454380639,28.928598779898167,9.677225436431481,9.492408464103784,110.5846753056465,22.22650999044116,15.294183823477455,-1.2122341154249492,-0.07450831153113237,-1.7211330155113445,-0.07620567481461024,-1.6365825350576224,0.668604341922069,-0.3607054545941535,-4.155097821470451,-0.003588646152286573,-0.2302779580777043,0.4412439126389919,-2.2292916585772016,7.483395128994646,-4.3381552642668515,-0.1799604656560802,-0.34377572016350877,0.7363121479279997,-0.3803870654713749
-4.434083244918846,-8.17784370529579,-5.272781434538812,-463.9690451949006,2.5823752980226646,-1711.3102549037528,0.5784871170347656,1.8043507788496231,0.22350406947064175,-0.5493276568171916,-0.17049259664215538,-665.6860057211447,-225.60705362770938,-43.028113694760975,-17.240419234816017,-0.21216237223270015,-0.23947588518091412,-0.18153187606948656,-0.0008159026554923204,-673.419421165397,-97.00875877691428,-41.86110966188809,-14.0178970305743,-606.6944081167441,-109.84971740146412,-45.58619538365203,-1.9686550760508057,-1.4240122034260565,-0.09867873445967848,-1.4913212368260393,0.3519667451392594,1.5803555360522012,-0.7034120391755616,0.3290695622507252,0.019436227414760164,-1.5649919099151144,-1.5964647746732563,-0.7463448581415847,1.2852977675687525,-0.8829929316972773,-2.4693004423945832,0.3622978625502271,-1.5552351153046942,-0.10488386400592221
-12.944657014044731,1.3551067308080489,-9.529086898313329,-43.705647773274634,1.307416405195848,-988.0855421586188,-0.015328106999550978,-2.27885544230029,-1.4983529583325232,-1.4343660720375246,-1.5723186704479521,123.1052441300635,50.608526039914445,22.818112679110477,12.47492000620824,-1.7992009341007995,0.10216816511459936,1.6582173844273285,-4.569050618411581,120.08944043424138,30.941927508400262,24.259342216788635,7.013640184335735,108.78679453716947,45.21695811527141,26.147361570865836,-0.0062064112166271,-0.08808507944734592,-3.873407183621987,0.8140991600224478,-1.7136891247997386,0.35009693589478585,0.9925328788076035,-0.6020069262759593,-0.16753659055096487,-0.4902947818557277,0.011490546572768913,-5.238706491244635,-6.471422726378909,-1.4532777535692396,-3.578488516060273,0.3300956881954235,-0.02660489907083971,-0.17830438534944398
2.5931915329536355,6.090846308792912,-0.9592690112337694,574.9101183720787,-4.967979778601383,2830.1449942265567,-1.6763878902672251,0.9016924699049261,1.4449369808541572,-4.149573065643278,-3.101038317336991,190.7443832561827,67.93121159542868,13.507073630031325,10.508792751787192,0.37955996733533454,-0.020072157673546233,0.5978494644017832,5.864494655920463,194.891392819948,34.11345274247793,13.704656939327906,7.9730670849933665,162.26246797388947,30.646722851520735,16.28146471572983,0.12503997359991142,0.5320254498231212,28.195474988152313,0.5846998307833506,0.22256210345342117,1.6894206880391684,-0.25371852159490693,-0.14156178904886954,-0.0094439735494668,-1.1651547898230352,1.013981005591801,1.1852952644666053,0.2758418109830399,-0.17840474740343062,-0.35325407645105644,0.4977428856610857,0.18640515813270864,-0.10325072964101506
-5.8396665232246825,-10.184050666395178,-6.183595776950529,-524.885272946063,2.4804264860140908,-1803.5064221152056,-0.09438382040450899,-10.148251093012837,0.6429200077670765,-0.6791592788109114,-1.091922880384667,-684.0049363359806,-231.823339738831,-45.554703333030886,-19.90346415722215,-0.3143742651566642,-0.3570535576397549,-0.6941785614119922,0.3404458444429573,-698.0580931961009,-101.37387671742464,-44.9842682524182,-15.690821838782998,-617.7724349156744,-115.70000115274534,-49.496182290820144,-1.7670110418165592,-1.483822583711839,0.20492300061547097,-2.1853876390615614,-0.9944814005220041,-0.9251306327294754,-0.8942611660233887,-0.6344531114647374,-0.07548143137503592,-2.2031067223329837,-2.0744992736170027,-1.0391384125256125,1.7922380400194133,-7.019317448205101,-6.792022564646385,-1.2260208186087849,-1.5439859701820517,-0.09619391262522813
3.3348691687158323,4.114800810107938,1.0466410400603186,548.9130746063499,-2.2142830076974005,2712.382159574062,4.340548125352427,2.994045507719545,0.9826716705806448,-0.4391444299947531,-1.1490267568320727,189.32969390741118,67.21450880448293,14.674030467303766,11.087782106584536,0.6516001792342047,-1.0058974002336776,-0.16156967367924222,1.4728386654592538,193.35778139804336,34.03286176445459,15.518058900279602,8.168318866708379,159.08054605201028,31.322056470055625,16.74721441094884,0.06213300903036986,2.254818915631868,22.38400891121833,0.8271832637519777,0.4190310517123694,6.8591046436414,-0.03396493198507864,-0.08518518054418682,-0.004764861969605461,-0.3929268794616453,2.497223971616432,-0.7253822909572413,4.1193525570803935,0.15346379242590477,-0.49571135478741524,0.46848512822563604,0.18783675470633182,-0.09489898104123251
2.769119077776311,4.6243693786243805,2.5417678570271995,133.05827798532746,-0.12030079904219848,1901.1118450001147,1.0298793309071963,0.955202593321242,1.6257684137137391,3.6722569988899116,5.24116332010998,165.9429523108295,55.12506656457537,13.334804999887233,15.62390554930802,1.8945586076334013,3.9142836591795187,6.284927380858012,1.0941275019306795,166.9155847802236,27.319972998723333,14.696697011198646,11.65938513390579,142.50030221299946,29.079891184857207,28.28675252993088,-1.2183304804301751,-1.7960996959212898,8.452190914774281,4.269008410590933,2.923243643827166,5.344979127048874,3.472541776037944,3.740941026666713,-0.005967072851814914,0.0735541908872102,-0.2407718461604323,-5.759014254759358,0.13784265762495646,-2.8731501510868345,1.0968039662604552,1.2502079283757386,0.2200118210416917,-0.09556083069754112
9.600185231517894,13.234637075111861,1.3824492273117506,-283.90084512724997,3.781178610095371,-1436.81386970658,2.65551924832299,0.5771296893409592,-0.4947414676635253,-0.06538366667781054,-0.5891365295113912,-427.71280774649534,-91.63840833615633,23.331079615170797,59.109330865985434,-0.3025624989455449,-0.6478193479334946,-0.4306111659677413,-2.9028639522682855,-445.79703811221987,34.29155328687389,19.1891909062718,35.253373375976786,-410.59520516805026,10.540163512917069,37.79316947293023,0.32996087344732095,-4.479372953541872,-2.9531354591446823,2.445619354013684,0.27030267761324767,-1.9158345728011978,1.2943387250891432,0.7964162086970512,0.0150162556128733,-0.06234601287468785,-5.328793056248935,-5.468353051781735,-2.6199584300069167,6.335719235813229,20.548682882741055,-1.128100541627716,-1.5033454979681788,-0.14148327861164922
3.8047445067883867,5.83965416961587,1.7920846931385572,-32.502618896306174,7.2580891209232705,1189.0232229086878,2.260193729563043,3.019505422143117,0.8083897876213463,1.7343674425902607,2.22022034012623,155.19903479321087,56.70322521263781,12.943472520211394,10.899227445057766,1.59916140669758,1.6719406322156167,0.18458601120025372,1.3152106416966722,149.7342705315692,30.930670322088783,14.740513923872195,9.128907563702551,130.89110913655676,30.922439139661908,23.41139178113738,0.5117257364772821,-0.9349905309945563,-3.5874489816770048,2.326318960567124,4.027237838516275,0.6293567222049826,2.2675435553832104,4.196464398048277,-0.033909717180071575,0.6698291732938981,-0.6009018230045108,-1.025886882407111,4.409291473116103,-6.5897844158992855,-3.7170080705775734,-1.5359924588290654,-0.08719435667167583,-0.004430129253006954
0.5987867166857163,1.1848482132420337,-1.057362898851948,48.59703412312797,-12.185573632696638,537.5255455492077,-9.07188927858413,-10.467396548389729,0.09212081586788604,2.538087513161811,3.0546355850379237,139.42810607812683,52.89203000628769,11.67281471186822,10.003777028964604,2.2303256980574826,-5.062878149596541,3.385618048896478,-0.9032095497889493,136.42355439782196,29.062639831674215,11.493056186943075,6.104711251064645,118.82146727309862,25.876985594577082,13.51759627187713,-1.4255310129926733,0.0717909586906496,4.924677794494049,-5.895906743630628,-2.625940562536798,-2.9536640984403744,-7.7736765373434995,-3.196817662970149,-0.008106486363697013,-0.8614294795098416,1.0122328143228947,-0.5149483142095889,1.6696619222387872,-0.9338016009963015,2.4268484297581865,-0.581056256128036,-0.06636890258140951,-0.0953455071567843
3.463684401034025,6.937765119029983,2.7477193116811423,-68.26636602402853,5.371405936990406,-1261.8382330862237,1.9806893722747771,4.660941154855191,0.3699183980694474,-0.08235259567665412,0.4111556170775987,117.00120583398473,50.2634686912291,23.844358610568566,11.998269150214563,-1.585307292268282,-7.957782257638792,-0.7523503637958939,1.3550759563406434,118.80557762299544,29.680999447987375,24.49429394678428,8.499883177164966,106.6193589137042,43.159173072352964,27.29498259172627,-0.39309143656180456,-1.129608279213402,-3.1339361497999505,2.3716684853385193,1.348024615532594,0.7762395594268704,2.7753641674151455,0.354604276307656,0.004202225004673925,2.6116275448247093,-1.5948849735580322,-2.0422387327104237,-0.11392934357525562,1.457864861028814,-0.09154387948443599,0.3538631120240093,0.06511419274204874,-0.06571989949482882
4.432428965747763,12.247066490315731,1.9517652952224644,-1.0946464097779867,6.9336645754710675,1374.0130829185955,2.48142451547056,4.416356399372442,2.180037816899044,4.027015427726219,5.460123991989035,159.08040996556417,59.61933687013885,13.154556061296038,15.215315254666368,0.6717678035190651,1.9921361589638384,1.5593136386910675,7.321997059340149,151.64593896629094,31.440788357872698,14.690962333187853,9.845406747426823,139.2668508514623,28.392583101568462,20.524891941958128,0.9254250018638853,-0.37932351760136335,-13.401991420021472,2.8819798407617387,2.3060037446961084,6.303906754615859,1.4180617814461574,1.9312269852594428,0.0003984788888396762,0.6290011140663927,-0.24821330922435822,3.0463800771151326,7.382944159824558,-5.343566068290882,-2.4998847458637967,-2.1714889700389644,-0.6739568815864717,-0.08822747435295587
3.1212397277240984,6.019456693872265,1.2563633323106824,585.4382408978764,2.34782538909077,2837.4286115416908,2.3895333913010157,1.125506721416699,0.5403925053476908,7.364674880045554,7.17761673179953,191.67440979153193,68.3696226709062,13.52912820461724,11.244452447592783,0.40878808772210956,-0.34448406781195534,-1.1728798517741614,7.132154079501083,195.63275542475242,34.121583937158654,13.390719671965853,7.815149919977881,163.23956732410537,30.73614730430367,16.58372134339309,-1.057168624740285,0.40749258744410555,28.741125777279997,0.7243754133230368,0.2800777561690205,1.6136892846529525,-0.0006103459125580968,-0.07321423203588072,-0.0058631990499412034,-2.084870875563032,0.8773390095885396,1.0762252251878646,2.867394819452618,-0.7375435516857662,-0.41601808563343945,0.3573469810022297,0.17916578898873953,-0.08989990850643703
3.1143627060406374,3.9475267730735064,1.680395311188621,-5.669007236534591,4.340168688632583,1307.5674465843729,2.1222971261593155,2.818553299249879,1.1763855481338503,-2.0731570742717307,-2.230102521349531,156.48582482679197,59.188187173021625,13.153590943015052,14.71773180014447,-2.1715353005583817,2.553345825076062,-1.2638246751174251,5.155757296107141,150.20507273845436,31.179759842711764,12.810051772710835,8.693324955947075,139.28365889267585,29.277951961990436,20.14511946431368,-0.10916039745966533,-0.5291239881460527,-7.569906696435128,2.5575770273771177,2.6724363737013728,4.921367922535501,1.7243402316756944,2.2007379900557495,0.014278233387188727,-0.6287303568626744,-0.5781296151634419,-3.070678791982321,7.837262424119474,-6.620628708106427,-2.5240140302854406,-1.5146299628656104,-0.16298007075799653,-0.11224095782272929
-0.07254183058171605,-8.966663220460957,-7.82207343426081,-76.39771208982276,7.301638687919293,-1515.3030889481702,0.015145843219860955,-18.714178350813725,5.8063624708169845,1.8066746206427715,2.945114096174817,-25.365553754049785,48.77051345157769,23.89744694877509,13.618369141089188,-2.533086093741483,-1.8833821146786556,3.2769118614196766,-1.1920427694422147,109.33747623099259,35.135842060087704,29.96892393171475,10.043994924055353,104.9808874326701,46.07037440771289,26.39707641950749,0.6377632311070115,-0.6548383696874431,3.859057415350504,0.4235325252678259,-0.691872054385932,0.14392275020255726,-1.1401152221999178,-1.7025850025367246,0.07474249024151022,1.4496712178962965,1.3244579600471018,0.07343671792303952,1.9504052866976274,-0.08924064233652457,-0.31999822848460563,0.1791094745677484,0.6376671168043082,-0.45398559095931446
4.073491530710122,13.352075786203326,3.312687042635295,-74.36224546366704,-1.51155974932429,-1394.708000942868,3.066621803567229,5.12521420655202,0.08684023051747325,-0.7217004517745352,0.33225662838533493,115.11690824942627,49.16126398370211,24.696037903011767,13.398403480496535,0.8798697010584366,-0.6920008832886364,-0.1817600768487611,1.0016228052564788,116.11848744468497,29.93803138568235,28.084155421961977,7.9272202889117125,103.66235044367359,42.867219458029794,26.48916079399855,0.7658072185085478,-0.7051068785728314,-2.2262847473270893,4.313477884836181,0.8142440016895813,1.9387284657960397,3.759744103133767,0.708156383683328,-0.004528918950720419,1.1277309775671416,-1.482493975630175,-1.0479275987375143,7.716695149160301,0.41587731641837855,0.03576448470892188,0.5249274402503675,0.1413035382196278,-0.13195104244564326
-4.322537047563366,-9.695633403183985,-4.973765171647541,-447.5325577716949,2.5430707289368146,-1697.4148689299907,-0.027251963629665546,-8.292452885940984,0.5555142559029838,-0.6739423303433936,-0.8175478535299895,-656.8123698786833,-223.29086859520658,-42.732067285362355,-16.85112702988828,-0.2132574391995429,-1.2420576126361835,-0.42069056991957765,-0.04179200683489333,-667.8698556543635,-96.31924430931305,-42.354861381549306,-13.838038062815384,-601.4988616346421,-109.36226548575937,-45.04860504642769,-2.3586287617994737,-1.1980629781535586,-2.6787528301247723,-1.621917180657653,-0.24679755853011337,1.3385262271074474,-0.6325174225988502,-0.22262438481456115,-0.012769764586085308,-1.74652511534856,-1.4456365316890234,-0.8752249417745188,1.1602021330867067,-2.4100184058148946,-4.368170142729183,-0.1384580190668453,-1.5323986205477667,-0.14250100359155848
-4.440561567041786,12.128522429759574,-6.135516420474759,-506.1703277191747,2.5568699948802722,-1759.2453181665273,0.3654853847606796,1.3080933120766614,0.2920648464462595,-0.5145611643924348,-0.6030041656567353,-680.1406124106861,-231.3512228193518,-45.15514067514461,-16.779840649065765,-0.33763636565831767,-0.22117619477734074,0.29280709989830506,0.7004555364137895,-691.1294601468796,-100.40962192210225,-43.735590675325405,-14.651472166368148,-615.4904431981965,-114.63671122525355,-46.98815332309106,-1.778880809641605,-2.0206725949469475,-1.2559249503510521,-1.5284585931181482,0.21797123586566403,2.874001606736049,-0.5282865467208557,0.1429067721165193,-0.0017571974034032295,-1.802833539212827,-1.7755418826551628,-1.2952916208282792,-2.8200624665076424,-0.6648733587912272,-4.1291649984505545,0.5872712797682327,-1.5336420584026114,-0.08346238826943371
-5.632799133159203,-9.939076016875902,-5.469725044165867,-525.1934817267477,2.481826498775877,-1794.5240627761807,-0.22450832976194218,-8.028554080386431,0.9339079109156865,-0.8562881504780451,-1.1733421243908542,-686.153030056884,-232.94952311060814,-45.9861268394921,-19.86293690074705,-0.32458927421520356,-0.569622736611761,-0.6795272228398157,0.675075994522874,-699.8645094144351,-101.88656681525765,-45.682131726685235,-15.540295144687544,-622.2559637850268,-116.06112380439214,-49.42582464068363,-1.8427220041720174,-1.4812114497035207,-0.429044200387453,-2.2678833356777544,-0.9056341276106937,1.149085434910098,-0.8225111826930093,-0.5376946280907791,-0.054598954754561405,-2.208879057261484,-2.099384095528346,-0.6479302401708883,-2.6065313392093215,-2.3712199351413563,-4.327267174912726,0.6151736798282523,-1.5295869292747155,-0.15062855488993876
-4.787735760705902,-9.959697932744595,-5.661527937274275,-489.2227071555246,2.512415687786846,-1752.5492206968445,-0.006804167662909269,-10.468793423511793,0.5353533028130246,-0.6212916791588579,-0.8296604781680373,-671.0321103902822,-227.26877340363163,-43.95681897516406,-18.039542043980415,-0.2540219477597002,-0.6794604193454198,-0.03960230308748275,0.6316314911407052,-680.9726984535453,-98.51506835767327,-43.74878449423779,-14.334589432045679,-609.8518792428634,-112.96112005162344,-46.617133217551576,-1.4020737905089562,-0.3449968345963405,0.8682440810207042,-1.6683430990692099,0.4035551784465905,2.5641987572167433,-0.4395044279609429,0.38956262010366627,-0.0035455555092044067,-1.2904805177913217,-0.6263504136895519,-0.9096226534972441,1.971382067388771,-0.41921287448802647,-2.310421487566865,0.35414158514654537,-1.5301537206880163,-0.14255688660253807
4.864398320939516,13.203152554676814,1.7068005602647085,-72.06310348275628,9.065796446578286,-1360.4365387848761,3.3339027968447317,6.73386012855982,2.5061796958191245,2.2180655041755784,2.4173799621163816,115.36766694728838,51.186097579101585,23.114066048984654,12.095194494958287,0.43513253721683326,3.245414729542034,0.6391862882431454,1.448976936169937,117.06412567512082,30.309143031949578,24.894994527208503,11.771366279811206,105.91594245603645,43.3886572839083,26.756767450178327,-1.5475251794288076,-0.563574325805337,-2.0917721363575814,3.096658864975704,1.0076469812061022,1.8020416130739245,3.8323645063886236,1.2259772278480194,0.00477019639229375,-0.49312408362480353,-1.423197355934163,0.007973836610270194,5.4890558262699605,1.4182637526178423,0.09435718619501579,0.3956758209457154,0.11493435010624653,-0.10315684826037538
5.232398904980049,5.713305258267034,3.074001913879492,-88.83592435881091,3.090870119091833,-1518.1966948275756,2.8109106003068827,4.1604267795205985,0.5001460587177393,2.1129202126935285,2.847791011607044,111.25725610566585,48.09859208825393,22.66651172963842,13.154906843812135,0.23003659127433915,0.7618171349366591,1.2330113348197644,-1.654172261178167,114.69059825222337,28.510062094952822,22.35080298711881,9.393981394486708,102.18693472412681,43.129802363969766,25.797829022408713,0.6535322593036391,-0.3853430215989257,4.215980316308033,0.009535457429930845,-0.03820706371866353,0.24230121527607792,-0.7232687878285224,-0.17621070969354655,0.07333279790807559,1.2621407671672848,-0.11077353687587208,-0.1152544246769873,4.365271995086636,1.3174546067851614,-0.7641746121384451,0.3492118972836369,0.7090934239223121,-0.23926374161211728
1.3708546460126265,-8.8434227033841,-1.432050004563791,-392.1329165102913,6.946936024637571,-1618.6656712630106,5.41407295397264,-10.989745389003385,-0.9595976196797177,-0.7070610599314598,-1.26359717245874,-571.1637773855686,-182.42631502387516,-15.278191398015762,32.015344073111905,-0.2110237472865433,2.896952251427779,1.5454382084025204,0.20964050964454323,-574.7215943981347,-64.39684101243004,-10.597250879822763,11.882659152851584,-512.7430297255216,-70.82146857832937,-14.996659784364654,8.476455531227792,0.6931387691374169,5.040841184924225,9.456429506212018,4.767070826108594,-1.001759126197872,4.944982794552806,2.510083705308153,0.01247892628209768,13.068403816959314,4.945831723069676,-0.3671513711213943,0.30264962431789577,-3.6893602186715326,-8.360433533135259,-1.1282943160178034,-1.468386766274317,-0.11133919370932087
3.1041872004491555,6.582839005155345,2.5279287241641706,-26.094167592887906,-0.6793967985044289,-718.428261267557,1.4609682474180976,2.0935051178701336,2.4618373484780864,-2.0339153060083843,-1.6549532377925649,131.45305659414393,49.72228482188419,24.415476252588498,14.043782728137527,-0.9822339884911855,1.05961331970652,-2.1120091410032797,-4.098226823088945,128.93431309116949,31.228055730324638,24.587033961827334,9.768835667907748,113.66593160829382,45.43539988320083,31.33508840386372,0.2515212242492707,0.6098268612489789,2.233131662973297,0.9340960055735766,1.0255502133933352,17.456396609393316,0.8976416663961841,0.6248656054303454,-0.023590122535594074,0.6677672196849196,-0.05626162044275564,6.411293969874326,-5.4941101232537255,-0.7908102495805049,14.237930997251258,0.01458252089522201,-0.08004780792122859,-0.05442840876654309
2.4507203249161944,0.8610297203972652,2.127896089413394,-29.310714237201314,5.34667349511794,-775.3512821453133,1.786866315696574,2.492603468259638,3.884625683775044,2.7508993589396473,3.5454446683050076,128.55889860185994,52.056051027364845,25.29148088288679,14.210257749698854,4.2794466346796725,2.3127529872156956,3.0097466737549725,2.235716643308003,128.9802521151003,30.96744911583896,25.395370740181296,9.570816387305989,117.07383970316975,47.52048574896263,27.168296808612617,0.7087738041222783,1.2658262604927462,-0.21728991592539812,0.9867011701329585,1.4042416871400165,16.280064949275374,1.5654790867447184,1.092781230476191,-0.220043320871225,0.9308186691174634,0.17234774385774201,5.846954902486627,6.179403693934971,-0.5129300838255932,-4.652449390942837,0.521794670991783,0.5191355654540414,-0.03454018993212407
6.064053554534958,-1.3853699310409637,3.7449807585995574,-74.14092585069733,12.07569605311927,-1412.5370874325338,3.303192103785973,4.996857898167269,0.049216290678964436,0.8250752738403568,1.6889898494736237,114.02383609517557,52.07979818463913,22.643832798562325,15.593767046230305,-0.3065241887085075,1.0959872066267222,-0.10231017803079162,1.9411996688857391,115.94676262786234,30.40802557395983,22.668362082331967,9.868373694572892,104.6118201926062,42.27692278961292,26.379096937990205,0.8129573144340716,-0.5975108136285876,-2.704708779384327,0.3822503591224573,1.4113939799638606,2.2889873482332472,-0.0685949104248831,1.7385855568811592,0.002814665619787708,1.2369350758187967,-1.3514872535667215,-0.44695462761699084,10.918033949466963,1.470192686186783,0.3451724669501858,0.3494420359438984,0.2039573218852315,-0.13226883622489632
3.263187270783718,4.194538596911168,1.3922005374653994,46.41604663945254,4.608447426037148,588.0792377349755,2.736804005638752,2.0886387449326915,1.426523804000206,3.328772339666604,1.5301933907239633,144.65152499539033,53.299008683725695,14.548881543551202,12.694209962441418,-1.1111128661940919,-3.680685461907178,0.22425666773642197,-0.8827826421032473,144.8023531040776,29.55727380813441,15.917540066267987,9.48632185404173,122.22765699989043,27.44572737812071,18.304233764621134,0.2967359141692304,-1.1004535432272777,-5.5183197391787955,4.134716134537037,-2.8436918083964224,0.8255090676518249,6.3754828753794035,-4.309637946302598,-0.0007196452128734876,0.1516529583336924,-1.0688453602260786,-1.184085929214035,3.134070588256064,-3.574805568925916,-0.8830217848880594,-0.5903157292303205,0.232992966794015,-0.1009383968427234
0.5837236326152131,2.6011903329488018,-7.116633942456375,-46.25394331730121,3.2324885295279904,-1064.8019785020629,0.33916720553616997,-8.971788396625168,1.2326761890687055,-1.315273660011837,-1.0269868992611175,114.74605432318775,54.129020579626086,23.208805739428843,10.707851724284263,0.846306276819341,-3.562417647637138,2.0748408159372937,2.0749331364533554,121.4007137159486,31.00587411610821,23.136650789536546,6.65043561236334,108.98106013347441,44.83876653334469,27.512078287783652,0.2012889849986682,1.5589267018682547,3.3503960921214415,-0.23128799375604409,-1.352128357180638,0.6369013559116454,-0.44489514893641646,-1.905958942871785,-0.015573054188083503,-0.3173703146667068,2.1526406004118686,2.2637889849809425,4.799780540188874,-3.0705793149147067,-2.9175217315245563,-0.22998983729503786,0.18142023827319922,-0.05315295647007344
3.834776713356938,2.5069047186243147,2.335160065013288,-57.9772541384411,5.931574930167073,-1237.4129301394996,2.7101352404113133,5.727600389157573,-0.3691416149583056,-0.932983393806064,-1.3047065866513232,116.89498352677737,50.43951727406129,23.23811644713702,12.201260288417396,0.7255646124567046,-5.892034978407376,-0.03230319202270504,1.7194410785639132,117.74850028032039,30.557577884796938,23.640128159940698,7.848266297239263,105.83114006191282,43.193400094199845,27.042213704795177,2.518699650176827,-1.3095845536032749,-1.3294606939314837,1.2204753354544378,0.5109529028896873,1.829890204285292,1.6179301957446364,0.42050891142109537,-0.02143292534240361,3.192765904091037,-1.783507433511228,-2.6826313386031706,-0.22127150901825593,1.6577891019113322,-0.09843536072566313,0.3694269625713503,-0.005940784421649997,-0.08647750581363119
-4.789452840075003,-9.92088775731551,-5.474600951048105,-455.2629150698548,2.5474288086872408,-1707.978607491527,0.4757006714662637,1.2533078641754656,0.2506279659955716,-0.7320035410470823,-1.0748368335286065,-661.1733813041285,-224.78044667116396,-43.07949809533818,-16.962326936580236,-0.20638472166712132,-0.2897046628707902,-0.4338701435628406,-0.21530350915338026,-669.786143290321,-97.14801125091427,-42.79197059603849,-14.005632191274143,-603.6896270994825,-109.88896595309622,-45.46397400272472,-1.875739234997928,-1.4269408187079224,-1.2459127160361785,-1.465881804498521,0.1727720761390552,1.4970036987668203,-0.6047367724615936,0.2897082534968201,0.033145929956138326,-1.5491869581746507,-1.7172280188013116,-0.9060688315380265,1.3506013891274906,-4.719680248130266,-3.414301288470307,-0.07544382811408851,-1.5363264227728375,-0.09919833175092536
1.3631250269625381,5.536122152944938,0.8278045324101431,-77.29259170938519,-0.6608878894010713,-1429.4505792998511,0.8406378770364304,1.5739282645461077,1.9291626801275168,-0.9488421769212945,0.04359120806140254,111.76062236236092,51.14665084267336,21.803207475497416,9.84949369356135,0.07950487595992242,0.12876952149473836,1.27676725556168,-0.222995255425331,115.06640255701164,30.72291237677374,22.024109242479774,7.839892431617568,102.1718524846803,41.69142873585321,25.46037143840124,0.49331441042380675,-1.2294908098592818,-1.8500716520472806,-0.1838270111902269,0.1257707762956975,1.858106877422531,-0.593123211116992,-0.1917899041449314,-0.000907288333730924,0.6626244153263088,-0.3898717547951832,0.9727056556121926,5.785766540865403,-0.45542506219060425,-0.045637570231887,0.4745037497294877,0.16600363794982517,-0.13447178594700526
-4.881105602695419,-9.979105591981154,-6.451551196903366,-489.93851746939515,2.5063081638689497,-1749.6082668591002,0.5798638217059533,1.9319588328185082,-0.46781692527771107,-0.6254314091314375,-1.118597787135739,-672.227342872712,-228.26013748663811,-43.864345483312384,-17.987436822198053,-0.2914202011624363,-0.23516030055992965,0.08403912820074849,0.3996899997736056,-682.235699700767,-98.88153575298473,-43.91540478330432,-13.781982965058152,-615.1078072941365,-112.60895202972583,-45.80413889962084,-1.4712325932910488,-1.3181962989410898,0.19852552929169623,-1.1943571079784532,0.4701050916731017,2.5329622113429053,-0.10728446027015892,0.5951400811732913,0.027313003275591136,-1.4114084999106036,-1.8797576487336194,-0.11744978674371559,-2.7605817474444043,-0.3684232850362834,-2.183679107777388,0.35870313111975427,-1.5322774862046593,-0.10733383996445921
-4.510934321858895,-10.092938625067559,-6.009612076628486,-509.40212990048224,2.504407352726177,-1781.1033068286204,0.3795983183122058,1.7899330746644169,0.2322085207399678,-0.2712255392289093,1.4533850044130188,-680.024829250471,-230.8570393049339,-45.401153186682365,-16.823279788545747,-0.09999506827177299,-0.3813371810690537,0.15328728931067165,0.3702382745778546,-691.7771648867115,-100.46798217778087,-45.37639541825839,-13.84808090194543,-619.5770066771953,-114.7657811454566,-47.168990457305,-1.9086386626798164,-1.042782753031436,-0.8468666596660963,-1.546174171035036,1.2739246639305521,2.3115746700178827,-0.07529910930798002,0.8858901503084425,0.056731490775687565,-2.0256827687187196,-1.533631593969847,-0.31510777257133293,-2.518516871688822,-5.820264305171153,-6.745397101784669,-1.3438943616607952,-1.585629676853737,0.11947239598786656
6.1426044912471065,7.257372049242882,-0.5857779328058021,-71.64666794968352,-5.119089249605949,168.80818068742548,1.6348001656501747,1.85317981038894,-0.8086696884918817,0.44729342915740355,0.7028857097968519,136.31136977705228,52.84133671744196,11.394984924336697,11.064321633232366,-1.2103092993332654,-0.18644721415804574,1.8696186845505505,1.5835812545294627,135.12817461313278,29.640942920114284,11.85228715974241,10.483753006659011,115.8273594486908,25.834235035379766,18.753316363967137,0.27902497684566036,0.056339955167847816,0.3978362551395861,2.141909590298179,-1.7818512787922178,1.3749395220464355,1.1511357200715038,-2.240021365131393,-0.008521870820268465,-0.19598192827626654,1.6374881905524301,-1.8040105612082447,-6.967318535952436,-1.9825332991610185,-0.01764141269175809,-0.3430268490171265,1.1262081971664093,-0.3872223144733988
2.356388169129135,4.9256672370293675,1.4151431349499313,45.095245213976135,6.1054136114493405,579.9843973372748,2.0258883483579586,1.011873791972895,-0.7604541347776264,3.6810868181987706,3.3415997914940054,143.94513795875744,54.25926989537139,13.298114550553725,10.449906333358019,2.4383790900929023,-0.6361996528053382,3.233862733394996,-1.8702450837172422,144.8428978101612,29.85147432484685,13.504525461311442,7.090804128248415,121.76399533106078,27.289895950798787,15.662713064473705,0.5090064143111135,-0.3482412346545819,8.067161422772795,-3.3665627786503016,-2.606211276384261,-2.9069570106429423,-5.099765473700189,-4.154444534962083,0.0008808471880699664,0.718068081133048,-0.28027053979112176,1.3766538114798919,4.7937489632904065,-1.1346014022568824,2.28757854304926,-0.6078041079504632,-0.06196544175039995,-0.10264082574748064
-5.846082299398556,-10.298537960447534,-6.33475007018337,-522.8465264826473,2.49772193548077,-1792.5444067389328,0.17647979424035753,0.22488828984327774,0.8293363741768656,-0.6025363288588175,-0.7845150785023063,-687.1402824355357,-233.41458055657498,-45.74973650955221,-17.185071973737255,-0.43206903126980434,-0.4654858976935322,0.14423608333657661,0.25281736208090905,-699.132517040457,-102.30974668058239,-45.750223462702614,-14.186566243780316,-623.7304280950685,-116.24496958680895,-46.941017944428424,-1.8460409554857715,-0.7435678832683816,-0.4560581028876757,-2.0848690356145387,-0.49816612698928,1.123646000526326,-0.6656399777290781,-0.3238379691935972,-0.06005444761305414,-2.100807861520128,-1.32940865697856,-0.47695505648603254,1.4221934253357467,-1.8946411688904063,-4.209917444073085,0.6375693706870592,-1.530996473656304,-0.13162111662751114
3.3980375917367733,0.07525929618387411,2.8781918775662465,-80.76992028054316,9.935500141222983,-1454.3823334210583,3.685135211138106,6.298162911758959,-1.3078384370649074,0.7963159388770533,2.4167661170040424,112.58187905447721,48.57580772175574,23.012535247028342,13.520207499859916,-0.806619116811065,-1.0636308276870723,0.8469573366340741,-2.3957978007577445,114.59698986184168,28.579459554352,22.34822417283465,9.611310688277001,103.50220376934102,42.33071566393574,25.91979024093883,0.5321622853475673,-0.23228197828392555,3.318954568183697,-0.18030560565486095,-0.019893445486988633,0.09324492255579356,-1.3416694972330023,-0.08028951561676134,0.0011200352623859794,0.6123403582317906,-0.48821754095625725,0.8074892074110165,7.1308645246340205,-0.813952592391227,-1.0927766653269415,-0.07184083990102683,0.6402217798770247,-0.14857366762471697
-5.202125372162928,8.598389386838743,-5.9575145410120935,-521.4426834089126,2.497741470383525,-1782.9774668553546,-0.14771592152198637,-10.33159046007782,0.8277792597668965,-0.5970139833872761,-0.8038989815832608,-683.6296960191606,-232.16753995034634,-45.66588757497143,-17.03575785261943,-0.2461130476473173,-0.46171219897403804,0.09596838342115549,0.3325812231297041,-697.0921468416949,-101.52751238826049,-44.10880152856907,-14.569481041418394,-616.5850213813783,-115.20456115167337,-47.34990168270118,-1.7883725375397839,-1.4355358479589104,-1.0659786571489571,-1.770800261533581,-0.343107260276156,2.65757768628963,-0.6807475151927874,-0.19983650102661854,-0.046575443739870506,-2.110150276343845,-1.132398472612854,-0.22330969464297604,-2.574075266039322,-1.4316524181549402,-4.365353829583062,0.634787892445932,-1.5291816040094524,-0.1411875703455473
-4.341376065760181,-9.564757176202486,-4.874005169955851,-447.3209845636497,2.5352519228279826,-1695.5668413668752,-0.03070330323394456,-8.14120798758055,0.61769552062673,-0.9534943887596875,-0.8433689758724895,-656.0002603131916,-223.1112088562292,-42.60516707202086,-16.798511283629274,-0.2653232582458309,-0.8216385744149515,-0.36967523635612565,2.6616214556775337,-667.0590064647965,-96.33610165273761,-42.27880870702557,-13.817843891946508,-600.6206520935351,-109.17040723546067,-45.0109251777196,-2.281843096709143,-1.1890116652154308,-2.6455568550060367,-1.6555830554883604,-0.26224391909957573,1.4058888045777178,-0.5815449442180688,-0.27600187198187265,-0.012426828881276497,-1.4292965573754455,-1.4030422707137689,-0.7110360732070807,0.4339482587671858,-2.4018033536835857,-4.407833924685225,-0.1461054614316214,-1.5638684696611587,-0.1523230700130923
-0.3844844965383249,-2.0189713809019425,-4.3585734342605855,51.514748433882815,1.2175129768593689,441.6327558080788,-5.279371034972155,-7.358463586014963,2.697799143014887,-4.251339656081349,-4.737681183766455,139.32973057393394,52.36931317768896,11.993917013409346,9.710648195948972,2.8964462557991615,-3.5189964009667105,2.2232737366485162,-2.383916051739858,135.0041541514285,29.05428450557517,11.553243559316206,5.970105302515476,118.8757499636422,25.782701063658887,11.969611784551002,-0.8670692394304012,1.9401792437071415,3.066125371428966,-3.1023742519474644,-1.8023747190049364,-2.07863582910938,-5.166424788000408,-2.1089629548921596,-0.0017844410519098353,-0.598263145964421,1.3776954453257835,1.3820622965490392,6.879319398715196,0.36552222951112273,2.5490000738374348,-0.14759565507692785,-0.2665303101469701,-0.16814205018339395
0.22512841645945517,-2.989968680535133,-0.9429672067158119,-70.15282075098798,-5.69656207955189,152.6790888884131,-7.2404761178927695,-7.782561841874347,-1.504341633047771,-5.589628568775259,-6.903783530040769,134.15462063891425,49.409543394624436,7.254735744004822,9.537965936908131,1.551519045618349,-5.029502963084133,1.9548851102213367,-2.3721727194672657,128.98515179277712,28.035739333514012,8.663295425608478,-1.8512898714366783,110.54594170766613,21.028586996466174,14.733458290886343,-0.791867420478884,0.635780598009103,-1.8169718858606958,-0.286442415577433,-3.5500398046000377,0.4516881241156663,-0.8686064875376502,-5.379618390449638,-0.03665450084067099,-0.11187962334489353,1.4736434536332599,-3.995603760217428,-0.9092440856592451,-3.8749256135317784,0.012902369099385705,-0.4006311164479702,0.5774197798250651,-0.3226087250981796
1.2154995439483893,5.839083221777785,-1.726991368543726,535.4175290851699,-7.446064969339878,2703.1869429875983,-3.3497957985327207,-6.165921718220378,-1.4825910641107427,-1.1266772530715556,-1.5067789926605042,188.31657345400572,67.17026429085917,15.027197418477378,10.884039893335949,0.5491342605491808,-3.9989402520768262,1.2712997052302517,-0.6692422657226186,189.68414325328473,33.779062083604146,15.660617933364367,7.724992717329383,158.9167138574694,31.42444132242358,16.47702647448966,0.08284537539215593,1.6583115131557253,22.323143207348874,0.7803902365869717,0.3630960636933636,6.282263102941815,-0.312099553751899,-0.19431282555774418,-0.008501863571422491,-0.6402946016887684,1.1551871685202664,-0.6037922155187899,-3.973907596750016,-0.3426662412079493,-0.43846401189466355,0.5106731640292216,0.2016246131787216,0.20833221562327106
2.516815499296105,5.960966523699773,0.02268616590696227,-59.3998279728032,4.610774196709482,240.82461649988022,1.9834470301930271,2.2907371315732497,-0.14902763579172112,6.875733245215773,8.870656624781919,140.46809825226313,53.33136597909346,18.638392480388692,12.953006066783878,4.5352988367119185,0.7055668684820532,-0.9125839672821614,2.591867002966802,136.62089995245134,31.505485024648955,19.890319661710013,12.20928251479237,115.21454969603367,28.8212495857464,20.745478612226137,0.695652549879645,-0.22732488048321706,-1.2429277498076363,2.288921899554114,3.012000431231583,2.59179811576179,1.9388153447587217,4.832270216734348,-0.00036763559881695246,0.30742361143563085,-0.7740806852182504,0.256087749491128,3.720254851426033,-0.8025889779353325,-1.4765747970852086,-0.25770978578084136,-0.17004013538848528,-0.1255441915712825
3.8896891496198287,6.430709755676304,5.147013339893086,-38.73426973529155,1.901949793260842,849.5042367727239,3.828558280648383,3.8085518121665847,3.5814753559563046,2.5362192636924497,4.180635079444551,152.44433743074256,55.869817852677016,13.327280537195978,12.546011593411771,-2.215659215989957,-4.289176291395327,0.6374415559602977,-2.1234185955964366,148.95050656917056,29.806700099732442,14.427893284192685,9.59167610698806,128.03272473161132,30.296131721944512,7.689521868328548,0.390038536442042,-0.82189543733104,6.4237933050109595,9.312859211252526,3.9484787521262397,1.7011307164230633,10.155086882320731,4.70564921353739,-0.014118543413583144,-0.03091710665951889,-1.478411835273689,-0.16967942556198154,1.8115721056946648,-6.655413399435835,-2.501279921246368,-0.5444002825320581,-0.058800082135591125,-0.19575015544871455
1.2364236569820486,5.198338047410778,1.542896738692369,-64.76621293562059,-6.021304950353558,268.7663109267087,-4.903615643849507,-9.53892504514448,1.953376891650554,-4.970007183694301,-5.514545511944672,137.67195272723436,50.642006873705164,15.495290700554714,11.677978818980634,2.508367068090021,-5.889420972538449,1.5767248074157472,0.46014218714255045,134.41981377361446,28.27003782989982,13.035560533362931,10.016723755794901,111.57375070748526,24.823062173616233,18.63562664898514,-0.9991082798456273,-2.1878144163513005,-0.8543103076592535,-1.0954959940130016,-1.138312811120606,1.934042659107946,-1.3941426423782146,-2.5653494056896355,-0.003369674863701891,-0.24622010124856336,-2.175032956056752,-0.8981686726242284,-11.383604113291158,-2.8491655999021255,-0.8165137492697093,-0.06671774008578038,1.20060818060808,-0.15897396801323824
1.0270808186401772,2.0368849097996446,-3.3476360847225184,-51.802636178030994,3.1129354004803713,-1120.8187036414954,0.3395748417460141,-0.30830073617829934,-0.19016725909129717,-1.4095437071148118,-1.7457835859466542,114.0088177595329,52.37006580969692,22.93708678593145,10.360935805483429,0.18609032375571147,2.7951725316399525,0.6218970909641119,-2.7905069658581505,119.0419938052167,30.98252875662979,24.141738992446612,7.325900536590699,106.46316064357673,44.10891422831056,26.731017809406154,-0.16521574515372284,-4.533952463391371,-1.0279151429327846,1.03568789291522,-0.2518791363307626,1.601985710482296,0.7304388209920581,-1.0677786164525072,-0.05565650475574982,-0.5615081160625659,-5.561529214249231,-6.2435822329764665,4.699333288704558,-2.1359493731416954,-1.4884263185867632,0.22226542611923383,-0.05735179301469848,-0.1341829357459572
4.064564326486587,7.818706976349989,2.1302636439997222,-71.95098506485436,6.121342558519228,-1264.0804642795413,2.4602878050152595,5.491443499647607,0.18733708698336474,1.6092578506324193,1.91414304810157,116.71186187666703,49.459744948289014,23.31029301077043,14.907077708534532,-1.0184694444240459,-6.012419774864181,0.3402970694279542,0.6369964407234424,119.00874078080435,29.30725168056259,23.399457760686666,8.926028785082739,107.20507230449455,44.20145938322299,26.36564556799164,2.3715926713053,-0.7607071970931002,0.5687941172081256,-2.0705603712934884,-0.4861440745359472,0.7160829338806194,-2.6354581143774176,-0.6235623017226227,-0.0053029893304168685,2.5127942782830086,-0.5568758505857192,-0.47661591118237595,3.3931641784254247,-2.0546214433131302,-0.3017843287726938,0.3895800716900969,0.3534530330401643,-0.0407371453713144
0.5990471783157598,6.861803733828877,-1.5305490990235944,-76.69399978328603,-1.093028831237577,124.97307830607352,1.5232946478186333,1.8652708643894802,-2.6106563567852534,-3.0020500573131463,-4.381151379380895,137.08468204195125,49.675700591816636,10.076651638394798,11.90059766258316,-3.62904178316309,-0.5417514926743786,-1.2301891308848365,-1.4905160547462786,133.21614508080214,28.99299720377229,13.049590753351971,9.510740905382349,116.20385186070664,27.83211064156554,19.005769138671173,0.007902446208357934,-2.67285801569926,-1.7183693879166262,1.5604843823896422,-0.6818223531082448,1.3518146111951077,2.34228080170638,-2.1454043491855015,0.015319389491432293,0.2241565783879936,-3.2286734172550897,-2.8394013179016997,-8.519137092967739,-3.527080071227837,-0.06685810821997427,-0.31361899568358126,-0.3498035144198245,-0.21195812431922018
-4.2157261927558425,-9.773238633559252,-5.797741710452913,-449.0783221268518,2.6863847945327675,-1698.4100459703163,0.515314060287974,1.7915760686433593,0.15338244345639743,-0.3088132018920472,0.2503717313349673,-659.9820523396759,-224.6911785509004,-42.82055870428309,-16.92477946582258,-0.2357883207965171,-1.0845452939819473,-0.3997439662090674,-0.036688867508078996,-669.029883761919,-96.97963448690972,-42.700440209940915,-13.977706782745033,-604.6810904953314,-110.04852214996805,-45.112557449765085,-2.4071016867107264,-1.4525510585071204,-2.69242204413439,-1.5969074778557617,0.00015032459721234237,1.3868171807248038,-0.6665849412359093,-0.13171171281951333,-0.012551181083039237,-1.6881280631117672,-1.8154760874173466,-0.3714765633299626,1.857655298755831,-0.6756964319083978,-3.7368436096233317,0.29762614985686187,-1.5260266668824123,-0.09108643353883873
1.0848482488539533,8.165252196226353,-0.7305789837475929,-77.90496289866599,2.5173835192404495,118.42740022589646,0.9612228160980163,1.2597693595528825,-2.3341812630174865,4.022054300967127,5.327100020968631,135.40720822763686,49.14379034174405,14.333862149697422,11.68475961707222,-3.032243788604686,-1.6759021725582361,-0.860823231878419,0.04263151622819615,132.55304060706862,29.164925221295018,13.501222055192619,9.261454715434791,116.78996375398414,27.98355697327358,18.090560134939125,-0.24688901569414756,-1.0315160218777149,-4.545078780585813,1.0319049176482118,-1.9844725356319122,0.005463943301313549,1.0918982850893477,-2.747152388226271,0.016861803057229327,0.26078525989330864,-0.897243482631699,-1.7119881701905697,0.31697705381503644,-2.5801668626643064,-1.3570470043356713,-0.28349805201406064,-0.1850288427914044,-0.1156323777849221
-5.726653065946481,-10.028972794408956,-5.5875333511117775,-521.5360477820725,2.450761506313347,-1793.002483253749,-0.07434631511139869,-8.276463352256716,0.7848838865985641,-0.6669472290704048,-1.1552217650478909,-684.658935971166,-232.62251833872887,-45.730214095310046,-17.16240678122431,-0.3516212107302539,-0.40365717968414083,0.017197648298760082,0.1593189601886859,-697.6276462207758,-101.99347576653105,-45.47970169768629,-14.068046209609701,-620.8458255627777,-116.10701896178621,-46.877623569219914,-1.7774454257620877,-0.7527642916518165,-0.48807133167408384,-1.9022568200356869,-0.49829302646796925,1.1623844994457584,-0.6523461535594327,-0.32631424205747483,-0.06518948377136859,-2.0891226893070742,-1.3621245038430803,-0.9506874616201352,0.46274202788773966,-1.9047445505485525,-4.190258298646847,0.6377530829929178,-1.5314140399251637,-0.14950398841673662
0.9757684534011162,4.287954692810766,2.299638757595392,336.6719430453639,-7.486637442817907,2160.3072359066464,-5.189402847839813,-7.7014862398746065,-1.9543594951813625,-4.788391597332164,-4.290404570851039,178.06107100803817,67.03655324322037,14.335252209756465,11.827507619082553,-1.2903727147553825,-2.1891839918032545,-4.137504985868584,-1.6905414339854492,178.97568911454775,34.26293400157028,15.690150426344758,8.547207503234127,153.84826789668546,30.157668961901138,31.361357327493277,1.1658295304056072,0.44717607826581174,6.547552356717293,-2.458500407885632,0.21757451239297795,12.51319412270316,-2.9564852063112284,-0.6917197825839502,-0.008317971852479372,1.1857931728851088,0.2534813687134055,2.4033560905855196,-4.81773550789912,2.7171854361860266,-2.1284287453393,0.5934183396779554,0.19603966734907718,-0.10917248894436302
-4.338082053867903,-9.97058750942197,-5.27171280827172,-465.19687356443694,2.636913587426872,-1723.3548913469804,0.14419269327303044,0.0674332602816155,0.3343025463095729,-0.617409322944914,-1.2762577715877037,-664.8822660557028,-226.06999579641902,-43.21190385028939,-17.379474621053525,-0.3514054854984166,-0.6910509571768552,-0.3108088179152133,0.1574539560637216,-674.6896174574655,-97.26752710570244,-42.99779067819839,-14.02704848737469,-606.901643826782,-110.4199978930435,-45.64628093646939,-1.8933113508777877,-1.4458302620634833,1.1618750404993474,-1.5138289377916496,0.433555942690813,1.5404564426372773,-0.5877886472020678,0.38741460958634893,0.019134470294497753,-1.6094473534039533,-1.7196148708364594,-0.6357622838008048,1.996453942762708,-0.6768434382439884,-1.4409819724281974,0.3573364103231824,-1.510297197226437,-0.15252292447654825
2.5035282242572903,4.57120902612634,1.618471850344254,25.100820818634837,-4.2963774754923385,1358.6663574246102,1.7115977541260494,1.936700865230301,0.6958494762840697,-2.9926027166897478,-3.8072388713046705,157.44890956534294,58.80370799652696,13.329250279887908,13.578038398293389,-0.10305913922472615,2.762580741122077,-3.0044936564537936,-2.121676840991226,151.07459592844896,30.82077570924856,13.961747315248862,10.051371951072698,138.45457843128966,29.126456095100192,19.62237400489791,-0.3890544781957841,-0.2212611038107017,-17.20316008146508,2.93097414653555,2.4298924389997825,4.3523890495368995,2.3676716687060813,1.5802188927017815,0.07969933036336221,0.22489780144368074,-0.643944871539983,1.7577701786223903,-8.700084987072023,-5.731038022082747,-2.8102642101072544,-2.6669786934697477,-0.8369381262758545,-0.127795829823099
-4.823584344973273,-10.121678399110687,-5.979143301623873,-481.14931679275395,2.5323798461261973,-1742.673349278023,0.25051812346071145,0.29434857148248333,0.2984403687763154,-0.6323842221713837,-0.8756149155281702,-671.9467030044242,-227.93277223315295,-43.757813466964045,-17.545788964860844,-0.3185607436781599,-0.34993973306499015,0.17703423007014946,0.8073644599962421,-680.55078720071,-98.72157601999764,-43.88183985892993,-13.855281882102929,-612.9879890578048,-112.1008694411335,-45.906187272994835,-1.4500534795019346,-1.588152244868283,1.211622751882453,-1.2499823275210253,0.5820879865310716,2.092839249986433,-0.1846859235473095,0.5480874502232213,0.010946774207119127,-1.6170375088631046,-1.902652542599173,0.21831778845662003,1.9840536007549037,-0.579094116492584,-1.4005441798279807,0.355926175945416,-1.5719877258527684,-0.1424563326610752
-4.403100830780436,-9.82331033291194,-5.574101112976879,-452.05097729927627,2.6900345258949847,-1700.4446466030058,0.46794914925744635,1.3778021888801708,0.2506867887898775,-0.4407602510401985,-0.29746198216761877,-659.9137461058784,-224.49403251299867,-42.74827836673289,-16.81885078137423,-0.2790713674117994,-0.06438421942656238,-0.4190828655846016,2.679329350690074,-668.7292038761565,-96.95126522430743,-42.571645741079244,-13.932430904461224,-603.9025805390246,-110.00887548664788,-45.125275784223255,-2.235571363703837,-1.4321517391855616,-1.6159079013317665,-1.7462978259740307,0.1416532650626563,1.455869030361319,-0.6697803214789319,-0.015090090618596425,-0.02203569843100901,-1.7364497504240577,-1.7454687339474289,-0.07869976565983601,0.5905688829353982,-0.8363994589494519,-3.704472617713261,0.3120288583977937,-1.5258784523131084,-0.09169500633586845
-5.568305325137121,-10.23537023982122,-6.318565916192626,-523.0655462799311,2.5189146273843748,-1791.3223588900469,0.31638345298183856,1.6623875437426303,0.9295642616827835,-0.6912759475837754,-1.1329320502497657,-686.4542569218368,-233.32483932385747,-45.6606453004275,-17.05658376173722,-0.32381339496151584,-0.31210114553155954,0.3084011193039849,0.3129469448429956,-698.7943743892803,-102.09887835223502,-45.656162722690574,-14.02996231896783,-622.9799015559536,-116.00932892841764,-46.8269072336167,-1.8240514170514393,-0.4829556324084273,-0.11568588382911973,-1.918415733720901,-0.10523472292735811,2.8873301202162325,-0.6795914393853842,0.0624153432798631,-0.06259398910324208,-2.154153196522642,-1.1211562666240678,-1.0572088419435373,-2.367764668137897,-0.9083303294369196,-4.124446691097922,0.640482155571227,-1.5498106703144605,0.15772556779895217
2.9788343041798613,5.952893881206409,-1.0946583603322775,567.2050829125154,-3.743039595061823,2806.906692147635,2.165566328005999,1.6215197389160558,0.45089527633106824,6.330972566405087,6.852388900307405,190.15519412323013,67.58318965961512,14.139831027308407,11.32724580714541,0.8503889748785517,0.06404416053131409,2.5107977680948435,4.13483872347377,195.3412392995561,33.61262727492272,13.98359176339498,7.912207555930929,162.5295646587954,30.825287251133417,17.450997658095865,-1.1455103065281307,1.4460591784054244,27.78647927574821,0.7360989108829438,0.15642314422339695,2.7987304980382715,0.03987287609637266,-0.22029319988764773,-0.007333902097416467,-2.729115698060288,1.0699807281381313,0.4717219363707471,4.925864606002961,-0.621790310111584,-0.3613784434418944,0.4693628810570599,0.18678351849985625,-0.10004567442437942
1.0692646154262024,3.580244800948169,2.7411639174348554,-87.7080807600193,0.9054912462085292,-1515.8292685638316,4.211069827523766,5.839515965684916,-0.5173121140327355,-1.2414056997567837,-1.973729905798781,109.9883041766217,47.76748947440916,22.14804579921131,13.847829406293835,1.3104323383909213,3.7363265833078954,-0.4517534213675593,1.4785060931970158,111.64038245824973,28.827909410545406,22.731510167122106,9.103203113962,102.55649171287216,42.09876413887245,26.62495101982217,1.39005503575526,-1.0994785648727254,-0.8106901805782434,-0.3597091542295162,0.73945743888379,2.179078532199238,-0.40206463105905926,0.7582798328727309,-0.013637138308867654,1.1044183994747627,-1.6461184538135125,-1.5213066126866697,-4.754530895070193,2.7912737523205706,0.29066429074725075,1.0160305416029727,0.42428223047017133,0.3863488401030352
-4.038808488368278,-4.251958380366323,-6.6982673249138145,-30.254870279716872,-9.379053187141983,-748.2273512118362,-4.86862014028167,-9.278974594858253,-5.368006197503027,-2.877797891317,-3.281050575960724,125.35798882676491,45.860408234100234,23.468111164638454,11.697051386658476,0.9650718345567635,-5.186744177916221,0.9653083625051024,-14.18144514969997,122.9610933307245,29.691975090572807,21.255511818245346,9.671176574286905,108.6373788638126,43.83076025385136,29.566561660264515,-0.9071345131461277,0.055328182983247993,-1.1416023469894145,-0.20924131037977894,-1.4871349391718134,9.239719535435526,-0.3502071006303077,-1.8067968351364916,-0.18074614525293548,-1.1257736228680535,0.2263239871297612,-14.16816920293365,-7.13822714725156,-2.4327518881329357,-9.42437245385352,-0.2112380382793842,0.116023595029761,-0.1063907060650823
-2.1007039700975256,-2.025699181072823,-4.172333246373318,523.4373326828793,-8.472458218055577,2612.458886944394,-9.221783760156399,-7.765650767560528,-0.9705884792818217,-0.5575149168173098,-3.001158308677275,182.40667480522276,65.12589286970592,15.504158371742578,8.58341818583686,-0.16188879611752227,-2.522246244168165,0.7976824138535242,-2.893185955433246,183.54126930102956,33.430118324377894,14.482009324931445,4.364127750328936,156.7583581769102,30.391240934811854,-10.849408157286188,-0.9781893693506286,-4.4973756352916565,-47.757962633006905,-3.3354231810456008,-3.683082380059876,-18.424002307449122,-2.9604457065874277,-6.206024844287387,-0.008416244939972145,-1.4154217589193956,-4.415839848551777,-3.953201382531998,-5.998988405468514,0.05966206652256276,-0.31609952971288785,0.4805809726651521,0.19279197862651165,-0.20832947897771226
1.5951650851863652,8.962366754478683,-0.11355347771657694,-77.15096121447594,0.29345533728525336,135.24841505897834,1.0382268646552977,0.9149104014596365,2.131679726657968,4.728337256369029,6.2050754498616865,136.4199983973213,52.753406573548894,12.392259172238258,11.165114932005073,0.10177883866121964,-1.557030460384219,2.489297570623229,1.9615915673293565,133.8218835533376,29.325523445099975,12.691214244515507,10.667632244783873,114.68321822971282,25.160498627249225,18.313302734131433,-0.38003784422052245,0.30851881350889343,0.12378714371654226,1.103846006217992,-2.125515962414418,0.45324684952164285,1.1073954533648318,-2.650596564945169,-0.03128660279311469,-1.0086643966277464,0.06489990406210178,-1.7956209395505052,-0.18595884485705363,-2.4199682632554116,0.023269190769822756,-0.2986345551317128,0.2897099470364971,-0.11793501477195235
-0.8801272700968115,-3.7359947420390225,-9.872388719049408,-84.13251725219865,2.5129242287377664,-1483.7320741226397,-7.588290908692907,-25.920357828551243,6.3646832222698055,-0.5625766950117705,0.48214000078255487,109.34161390444045,47.21728210343354,21.850656250494858,11.333224757371644,-0.1720254832319396,-2.7116012565732346,1.0992127394337736,-3.6807662567913004,111.99164831972607,28.06668889252658,21.249221995752887,8.617768553126348,100.57310398607842,42.1821224543219,25.629485956384055,-2.254427991430118,-0.42771001428308036,3.8725328498267255,0.34366388864370123,-0.841051457144385,-0.05159791670974542,-1.4846928122698246,-1.5964560572919202,-0.003438360479194824,-3.8177503846035457,0.6909581461744453,-2.454463141958352,2.7117941660861216,-4.702883920574748,-1.1275554500218459,-0.004547470887106386,0.4042858206842215,-0.16926647625691282
-3.931698015949663,-10.16889167951662,-6.356761183014368,-521.6481327783561,2.5333019862657236,-1791.671784435495,0.3201799285605238,1.1451022654278398,0.38687462526682814,-0.5554913462235805,-0.5701348175357858,-687.1595066499802,-233.42522646738377,-45.47820379747578,-17.121478884874005,-0.37231956750928996,-0.319321282432931,-0.36492350160950937,0.22228247479697644,-698.4450304585732,-102.24243050191795,-45.6571747174771,-14.08752353554596,-624.0000286764987,-115.41548361751158,-46.82245280178259,-1.8478912005277486,-0.8018032393260226,-1.1068061638517628,-1.9342005519042267,-0.18914520821097403,2.1268863977951398,-0.6204069297972014,-0.16849491985816872,-0.049223281205445966,-2.136051035921151,-1.4071305554935858,-0.48573201866395266,0.6114633328678701,-1.4435078757128625,-4.244715549306229,0.6032534055477997,-1.5420455835854998,-0.07437347565711426
4.583103381595112,5.992463918005485,3.630653813466496,12.24274935878777,-6.667236694502106,662.9822876597051,1.4254955701360537,0.9852889855969933,-6.338744832574908,-3.1936324994180154,-5.7566640172898005,146.70852311263528,54.23089657328227,12.406697077875899,11.333090427525777,-2.91788542379613,1.4642923157805925,0.37895120690676853,-2.9814604495716015,144.36936460089044,28.905357717257907,12.768773376725873,7.008550221687818,123.11284448985005,27.30861728145782,16.088342433646652,0.09510598995536879,-0.6759371615311405,8.051163585063074,5.367400169980371,-6.013292891285335,0.37098719385521683,6.0256199762508205,-6.274130834817611,0.004080657722151423,-0.49176520962644843,-1.0768967372979288,-1.7880314976555536,-6.182477587134859,-3.4118700867869984,-2.510026813743556,-0.5938505574968034,-0.1796173562968993,-0.1604813815884795
4.395846763023886,5.399970842767585,1.4272060812549714,-32.93180393788413,4.852632829071444,1198.245517452391,1.6432627176317305,2.2952216454797827,0.8995187758949926,0.16154866353986325,0.19547296290172902,154.4997312055008,57.710766176362114,12.852922984723117,12.605011058136428,-3.157873433330343,0.6556133899432139,3.123297334405807,-0.1926092813505859,146.145250575709,30.557633674276033,14.029419959413312,9.238294767086206,132.46002331728866,30.460643075206846,23.241740845831586,-0.31504214568831423,0.20052516392395645,-4.6743025113343135,0.6012107858268476,1.5942932937618732,-0.44309501561410986,0.4327284124698124,2.0233322910849596,-0.03836547300092885,-0.36065031038150264,1.595314622922413,-0.5000412308344105,5.2426080600999505,-5.277306400662045,-1.1123435153928902,-1.0325102129252728,0.16930643226535885,0.01599462540774388
-4.5286146425037686,-10.134583823907745,-6.143997911653113,-483.0755582395481,2.6014082812653494,-1745.1231634571632,0.33177019987153034,-0.11926051457748005,0.2218818650441783,-0.46166493526122926,0.5581227303055929,-671.9515418399949,-228.4629899011627,-44.092266181836344,-17.705900876854454,-0.32105005978279366,-0.3448663454956238,0.1984819076438174,0.7584246737047623,-681.2433092101612,-99.11961903791827,-43.99695354688799,-14.184005644378006,-612.2043647641424,-112.35902315104121,-46.12895586813154,-1.6348737788532002,-1.971202778824717,-3.136091928443846,-1.4339080440554663,0.6228129985436107,1.919558929867375,-0.38227009494262143,0.6436582719294129,0.012496034461577855,-1.7591174969318404,-2.222556866993807,-0.4780480773020431,0.5257556760175024,-5.001337354655417,-5.4640640521970925,-0.08483363954594336,-1.5294545127419235,-0.11380593811915025
0.5521798738622974,-15.397289832514751,-21.55778386931601,-87.80381624537833,-7.960043883340245,-1553.7160677240493,-20.60567960472388,-40.21536333354892,-4.450252104354254,-1.5658151772417315,-2.5752881104465803,106.63859420146301,46.1153394135638,21.58181954049695,12.43088573975694,-5.302306716110081,-0.4350632204726071,0.8731745513434546,-5.13433093757508,111.40253841201812,28.89710130821371,20.15534483957463,8.756130628517091,97.899387962726,38.549399772764076,24.367014864244123,-4.877841101632876,-0.7777413142223771,3.8688874623228813,-0.5671773243729539,-1.1160934541843317,-1.1785266048905298,-1.372557063693069,-2.038533521404403,0.013828628226843095,-5.820170759668387,0.04535455639754781,-2.521931538318072,-5.4698441088576875,-10.774379051579988,-1.1922857643985143,-0.06373019030147836,0.5410718842965732,-0.4388559532419313
2.4510834088731426,2.1849698120443284,-0.19421763139024226,476.36390299026925,-9.595685007554243,2568.058102398294,-6.613334975609976,-7.537327814283971,-0.6652064881935624,2.609759905412387,2.2715138350581605,181.39885371145803,65.0813319183147,14.228990784207053,13.06874527710318,1.0437304213081475,-1.4010870800740647,3.4792960654140224,-0.4706933339313647,185.98855024876107,34.077292048891366,14.817793931851474,8.631791567886639,156.9693602559799,29.634440530135443,21.57623006314916,0.43363497849037697,0.4882704185208363,-24.920234120983295,0.31228490648750795,0.2456335856956095,-9.822227011649304,-0.61804936755244,0.4241849013464028,-0.006447089572425707,1.1335837905092256,0.45391752967978116,0.1913274573052289,-6.204464843035045,0.4778167246684146,-0.26847735517177024,0.47199086084291164,0.26364623392296144,0.23514442988747114
2.8894464631420127,4.315853530240478,2.0494410253695055,120.50878487745223,-7.214806596173935,1719.2254375095033,-5.308982669544445,-7.997068049930325,3.4078520786318593,-1.8384939601022103,-2.905900540116817,161.3449457471199,58.30386713861999,13.44979328800115,6.687519670735423,-1.8547297311764828,-7.11048644750245,-3.9091737463787313,-4.622701500073177,162.76007570889846,30.756024467994784,12.414946861744886,4.423618647936879,140.07764324343725,27.455723982942292,3.8657934415289166,0.6579628177510699,-3.869979580846436,14.429832991531486,-6.0738581750638945,-6.32815490630674,-9.81243668349005,-4.707769231072136,-6.540128624662303,-0.007573331137344708,0.6541142777900602,-1.547615390788772,-1.4144328022331123,-2.842621751067326,3.8899690365817277,1.5084480327331675,1.419288950053058,0.3084917975232909,0.43700174391346114
-4.299139773257455,-10.18083640399149,-5.935266804624399,-518.0290202083928,2.5617635397968814,-1785.140258599555,0.3422762711567855,1.6791674114505657,0.6166382339678576,-0.523809714883761,-0.41020071015198434,-685.0967170977461,-232.61596366754284,-45.46430037947312,-16.95702977722976,-0.3750861942222018,-0.45782496680086027,-0.20971526635681087,0.37822440069829394,-697.4493995966352,-100.7275413338596,-45.51144026199922,-13.72831419018226,-623.2037109323479,-115.36376301034377,-46.67940043551855,-1.8431591591196852,-0.9111752527663897,-1.2153589399881881,-1.6565615848319886,1.7133156735828383,2.9136963000504066,-0.553814561320255,1.1479508200570931,-0.0472635132592268,-2.076136812982381,-1.4729858902171453,-0.07311213214319473,-2.395726621082919,-0.820854541995442,-4.062633851181113,0.6047758710615709,-1.586205972647924,0.10442064810677364
1.4226463353964882,-1.7713490702143315,3.015882701235336,-78.73586576970408,11.103451305768536,-1445.4735839574273,3.846620991700235,4.569512938414349,0.9381609098632773,-0.4628260353504434,-0.4388487765610414,111.4125755303236,51.82186546626045,22.648700472371516,13.76626001991661,-2.893227913323904,2.4975090205113037,-0.13423038040246277,-0.06480031897765369,113.55485184973662,31.5001348061544,22.819571606868937,9.30158060592516,103.34148170192937,42.34084679978823,26.899230644118518,1.279794258296056,-0.9434211777625415,-1.4078814202691643,-0.5061782396322058,0.5700716885666594,1.7098626843897182,-0.6499011534695212,0.41900509100994887,-0.005094980654057016,1.2708135754332213,-1.323417487063094,-1.8283394465429366,8.086973580952744,0.5240681038161381,0.05837840026348745,0.6622524439772578,0.43515248995245537,-0.14569838964971055
-4.7573389204530905,-10.136874801183705,-6.1454039501254885,-489.8754713966629,2.664231190801867,-1741.707848783595,0.24001467545997707,0.2323439102351395,0.26676183068618087,-0.6089340918525187,-0.7984384355189788,-673.2041064841859,-228.4129638025555,-43.84098054271513,-17.936542299569705,-0.20769963517596415,-0.30819186450293445,-0.03346332797191648,0.2984171477367758,-680.7832246213711,-98.97309703146351,-43.95396219079067,-14.30661472906936,-613.1699037098651,-112.97676495139342,-46.51323427088834,-1.4800328866341683,-0.11721361377785446,1.12940026711068,-1.6922755706957378,0.4192780142185416,2.381290377588032,-0.40299112066607357,0.5326210014288646,-0.010719712131148668,-1.5063170821763443,-0.4734257730163063,-0.962569048515717,1.3962291282909511,-0.46245023262889395,-2.060496351776109,0.3525510960060989,-1.5299856642822172,-0.12681008654264203
-4.6441859348646295,-8.827973474887882,-5.595952128467307,-431.1345616805665,3.246785736164553,-1665.3964318473602,0.9807529304786653,-7.934948913957461,0.7518757088640051,-1.1183671956535868,-0.9886688721089784,-623.2120661466663,-202.6572194480968,-33.42519813242145,-0.9871189743721916,-0.06414578848607491,3.9282903717366855,2.321260937010953,-0.13924528090834853,-623.6388251704909,-83.33268381427355,-29.084848110964572,1.540996977879138,-561.7814815030255,-94.13943145990112,-31.69240308784939,5.70523381524305,1.4208649245036231,6.6500676206603515,3.8850986692489418,-0.6244497351905538,2.6505138890480358,6.176820202603643,0.8943880481549819,0.009254561935445854,7.360048911299362,4.427537090721738,-0.8495017943608225,1.1178371990409204,-5.4661301449379724,-7.828573590451268,-1.1261209058961303,-1.5117025220938134,-0.11870610062503349
1.0119055779535642,-9.317000159199008,0.9335370004185627,-85.55712441802503,-3.085399584153963,29.175430388335062,1.1740129731699254,1.3692267149804376,-3.4969573742894546,-3.9039251019351404,-5.75159565873374,134.8632701785077,49.37318556331524,11.504771276276015,11.356538291101831,-1.8945636922088709,0.805505982559573,-3.496311467168299,2.6195191927943586,131.29205595789614,28.755646977271226,13.227737614181116,9.05310034938589,114.66027872596864,29.451284714084707,17.801694633225765,-0.34215917838386967,-1.1229553005581852,-4.937551895497744,-0.14286214846454065,-1.7372308531502851,0.17292595178279405,0.00996623153523609,-2.420930741720356,0.01875913989131705,-0.45843020775842813,-1.103074969829103,-3.763176311919551,-6.937156767062555,-2.3138875175993854,-2.031683589687798,-0.22400743026131642,-0.39148843682911916,-0.23184029712646587
4.071892064095097,3.9483416621530085,2.2782410315548525,-4.662977858848012,-12.332648697833934,1292.7787123352318,1.5826473046419118,2.7066420796993444,1.0381478384478064,-2.6816712664135216,-3.704007892920145,156.3125840063977,58.529318253946734,13.271803483036297,14.583466096803935,1.5703793777018686,3.6282333175550368,0.7551623435580295,5.409547504979142,154.3731578817686,31.371305382624016,12.844950414040625,9.339999087779931,138.34364690640197,29.385428814346714,20.03082832060572,0.048313101963320386,0.7463557065583646,-7.455789316614431,2.660161820314573,2.7780357303971495,6.230231098641684,1.6874792123498445,2.3434656936660865,0.10335588081362479,-0.23218340893921238,-0.4153898094719695,-1.3331644694788871,-6.472016219472166,-5.571247181354275,-2.504637837555766,-1.7008444050385254,-0.07378407769497716,0.8194618797697306
-4.600430269103757,-9.921977848073658,-5.948188021730899,-477.89070782128175,2.634373670404841,-1740.540658797096,0.2994335519520177,0.3326965651888176,0.6458817965649377,-0.6228663710923092,-0.9398643874647704,-670.2271437333792,-227.91383428355476,-43.66148460365706,-17.424595159661557,-0.32261504725205037,-0.4207355282949874,-0.045824941329626945,0.9045687367625256,-678.8270398107126,-98.7690529389435,-43.71314478888694,-13.774262368203086,-611.1327489460172,-111.67421123326743,-46.03124745819013,-1.6364906265724797,0.2086157415937102,-2.734352723947207,-1.40172232998872,0.34773237412918,2.1183000677798285,-0.32756610135942177,0.45925074415967904,-0.026965334397328657,-1.619669942760899,-0.04310533169315356,0.35465995603754874,1.3756754869783878,-4.59567435887987,-5.158133277328271,-0.08557565616040919,-1.5703212771959119,-0.10341323148477986
0.2218587067983439,0.8261460008403403,-4.624395918152966,-60.10359330967996,-18.820940030941614,-1128.394868927719,-7.054475826774045,-9.402180260792047,-2.6664480630240814,-1.3763213107732006,-1.6006990188666774,112.72193427968011,49.22849473633691,21.78581181234232,7.9237192758442845,-3.203214437608474,-3.581558732844346,1.1051033782665427,-8.16703355003612,117.70491393660721,30.417291595327654,23.112744955123492,4.321193551635159,105.32959285824633,43.81178433712465,26.50214117181772,-0.889385231302485,0.701625642464613,2.494585205182323,-1.4069317031731603,-2.4596421109024447,-3.172858515629572,-1.934894841783518,-3.9446960402989037,-0.009662821536933888,-1.4982052261160101,1.6389850923024816,-0.5854821041350782,-7.985162948132768,-4.011233791427776,-3.192823434931541,-0.7251254429038508,0.2274376529375579,-0.09633946267128851
-3.9612868864190327,-8.096867926164553,-6.063393125380267,-522.2946885452407,2.5000277767647527,-1790.1816111245291,0.15259574185136437,0.2449481560168401,0.3604202852382402,-0.47877405937374146,-0.4537443400515637,-686.9194132557335,-233.19909767177663,-45.57585424892075,-17.10668484126067,-0.42371663678245164,-0.20916940624064395,0.05304942992282141,0.3529789767789227,-697.6502831381273,-102.24778266883993,-44.40722950402235,-14.078705312883667,-622.7957439694612,-115.76643385605209,-46.85804571996925,-1.8489195234477276,-0.7888897897996834,-0.02363061463626833,-1.8984623972085382,0.23231091499891598,2.723483597490478,-0.6647560045608779,0.015224805233601826,-0.059228951467361894,-2.108848934874764,-1.3995553486811527,-0.790241835495754,0.6212675478269448,-0.9148447003225519,-4.076732809558209,0.5980070589057561,-1.5284703291973454,-0.11450113756656265
3.0291295315066233,5.640968578187596,1.840271654200322,-46.18050514141602,-2.484973566174221,1109.6162870395638,1.2919218953656613,-0.7984454822252973,0.7661860896684296,-2.0236481487345563,-2.0690927485699424,151.50831087556028,56.04478240863032,12.879208150402446,11.225919234841408,-3.6552922906611696,-11.504967083576243,1.8841579215886228,-5.9811479647871435,144.0480225664761,30.174681779791545,13.88733729561171,8.584784875444182,127.372407680697,17.74040909452846,22.523758618344733,-0.26643598090312215,-2.613591204391709,-6.235325207559287,1.6560365068495897,0.047191110453986676,-1.0320563699418739,0.9082103809636257,-1.374330030180913,-0.04077230281989175,-0.7092903410645794,-1.8008067010833222,-2.8348818892542225,3.390342403235671,-5.674152541516517,-1.0507856281805443,-0.8830347920688789,0.235440224173741,-0.04069413616169848
3.3469119269926693,5.462401331404709,2.078643275833747,384.3574071087726,-2.106936918866491,2204.8733149716427,2.2864594299576426,1.6307973011707149,3.594112489073261,2.7073494007731815,3.8736234954513593,179.45260684393668,67.54931648027848,13.781935931258836,11.749575561570618,4.60668111578338,-3.0841733072861666,6.996356947418567,0.25878814961398366,181.02380365311453,37.23366191641045,17.227001646467198,10.082942296164823,156.12756126906112,26.66251544863247,33.11424953596683,0.7928391815691682,-0.33405094900377774,6.459746367202815,0.7198170681265859,2.5133992891467734,14.63438529877282,0.2983545922926063,0.06297037341867162,-0.004864277746112089,1.500445027518055,-0.24432666094252353,2.811977091750854,3.089225912822487,3.252269261353923,-1.7732280039047508,0.5635840203886854,0.2169668033796957,-0.17443027371122066
3.316472281198633,-8.041901746308074,4.54989126029902,-94.14393061097047,8.666707959867658,-110.76476746126535,3.4090872799517893,3.2560992212699773,1.3124335234443973,-1.1031225143721026,-1.2504191380500944,134.11410711880288,50.677971323506156,13.19451906627539,11.450255031218086,0.5379581317006115,-0.46618988681429946,2.01037886473394,16.964938564626607,127.5358615732835,29.859623928053164,13.540550125770151,7.932888084324582,110.98385877141543,27.50273392123867,16.928612206930225,1.4097352836058683,0.9644367112068515,2.0252471072590175,0.48879327260876915,-0.006627898850952858,5.532875708162981,0.9524058489456021,0.4348412809555796,0.001269047259018996,1.7302976907870706,0.059450297573936606,-1.6002720800248256,4.096691351579719,-2.720444606260098,0.23592210277375097,-0.23331640220485025,-0.16671033429159388,-0.15001881174063716
4.0481979557466135,6.029415306851182,1.563652548896695,-21.85128586305998,7.661065983722634,1228.4802547310965,1.6211002458591397,1.8920022022031406,0.3206581853055468,2.622415329473277,3.060481433297323,154.36250470360304,56.19916054823745,14.497474194958233,11.749173660523642,-2.3975799669722426,2.431615913650026,3.7172272342506654,-3.1597404061975003,146.95110203336483,30.82387426815756,15.160521863798266,9.768058471155081,131.1333139412917,31.04023002054313,25.06776166576969,0.20071625949119493,0.9952818833522323,-1.8635282261081663,1.2626247972388789,1.6202649336895014,0.4710326616026141,0.2277660224668186,2.646456121216933,0.01932028010338227,0.8114289893442358,1.8009243394281353,0.5316184197811819,6.65611613172386,-5.4035217268090445,-1.62966204826541,-0.929446661740066,0.21161871011619965,-0.04269289663878936
-4.373048696256429,-10.300180640499933,-6.303898388162367,-522.6467026191418,2.54294444182203,-1792.693699590246,0.2190570408083456,0.33186945146931407,0.3739563816434016,-0.5862440323082083,-0.671009454033166,-686.7133018470633,-233.33813925976204,-45.601093120086624,-17.131146399391017,-0.275928074235005,-0.2978448599465887,-0.007003620143271216,0.25256010734297624,-697.633514010567,-102.29702277437082,-45.72948439922714,-14.081997524329433,-622.8348508467805,-115.87215097254136,-46.801312123875014,-1.8535346353305233,-0.5398345193693221,-0.03132659044963383,-1.6813943345522744,0.28387192621376767,2.7612060284724778,-0.6684831891176842,0.025926094531646085,-0.058931983531432246,-2.1254112451885425,-1.1339602402950164,-1.0881670517791346,2.0647435616416008,-0.9143098624587234,-4.06654014547647,0.6064525423327253,-1.5300278156660112,-0.11451004898856136
0.8457658499206208,1.7361276331044988,2.7144656098000697,586.0256915302741,-8.877274150654031,2848.837172555098,-4.9982185317575,-7.111334203304738,0.7871519738091648,-4.338483133877108,-4.572312633141103,190.1469241447341,68.08174425015504,13.452024805189202,11.088654414534208,0.5743180834114151,-0.641883982369769,0.8162538954240756,5.106787598958745,194.93597089499156,34.105174957062616,12.838085392635554,7.775568483603914,161.43311803948887,30.56867885142122,16.40265044844949,1.035490809686734,1.203886996949735,29.629407772694357,-0.016807913064037963,-0.41220822621323044,1.611914121771289,-0.6206078735863504,-0.754515282743413,-0.008483356042183726,3.1323450105277173,1.7210036723112705,1.6098807125499002,-3.922136042346317,2.508702585195207,-0.5155420441642783,0.4334339624464584,0.19350609978551198,0.22808940751739035
3.665446454910756,5.057640010249541,-1.124566781255016,28.141321370501817,-11.872483512099157,524.2019286363768,-8.751034421550386,-9.294934013274121,-0.9791071411230418,4.014003414753652,5.546239473272352,141.548249705461,53.116665407924906,12.968369227165368,11.642809112362942,-1.1025319284726376,-0.3748905219288914,2.3433411670689708,-4.017063551804035,141.44894373424202,29.37542208000642,13.908414223344325,9.046768539528898,119.63897881552813,27.96584546818959,18.431099148314996,-0.5973303054219443,-1.417490744200109,-4.922753548395591,-4.497265428050802,-2.946331791747188,-0.09786245994683417,-5.781446986994812,-5.417223046533526,0.00014390570110293932,0.05981699786562751,-1.6566897003455314,-1.7931354841981784,-7.540510676925118,-2.9694809755702605,-0.8283496614544733,-0.6044101719301858,0.25816003308000773,-0.1688165966997751
0.6571007774225096,2.8927521201315525,1.9578258099713415,42.4083814167664,6.953955304745207,592.4260761721304,4.2261596248091475,3.0813190890315476,-1.7433455512974523,6.638282356806757,5.400167364111736,142.82237050753932,53.27745098175399,15.017780866231444,13.831534417089072,-1.6677677309130545,-0.6536909713030721,0.553816973658665,-1.0270965151848386,142.33403805288367,29.661623173705802,16.83142732426714,10.257920961466176,120.98586692016003,29.070492730238918,19.23183137490822,-0.2335062188793388,-0.11253009250771762,3.3654357294195987,8.054687212014944,1.8526327996695602,1.3383799397490412,8.9686468217841,3.027988260383611,-0.008381987181980521,0.17096105019871322,0.42849985676242164,-1.4197440125602852,4.042452109060901,-1.8239668306077979,-0.6929252985904009,0.21439053267405747,0.2945818235689577,-0.08974893418485659
0.9239511280046525,2.7522105106152503,2.1076758404937683,129.62600184047022,-7.173526374762214,1723.6103467745563,-4.724422629021355,-5.499423316315755,-1.9693826870684243,-1.1114218631634607,-2.4966479118428175,160.71594371639966,61.45754299424699,12.13671095393942,5.971667931365332,1.442210695929969,-7.3042691935763955,-5.2793726611698615,-1.5927454797886045,160.94255498688239,32.93679019362909,7.705848077290222,3.7867149425608884,142.7282218356729,25.69188372463447,-3.577046248012549,0.01642032666998503,-0.855763961447953,-7.74510921222475,-8.838641414412963,-7.58730124644147,-8.649546994942488,-8.19754984359938,-7.448019601430636,-0.006611343351095145,1.0739784285707847,0.13816895517872008,-0.29388493303567376,2.7298988741713934,1.723650073150163,1.6621164399951567,1.2352557709922731,0.24167966979633082,-0.2695388650938336
6.091807485210569,5.036589945834109,-0.6004493677492924,-66.86336315347233,-1.604420550055941,189.38531352594757,1.7225687071282574,1.4959990150463176,-1.1185615690635424,-2.6640360257785822,-3.6980946428992105,138.68724530176965,52.20779533629095,16.29899133456909,13.365275049002209,-0.8831827291557305,0.021276316013926624,0.741655459816738,0.706106064748308,134.56934196846174,30.58930884098533,14.47252371903847,9.968672333654538,114.18041603884106,27.72931196799404,20.59647851192061,-0.2524241719066345,-1.4999867652949046,-1.9516877452505932,2.209725835666701,3.502421502324959,0.4265249913537519,1.9628942627603345,4.964652361247719,1.1233452931018462e-05,0.1723506122668101,-1.7851952007901122,-0.9290152412300723,3.182078141006482,-3.150751909025982,-0.20773100367556474,-0.28228145927367276,-0.48372068516295963,-0.15135715882763653
3.015179927224758,6.159916385568459,2.489285643326028,-38.15637809480327,7.000658772069206,1055.2345968297927,2.423806327121209,3.5503051890346007,0.38975720316476786,2.7661908321886046,3.76766537183887,152.59725528289783,55.90797128892139,13.699072788048147,12.018225096075488,-0.39027996829755585,2.79740831658461,1.2566737325329813,-0.49180750763628034,148.43441003356338,30.899706656890373,14.898831283440263,9.772608892512611,130.1834746389843,31.203311176521353,22.387901168614437,-0.02498615341297788,-3.111281129771905,2.838745604990743,4.235502551845602,4.369204780121293,-0.3601560818693007,3.908885245278664,5.950144417432371,-0.014319626061095603,-0.6653940645769281,-0.9535634459719745,-1.2916639714483524,2.5843634476429855,-6.315606438201081,-3.751110173501085,-1.3270945301354582,-0.0564861557687657,0.018362758554512998
0.5526798925634124,0.6044119671264886,-1.4454135741148642,587.1703789197401,-3.8507291752378947,2837.5817036495037,-5.161746335623869,-7.455202089928382,1.2055361478173763,-4.0053181957337305,-4.164625542133853,190.149700383522,67.55351290756204,11.77938290963755,10.514162235791138,0.7662107104631913,1.0412613178741448,2.892038298508645,3.0800186745420155,194.4311435473435,34.22295329919656,9.795568788670227,7.118522239351952,161.40724861032072,30.008261684789048,12.328003269237236,-0.8657330911954721,-1.8251013843039878,28.441962378591562,-1.464060044272809,-2.0816353822081366,-1.3827026492152414,-1.9835884854442614,-1.0310476646873143,-0.009718346088235408,-1.5956855532417278,-1.8771692437443186,-2.1161502425049314,0.3782162507950633,3.0512581414351687,-0.4922476767917956,0.4059886804037644,0.17828055936737336,-0.11063331174434737
4.114943274916798,16.11559283982437,1.3162034514773975,-72.96185848060557,7.127314873050881,87.91065687340608,2.0423545812463213,2.474626733377464,-0.6721352351033336,-0.1511416821959337,-1.5916542897159607,138.16481578174145,51.24777252307973,16.573030825900233,13.23623613616847,-2.4911485719979254,4.509469147797593,0.9298700997896641,5.443397488262962,134.3711494260798,29.423183700045275,16.66804839612956,10.221711489615334,116.69953131511082,30.497362961128168,22.03799821200143,-0.10219863659628514,1.486313240567988,-0.45857545896139545,2.4993070425247663,3.5357601540898993,1.4484598218844205,2.700475862894521,3.6318768350253388,0.00922737653396282,-0.5588593853662424,0.9676949466588848,-0.5701570466735447,5.322960771823082,-2.935373760975577,0.0600378935127049,-0.21199212030781164,-0.23105099056848732,-0.12320866553517619
-0.9253503845292045,-1.4779729915247355,-2.3591491851437296,522.2256729131675,-1.014913262969235,2613.5781444279546,-4.699933446619861,-7.502333829328509,-0.02760716793086755,-1.8903756894284456,-3.154966037001098,185.70845146488412,66.20498688048443,9.021226212971035,11.309112714230377,0.7573960339738137,-1.9127283779819906,3.0459708245175334,-1.0809190036389758,188.1683883647879,33.94072913129906,8.029337803406454,7.75923272136222,158.21441105417836,29.96181228627267,16.484202398050684,0.7788138541746025,-0.8852142709859552,-27.71192644759699,-2.3848276235622934,-0.1616450504246046,4.4880715125412864,-2.2770196859282397,0.3271070999031256,-0.0057768139729597046,0.34823370766935324,-1.749670477076422,1.2163931800848375,5.002963933640279,-0.09604039525341955,-0.3789272453076762,0.5241944636870018,0.2470754166659866,-0.04945443722518672
1.3488087757458613,0.5271716418107582,3.565674097103689,-76.84680709491793,-5.269000991340049,-1431.889047183766,-0.08189284832293794,2.033918395271993,-0.14512686340569192,-0.5100232549012932,-1.6255195887697569,113.0409174728475,52.62396045125283,21.977959926550767,11.5283046891088,0.7419010878825592,-0.3894308677441001,-0.058073479850528575,-1.751873947202875,115.40179051278884,31.74208283160389,22.270544916099684,8.6960716825255,101.80896913716602,41.694163139289444,25.74453614551992,0.14711440311246765,-0.6460907221878112,-1.8900407489060045,0.20199386547207154,0.20428535250451252,1.7582880684215723,-0.4648879972478894,0.051243216073475484,0.0038779673514767188,-1.1857690055068677,-0.5505750010134753,1.0539512856907627,7.669609929911241,-0.4566352819817259,-0.1352099554004024,0.4887219288342334,0.15303655324959783,-0.24846216838658897
7.033956968260056,8.262737962412404,3.6032588674450574,-83.87819024229474,12.251542976430056,-1438.1041693513184,3.95170671741331,4.7594905520175725,2.2759559103114313,0.831569263955867,2.130181332669214,111.60954162594625,48.831514349883264,22.6314305522486,14.94555512526213,2.237081485083534,1.4311286226216815,-0.29349049698532925,2.210119910128917,114.7356766545599,29.618612152089135,21.999165085467453,9.67121484349629,104.54263582706798,42.2857658973963,26.6300706671792,1.4105655712909553,-0.6450337349909783,-1.109977492954743,-0.4182736103573369,0.8089389219116361,1.9716353473020218,-0.5470369456325804,0.7097036239586824,-0.004465898280917827,1.2700450664865164,-1.5078107383818742,-1.1589903984324041,7.394762173058679,0.957356022500933,0.13670727724579188,0.6632657983669766,0.3970883113585516,-0.13082126491829849
1.629067580131318,0.2820936933344636,1.2251750311586291,53.244855425755475,-9.180896801571025,489.50378226644165,-7.560516744377138,-9.273476818987785,-1.1710599068823206,-3.58386319810739,-3.939261363696855,138.1367869071851,51.80586116701457,11.854293137984794,9.635554266019273,2.73897325492,-4.011801873849595,2.9988855656261055,-2.9657519345322862,136.5417124204821,28.204631634983247,11.350698554440674,5.795475628653863,118.03189400913301,25.94004404756322,13.345656753622889,-1.331458652106848,0.15880917651034945,5.069530568333948,-3.840391131630717,-1.995261128677027,-2.8911993375606726,-6.705499029149102,-2.400238083251557,-0.005446862281106371,-0.7452651604468465,0.9711968781322842,-0.19819695695271242,-5.592959699495329,-0.2747000968205158,2.5772830985182704,-0.5833391777444699,-0.11075615304843689,-0.11455919313333313
-4.161121426113934,11.14826851623816,-6.139686096253001,-446.25142996715465,2.6832627015973856,-1688.5850734003454,0.6021040246984026,1.9255655688075404,0.21530928882803682,-0.41178097943124514,-0.39817449254668935,-660.127592876583,-224.4051340268856,-42.81102182653901,-16.82307296375039,-0.2704692297601625,-0.5174176611757594,-0.1908880462293991,2.1330487016898076,-668.5775022123282,-96.8515563629372,-41.54275180835254,-14.52868821551989,-601.2536567922338,-109.61388209209808,-46.14863481496431,-2.344881022727174,-2.360774653347298,-2.7929195492227032,-1.4889489029101761,-0.010579900399816239,1.3686096583574558,-0.6252129941676777,-0.07782654869564198,-0.02196148605834498,-1.6448211335301537,-1.7905276902342422,-0.4221078979142426,1.3224976308628211,-0.6989598935911703,-3.783663749611346,0.297297874400561,-1.5253293558482897,-0.09255213436898348
-4.153775984882781,-9.568174696952227,-4.97886653561248,-448.1517700123689,2.443684923750245,-1715.5087999039108,0.15679606674651828,-8.658814367815397,-0.6334724421849762,-0.7061496676256509,-1.1919277866338942,-657.5080932921642,-223.3047397533808,-42.02767224703958,-15.913526164280722,-0.30861996204772113,-1.4695185092562322,0.32376241765001973,-0.21456478276590385,-667.9883866409812,-95.99037536459292,-41.36250058329963,-13.610591047108375,-598.2379546832897,-108.40555802837835,-45.05921776925873,-1.5940075869189758,-0.8049118660765087,1.357162551968719,-1.6367860911381318,-0.4349274040771205,-0.3936781170324838,-0.5938046333724118,-0.4418385253349974,-0.012077059497930337,-1.4272574834248946,-0.9948258258581588,-0.5808563477957966,1.137230800266678,-6.64599953008738,-8.293094176656894,-1.1634577617178743,-1.5706321355348583,-0.13575657759134008
3.265146814656185,1.4058734228342225,0.8637452630903001,-44.467570222603975,4.885623180523034,-985.8695680967558,1.7108324237213555,2.166987837037019,0.39318403191701556,0.3560794204699421,1.2806521907542407,118.34292322147287,49.450876447266445,24.550830739293865,14.95619423940513,-0.41643626287657365,-1.3523620202546005,2.0720761847554368,-5.27402221080759,124.37037684823099,29.945808938471153,23.91956554545099,10.834466873009166,111.22106542208353,45.431707949738545,27.485787204588476,-0.01612389299755579,0.15306364238984016,-1.7015955364156639,0.8355716131961813,0.5538990963122582,-0.4068522904296693,0.45659036452680213,0.46419258934253393,0.0643119024034966,0.007732170167107567,0.046462441671401795,-3.905009534198564,3.572140480582287,-1.4351411254871729,-3.2389769618386763,0.315910990346448,0.12044025164994329,-0.06295696790353748
-0.43498009115895486,-4.480995115785667,1.7104272437258703,-81.92494864101911,-6.303717745132039,-1438.2529107480052,2.035789946210692,3.711231539539951,-2.5071778090521275,-1.5424992293820134,-1.462866170929444,113.59458604404726,47.41108397357659,22.427286886363607,12.899845462902809,-2.151417506982323,-0.9408562749654577,-1.4734771478073658,-0.1900478434167504,114.69409651760323,28.394960527504278,21.36022648897296,7.1912718986074955,102.33897894172614,42.05623205083527,26.193511251984667,0.2382949220125493,-1.213723565421981,-2.073937129812991,0.36636749915397115,0.5603802940379927,2.1311731494247637,0.12015285409912968,0.39466619696289806,-0.06259808101024181,0.2526321245385455,-1.5213744316441693,-2.802087158007503,-18.111024287310805,0.11939192165502213,-0.08732186513130605,0.46921117902863135,0.06631346559045315,-0.19974080974888292
-3.884405616891774,-10.049046650687309,-5.517483653824058,-521.0673605108622,2.4692139070324433,-1793.4763614124774,-0.1079745039510849,-10.390298383027934,0.8136088525999253,-0.5365404335339535,0.06820394839780819,-683.2216533328492,-232.00248614893638,-45.43892782699928,-16.961219675817837,-0.35616262321463876,-0.4281088090933496,-0.08054346373205346,0.2807013192117432,-696.9396413336667,-101.17157092019426,-45.34178939868391,-13.851780578781957,-619.566444344499,-115.19961008716253,-46.662405996069545,-1.7896636443627203,-0.5597085973454661,-0.19155329160016268,-1.9395833297998306,-0.15643001300309234,2.680530425222993,-0.613122866290093,-0.13940716892138016,-0.046801204295436646,-2.1029672325704727,-1.150619946128719,-0.03522570552231144,-2.5186730366027126,-0.9847241558236923,-4.298638263036944,0.6123011415113391,-1.5682403346601919,-0.12962783477477713
-4.914033423494554,-10.093365454560942,-6.122814992396992,-485.53653993993123,2.654698742161229,-1744.8976282138499,0.5139217611471274,1.856751519498795,0.5728121027619514,-0.45615104246505034,1.079943335647887,-672.4944748229232,-228.59320495820822,-44.17986639514146,-17.44328391282584,-0.3395976215426746,-0.3951100238257116,0.22109173501534424,0.5952943467372996,-682.6166165785022,-98.97152370188414,-44.13323380175728,-13.855087839386215,-612.6170569255902,-112.74064486190315,-46.064961729497774,-1.9354509729807614,-1.7912977566355495,-3.07647166025578,-1.4159596534748204,0.7278042110101034,1.9489582745747476,-0.3066809583565716,0.7936268209186591,0.009967371811914698,-1.8954987734053932,-2.1522844855966117,-1.2537872941768753,-2.2675916185036455,-5.220083551534931,-5.522647893278186,-0.078109438681974,-1.5517027274000914,0.15751250083399065
2.842782999916387,2.4663040502908453,1.0989772972795817,-24.716340291967235,-16.76473403354412,1231.6155829812537,0.9047221393592045,-1.1968123567007074,-0.8095525175893272,-2.406847443009629,-2.5369834485411515,152.11289400227272,54.64350621180718,12.89916533321636,11.711621984933242,-3.7425796165728906,-2.9664473969418017,-1.9229191306608964,-5.228215055055542,146.091805698769,30.403006517462234,14.635703929813452,7.936400423311097,129.8172062342964,27.911822845887524,19.604044248715052,-0.2828020595340071,-0.12144906593592589,-7.199798855462667,1.402393427640808,0.08470079542278819,-2.151260977732619,0.15333808804283125,0.5240664591171056,-0.1992945735098507,0.273075708734028,-0.0042103281573800735,-0.8665556176746941,-12.019978753315957,-6.413108846384709,-2.1984851293918704,-1.6187117984765336,0.2824742819986831,-0.34606459114908034
2.124170153382894,5.020900634048533,0.41520858403698024,85.63847695884701,-11.546485409480313,1466.1571462938446,-4.309052243140504,-8.394219498784697,3.0449282982565977,5.816633056866314,8.13951883268652,162.7667785199367,56.542266671098744,14.640250913473015,13.933293838104541,-1.6213189187059296,0.4557541357027901,-0.08967827063359922,-0.4028814550344616,159.71238490952544,30.584264878361942,15.258578592320342,12.297154779079415,136.2753765438117,28.651926144356988,23.33093495758234,0.7095625126686341,0.33280990721120657,66.05859995787804,1.1779218358318175,0.9867506737149984,2.764866897277028,2.689902147408251,2.4696999521978884,-0.21128403588657615,1.5337070533445998,0.9687992678108964,-0.7854347187224299,-7.637703758072183,3.0024956421938076,3.2055469184286514,4.240144513580972,1.0450473355636494,-0.13223938317872286
-4.364723732383904,8.09474916232073,-6.256535998850036,-509.41446835591466,2.575601389799496,-1766.1712497701064,0.23522608856127164,0.7383021850505201,0.4536510981897165,-0.4163799916816489,-0.5652576284237254,-680.965759906127,-231.68143980039846,-45.2430690617961,-16.636183440991896,-0.3182332165770233,-0.4287585094588735,0.053791274974137215,0.3716926219303453,-691.337296946087,-100.79228279321117,-43.900548212923276,-14.546368066378175,-616.7159863953812,-114.59091588753006,-46.56754095280348,-1.844709308905989,-1.9936942529410375,-1.1642476836867088,-1.523426381022819,0.33368830089634094,2.899326575075843,-0.5971696596113385,0.10998829551200039,-0.005066970829235434,-1.87664425508944,-1.5870393884547336,-1.289479523113001,0.7061731755979149,-0.736335398736115,-4.12300324420483,0.5902252951175201,-1.528247153067627,-0.11584234380425194
-6.791072223132318,-22.182653880006026,-12.645198488191879,-102.82170924022687,-10.258505999334272,-139.82581806029597,-9.505293216765425,-13.952749017378364,-1.4915713041136516,-2.5913889487027095,-2.9619944053483542,128.47278597759436,49.69903768532574,12.237923779170236,10.746639143389107,0.6865920486278666,-3.0567586559395092,0.7504181781266862,-43.66987810454662,125.131299599998,28.57424452655122,11.968067739305429,8.761895199943941,109.49151353509177,26.57674720766406,16.610112265187777,-0.2811712137232457,0.22782492338928886,-2.42165392313366,-1.3018057414257367,-2.768772979382937,-3.856243573316338,-1.3932355531088858,-2.7333281807906666,-0.01676537932862636,0.33729417268584205,-0.7480113944313858,-2.132317510678099,-4.661686044943405,-3.4403255647710997,-0.4936743115372485,-0.349643832569034,0.4167861841083555,-0.8047404827878124
3.4624926674067424,1.0715642184523797,4.158380333362803,-40.43062104790697,4.744353720257147,-926.1187744751227,1.6588157747931085,2.5846277768990285,-0.4252254107820315,0.2057401413311492,0.555465022809072,127.42995363797422,52.63461228843653,23.823213041110932,13.64262307139626,-1.1035260750804528,-1.776044849224253,0.8050280032889985,4.15725549813671,122.93009940300759,31.379245471805433,24.472026441291906,8.88033078206032,112.07283316737812,45.65948485680141,26.46941937944424,0.749866052659139,0.11780672305938629,-2.282441783695561,0.8980223987187844,0.7543793640236772,-0.5174679815854659,0.6423378048108006,0.41704993966283965,-0.054973305164485925,0.6890106496588444,0.179331724975022,-3.9931426001173285,3.2829954000505666,-1.402730924786857,-3.2132519759110654,0.31885144095746065,-0.011117067823772558,-0.05511101124413441
-3.6286875425178673,-10.109101689539639,-6.01105984217353,-522.4195698459782,2.499504276376738,-1795.2972398935874,0.36931256567158816,1.8358105268320148,0.9346832809636001,-0.5688447491969935,-0.7409047111664846,-685.6826108601617,-232.3636539166861,-45.52397902553806,-19.507220707060885,-0.07027713371501981,-0.5103713208155973,-0.2869609107831418,0.7520747062328169,-697.3942151368686,-102.05163801774114,-45.74757257038379,-15.363017058772757,-621.8282756347293,-115.11858480724521,-49.28420702970223,-1.8423861626608762,-1.322287508922698,-1.9167689467515865,-1.764812661654929,-0.30612586847870055,0.37939191481243506,-0.6087674017173165,-0.07407194618228846,-0.055708462038495374,-2.1085565660221754,-1.946742524358073,-0.43638509405174297,-2.6330181816646645,-6.857262814512404,-6.850336584281913,-1.259700640508708,-1.534426834442532,-0.05315220821394483
1.5000387045415378,0.3431747016231826,-1.063207860838098,25.450354341000825,1.7842469597307014,396.6199900488909,1.4264592072960942,0.7248058625408555,-0.30557745159536986,4.550455133851847,4.625739783591698,140.31290113680055,52.85764359425695,12.844089751554925,11.468921558043595,-1.2014879584637859,-0.5636168126185487,0.11902961370778167,-0.8067439615934323,139.45928514154633,29.4535558223741,13.668463134625235,9.150581275048118,119.29953051350248,27.052146482466966,17.474402829383088,-0.5406529944176903,-1.7556638294886373,-3.856453418390579,-2.6909749181689655,-0.5734611223784835,0.9894598389971435,-4.5521418982116,-0.8200712424655997,0.000997596559137226,-0.11148445671551248,-1.5195928460230343,-7.528738284571754,1.1473036353028223,-6.21836796489799,-0.1442930632681825,-0.24889990737178672,0.2071990707667698,-0.07952763567432883
-0.890233479087331,-5.345660213361704,-4.933644587771098,77.03737373764048,-22.237833271406025,1395.7439278315876,-6.374840589926017,-8.094924638830124,0.9120541525673539,-2.9725203550110177,-5.5507193923897455,154.82058781974607,58.86812513794055,12.327951763289583,9.387518866489032,-0.6273855179528036,-4.562589098525013,0.7362235944776071,-6.258503156974445,154.4780115811742,30.7170099519222,10.379413531717248,3.156129227461669,137.77134008643225,27.857760706995965,10.22376865040098,-1.3521941400789097,0.31436694383491315,-12.349533885599259,-4.4840561975137065,-4.316151918084992,-6.832463218977953,-4.083311375607452,-3.124499927200692,-0.20938641587219461,-1.2837922552246772,-1.0395317574703815,-1.4460653332125286,-8.552661793779507,5.796459311229334,1.4429593966063197,3.1125887918777124,0.9845589828082946,-0.26172610215400594
-4.661971348502049,-9.988600298589244,-6.205128448469171,-499.9909644821026,2.57414640056793,-1765.6559306970273,0.19701880504997438,-0.07267381804461781,1.0449971725033085,-0.6732279367550118,-0.8265062893802554,-677.1241721509134,-230.58015680160284,-44.88229005659429,-16.94066001847909,-0.22618502297596751,-0.4429446752537156,0.16678056573696537,0.3588949110614659,-688.4720077536844,-100.17190158190053,-44.782915360303214,-14.066310189875532,-616.1839440449946,-114.10059939565296,-46.31803317221213,-1.9056337708135975,-1.0696670455743738,-1.7544723459819982,-1.4644538586580722,1.0265478150488796,1.536092305403705,-0.2833681723064742,1.12897404637178,0.017013657437412004,-2.2563294359459882,-1.6964540143183866,-1.2883121785653417,-2.40987661432629,-5.2625463729946516,-4.674763550221651,0.1381386029763383,-1.5399515468256706,0.14115437377724188
4.455051110015598,6.9555450637081995,2.1603613644633066,-36.234026723247005,0.3467282598482526,-636.9238871777134,2.4203003496314777,3.1729404796214604,-0.8413970633536718,2.293621942658108,2.139659168138603,130.78237671046924,54.18321312915748,20.258762754422747,14.604272316654713,-0.531924656798997,4.047212079585136,2.5498834474900836,5.102113071464443,129.51521811524003,30.77810843763601,21.527148474709705,9.998273035504852,113.25521289739099,41.83875289276574,29.964493058623084,0.1811134671905631,0.42934583339920906,-0.0007394682444611354,0.8605576049512084,1.1476027746647022,16.076998791903744,0.8728767188839024,1.1690305470823439,0.024129394212242243,0.4865290096520077,-0.1412916578504179,5.027325659367649,-3.958771172185849,-1.5621100879252636,12.918304165766953,0.0075243618735872445,-0.08148780336727689,0.052061877835802815
1.559270052372579,1.703187081859813,0.4068239490725734,126.9469185073464,-10.371584418598873,1892.1027378999602,-7.1623823677996095,-5.6577711011650385,-0.9665264163078734,-1.4892609358349718,-2.911844086074946,165.87236455273586,54.26037082983701,13.054912111533053,14.897317790899356,-1.4579044988942718,-1.0204975667906429,-4.562363622652516,1.7269584126052528,167.1697887409868,27.1462457136203,14.537207827223675,10.396329514532695,140.5923451102425,28.921204059658454,27.82262923471202,-1.3507243197278036,-1.523421150486527,9.129007979608906,2.938493321382171,1.4425036783563052,5.951689227103139,1.5705143037900542,1.1513808134755195,-0.008113920282051518,-1.3411567283458214,-0.023819485359663908,-7.1838486353149635,-4.109830749024002,-4.3194038644457144,0.9754729948148015,1.100995202374228,0.21887178271309715,-0.11964305347067732
3.2592019563964145,1.7119936743470103,2.099155972215457,-58.69417788966662,3.9639085340722247,-1256.0575486567075,2.2930372963705503,5.906796382000221,-1.050774989162497,-1.3256324149338232,-1.5902151970454388,117.00252942598817,49.37641520813575,24.232982509514656,14.951754091219577,-2.520055239735032,-8.237000220354508,1.0501739841605962,0.7266133153714129,119.15824148904241,29.512666696276863,25.613646064779484,7.251800083006333,106.26015102740102,44.42027315327965,25.923016036320632,2.9246050114211197,-0.1039720301556535,-1.88246678870543,1.4157465177942845,-0.5113739806957418,0.7649808095918385,1.3133501622858454,-1.141072374163427,0.005613077199255766,2.465026291967567,-0.4618972650142803,-0.9110486531947475,0.3236521162811142,-2.0128221017869965,-0.26916673218012704,0.4046155358999398,0.273396203467958,-0.04352729118712552
-1.9825129264492976,-0.39745336542161674,-12.79500491625246,28.582723558490862,-9.176253816631867,696.7976577269272,-10.151177183686277,-11.739357166480639,-0.775416754078003,-4.729993552688028,-5.47587555757788,145.70274249830138,53.67286150540376,12.44864286190538,9.428340496418773,1.0821251022782734,-10.25843933688945,-5.010579339660129,-3.2841915414700518,138.01778500634936,30.060392551182755,12.688152392761726,8.504232358000957,123.06289509533146,25.541011915108058,20.727865606927868,-0.5370897659173357,-1.3631916679063754,-4.521995639592614,-18.6941083621553,-9.398259335368587,1.3391158035119348,-18.058805873592718,-10.412485181148323,0.005461411104137157,-0.34016738765293075,-1.7259852173606058,-2.103970782739528,-8.133121228901212,-8.586324824978796,-0.3101957676762717,-0.23990658820530192,0.3050586965902262,-0.24387016774684042
1.7700808241176988,1.3362931642961753,1.0595199313921464,48.14043223042565,-8.426654736934038,551.2665359830703,-7.413834298560001,-3.9907068051224734,0.13866086969330182,-6.516803083121428,-7.0186065145880185,140.59310605544005,53.15584455965256,13.461883319585352,10.372597646175866,-1.6159343737606826,-4.529845305873169,2.996200120079034,-0.25259497271896164,134.57613809876491,28.98226988847012,12.906218189310753,7.094477917670825,120.40598908659841,26.960942233569824,14.660050710494195,0.9712367971391421,0.6482739457647859,10.732934884682019,-8.42398163062657,-3.2605306396205687,-2.745018904869531,-11.236410109963131,-4.471612497968611,-0.001142778292766114,0.6747072314523562,1.0013598010402491,-0.281603786783543,-7.645823554589512,0.18867670155565697,2.527161307884308,-0.5994152693284833,-0.07723392435534668,-0.27116305754294834
-4.590270385842827,-9.540112129233538,-7.2061981540126325,-447.6264456329039,2.5979952995657825,-1694.577951871882,0.5058846778909483,1.3074913565225772,1.0103100680726795,-0.9378675600812458,-0.8417597517075187,-657.610573476456,-223.86741175397518,-42.672686493442825,-16.731012719200233,-0.1887424866343312,-0.4175254079325683,-0.44017216786487456,0.10470227004770453,-668.146796097153,-96.76298970489489,-42.58057499576352,-13.900670425482469,-603.0216231137421,-109.09828155538833,-44.95164537860058,-2.263264418766706,-1.4937296840785317,-2.870670326405647,-1.5197166418947565,0.9942895743502855,1.37111806292554,-0.6393719398927052,0.8497456261122446,-0.02271273416294877,-1.4572162993386493,-1.7704784840580925,-0.008737029845394428,-2.529187613397222,-4.731154894051158,-3.4439306856233434,-0.1458569448835635,-1.5345423917799819,-0.10432160124272448
1.0527399829969575,4.475235969290237,1.906043811499124,-38.23687947561461,-2.9192485758637616,-833.1835489843668,0.36766846320004376,-0.03199996659006937,-2.149264901600525,-1.7813769954608176,-2.441972627212821,129.04404250252435,49.7549240783902,24.01727602868001,13.67023103710199,-0.4742211587555045,3.814019080175186,-1.9074377670874436,4.037344930739092,125.83712114222327,29.917585227918202,24.891551590840294,8.646192714802666,113.6955239721365,45.922734194221356,26.846058401697615,0.0673732066053983,-1.3090157433944922,-4.742864555372632,1.6472574004669394,0.32294800317539185,-10.232144498725855,0.49535360026357345,1.6639323605452438,0.10511587931619248,0.09552292329887277,-1.0579499745851035,2.90782550378594,-4.72297932169084,0.7994130752958655,-6.212265639708069,-0.24117785577186684,-0.10517817792554854,0.13944056252268267
3.4382831553527584,5.1525169440859795,-0.9503524449455979,-71.75207152924897,-2.0418902082929713,168.63972010707462,0.4300786610044647,1.0388727773961797,-1.7633904045530462,-4.255098213569026,-5.969302079191617,137.39858834763515,51.278094556936495,11.099066336608082,13.516987460555828,-0.9241625977794341,-0.40856604505337846,-1.1841821440923292,0.5742278523013851,131.69185954321782,28.620265256850185,13.727013376706044,9.607461698789997,111.51728899337144,30.651481085680942,21.011622340945447,0.2802862204883443,0.0429626792196732,-1.7405280795501763,1.626324296188291,3.254288952662986,-0.2559098444166633,1.6521950266727563,3.853505575869898,0.003063199574506452,-0.14082521415414015,-0.36670713139926053,1.3451624975217333,-10.880480024300635,-3.300761259451403,-0.26803896127749843,-0.2789374144617029,-0.7688623649953436,-0.22682057623511945
2.4392622330518083,5.595034327517214,-0.992659076574679,-71.5670989287036,7.996344136420073,182.22884374566988,0.5524661668583302,1.0307924609864567,-0.22098410962594547,4.810469884036113,6.848148987064719,138.61856151424206,52.15474990940373,12.035512039001619,12.143641639044887,-1.0962307816226236,0.9015786418698326,-0.14677332826493406,1.887054174568615,134.48968166860934,30.0029423941125,12.782943764657515,8.94113864256011,111.41070716289488,24.084758474499363,19.121838632872198,-0.7808686079941218,-1.7298419967626881,-3.41405917702127,0.35262327945692773,2.9044252378568065,1.0823267638994456,0.2298067638277294,4.204714577268811,-0.0019268508275635601,-0.9196572892972862,-1.6353673374395066,0.029994660964375496,5.790700821827385,-2.9121839513308903,-1.541207818033957,-0.25932231130431305,-0.31849512525363827,-0.1496588485970295
-4.642242102359318,-9.974598666635856,-5.893611130711368,-479.47526822361954,2.572215976193487,-1739.599795764459,0.47339140078936826,1.8314937106108282,0.5095708386443675,-0.05369090042599965,1.5359379997922216,-671.2955779695691,-227.89532475390308,-43.76797145753996,-17.515024740825233,-0.17385799438340818,-0.3909764882830773,-0.5066667008194801,0.7523804989672943,-680.9222407756736,-98.39839931730384,-43.7410255846309,-13.937695066938183,-612.0435132594159,-111.8001821116947,-46.05630011961419,-1.6264709480386046,0.19583197804411978,-2.965836225124619,-1.5035992492034302,0.41612309258710833,2.112903625284116,-0.384618732053995,0.5049925335809299,0.0019166627157906208,-1.6845032159439879,-0.23602702174118734,0.197181302205431,-2.2817424216598097,-4.9827399152539735,-5.272224585259988,-0.08571463280955414,-1.5860351512320325,0.1435336127420322
1.674403087076728,0.9758211780461014,2.055605740858987,49.32678934934225,-3.4366703420784552,456.4872800650344,-1.7985372488385618,-0.18505591929042936,1.3169081956586144,-3.467152142304006,-3.304239966938916,141.40434200254634,53.55212499750522,12.722825700140895,13.245835587409323,-0.6990241408382617,-2.4072415156651954,3.293361637544149,0.21207641935052143,140.64285789430193,30.13493499496788,12.877209816470925,9.983575599844812,120.7015388920417,27.50833151460341,19.264482185757416,0.5082514286901993,-1.3081067278932754,-4.247703090219494,-2.561732281420558,-0.6515390892601112,0.7737442766965306,-5.573508521905518,-1.0747151755249824,-0.00017616417054822087,0.40290245784854983,-1.0856126291340762,-5.410043867741213,8.006205866895892,-3.7998186421169504,-0.1395762654660194,-0.23396188273955518,0.2911005534026514,-0.08537227848429065
-6.1989940532019725,-10.238749781501395,-6.980086554628635,-526.6997775493492,2.449367206922637,-1800.5270688137998,0.3042673558004098,1.868064144579437,-0.11347773406035326,-0.6796477699926224,-1.1334614877170028,-686.9996060284983,-233.0973160070867,-45.68741559175175,-20.010218017856747,-0.26586070764790215,-0.9826208518496701,-0.5377835352073519,0.06961643296014668,-699.914290355688,-102.3718591754852,-45.82831233473984,-15.777556819290481,-622.1962546515703,-116.03819582158854,-49.788272676893754,-1.9199171546310914,-1.654948451106562,-2.538695686193993,-2.033504736692718,-0.9004160080128256,-0.7193315709823017,-0.7218635193136157,-0.4822082033761622,-0.07645619673108157,-2.3858991711553807,-2.128274299777886,-0.8800963709336991,-2.4221099162728033,-6.945155171463665,-6.806091406901168,-1.231240198677244,-1.5511944706940328,0.1469447858769811
-4.307716984682735,-10.071240229047493,-6.8169423004214895,-435.6639016470129,2.326839216201357,-1690.2942775149302,0.34677236428187835,0.5113388472700549,-0.4958243331897784,-0.6973001768892223,-0.9792357406064355,-649.3886212603666,-219.8141720472556,-40.057454324699144,-13.7880111713277,-0.35801118862301073,2.577184564045678,2.007478855979208,0.07293357307919988,-661.0374228295935,-93.2857497508084,-39.61573192977632,-10.185675460514986,-593.6182590135351,-105.75248044702015,-43.22731319479814,-0.27907446310021655,0.5652134801884896,1.8331644255562034,-0.8584641783888365,2.0273927185563694,1.616124428746766,0.41344786902491154,1.580928741067093,0.01770881011974232,0.9425553730310932,2.291012028228408,-0.4452358942284081,0.6454680435056898,-7.045683398625983,-8.246017105808075,-1.1398932981799055,-1.5291291613310078,-0.127300363164213
-4.715211151480124,-9.696011626992474,-5.639822132649668,-476.1070802306863,2.451346646221395,-1741.9831033616751,-0.09786204683338076,-10.451414952931975,0.8855504677075579,-0.6952029469829045,-1.2676726674789616,-666.2849557943067,-226.7588605709985,-43.82570320102352,-17.678169671168774,-0.20232660860856858,-0.8673475602859254,-0.6867240711673452,0.8965324827235964,-675.8645169833752,-98.18639701622487,-43.387288195934566,-13.920158248369885,-606.076010048216,-112.12898076701191,-46.358287925759115,-1.640241400980108,-2.0358366554000105,-3.0287695092806204,-1.6659378886900191,-0.013265562853392338,1.1451553812348316,-0.5040973248121577,0.08336613614342614,-0.026020823803590935,-1.9303318537688459,-2.651165761292291,-1.4729967282521563,1.9180045137046575,-2.115747043295045,-0.9274680515903113,0.38452081812647493,-1.5333206331921951,-0.16449285202491692
-4.001852328791289,-10.224119050855684,-6.300742427438104,-522.7048953770797,2.5455569087161223,-1793.1132948365262,0.1517290010183966,0.2791715912483372,0.36879551015833123,-0.5125335986900698,-0.373258837599869,-686.9853646578961,-233.22201470454667,-45.457938573856374,-16.96717032501787,-0.26457537706592127,-0.28970001259873907,-0.06261585241802753,0.3131010186584397,-698.4506976567327,-101.97571898212452,-45.6717773395419,-13.85421624032665,-624.1986255565863,-115.33732592732669,-46.7011526708615,-1.874945391529655,-0.5307839954188964,-0.358156489300932,-1.986775215877014,-0.2535396465075081,2.656343608538327,-0.6331630880387181,-0.18506016247553903,-0.04818179811855127,-2.1227962631013613,-1.1234086540882076,-0.53209690369867,2.090697330997497,-0.9933829138261951,-4.290643580104402,0.6104660752615575,-1.5609625094893014,-0.11580731105674148
-2.775098103822966,1.8079384113829557,-8.7438689012929,-46.585970239930276,-17.053151631522933,-1042.0442639818493,-7.736558299795876,-11.376913576103098,1.3782895149222674,-1.5381628433019625,-2.0576763376945255,124.16717061628256,54.75838319323975,22.589333481459192,11.332310330542517,-1.2325399200586833,-0.7862021130455931,1.7753625453748396,0.24984816900159973,119.41945275124979,31.146829598374172,22.873215736608707,7.648667743632177,107.85539818189638,44.849379747572016,27.701645895032897,0.29019720324477893,0.9237752427373596,2.335864322815263,-0.2676066081484062,-1.650585728763418,0.5716689830491452,-0.5084090825562846,-2.000249918473728,-0.00170145804508183,0.5749762913044262,1.8125611150335061,0.02083093329492927,-6.184198432412364,-3.3900130103418986,-3.3299136925775255,-0.2771753560928255,0.21405519027354758,0.18290892084808522
-4.03924994687649,-10.305485527346463,-6.0544805880056725,-522.0179981012152,2.5313658142680153,-1795.7635883818054,0.35643942436774495,1.8408491412586445,0.4230245670194397,-0.4780303922276038,1.145896798512096,-686.2881249619261,-232.3279523534704,-45.92496258225614,-19.512735614156362,-0.22794728669977696,-0.5329995949244127,-0.2158164798359105,0.09939349959424053,-698.4992473435672,-101.91034863129607,-45.788093622061474,-15.279219638908906,-622.2282250856172,-115.44802074008506,-49.32334118321045,-1.8473809149287355,-1.261163132381734,-1.9517244226245316,-1.675090972378469,-0.3431906165230495,0.5859274168312619,-0.5666159640738353,-0.08313342057888808,0.11655379308419103,-2.137542997102732,-1.875787728042243,-0.5983995919168877,-2.3787690662151943,-6.996604362591893,-6.872285053554963,-1.259692229905812,-1.5537852670942214,0.09029070096139973
-6.18735217811174,-10.163477388833156,-6.0049647975607,-525.4395155708625,2.4639930874443228,-1803.8810270215922,-0.09892501162505041,-10.15959721897988,1.2884441826639477,-0.939451790949793,-1.224168688349026,-684.5920313143266,-232.0312898400876,-45.68092367388249,-20.08257648998727,-0.26665890689728033,-1.1996164407275751,-0.6873845974609791,0.1515814751351831,-698.0743859004509,-101.66681323586167,-45.02183066717374,-15.77170357398366,-617.9831361380343,-115.86089445219729,-49.774648617379135,-1.6190646890035887,-1.4567361925042988,-1.8591506386483114,-2.1461715841059608,-1.021683631017656,-0.8172924110042131,-0.8998641317529384,-0.7044626171531676,-0.07599370212886371,-2.1124566208565354,-2.039208714714291,-1.0102403870111571,1.316339959494357,-6.961123116267422,-6.758532532989563,-1.2272232328268067,-1.5457841575405418,-0.11983083544518301
2.2715974268627073,16.36451865939555,2.4578226535452603,-78.78927765235052,-0.09328519957211967,59.576031096102305,1.3015517550575788,1.8855407071726045,-0.44049545935140905,-1.294402369690222,-2.843397695707934,134.71305048540557,50.648072325100834,11.4987859923584,10.586909411879732,-0.21584854290389566,-2.952303513510458,2.6883926379259355,-6.15040299744612,133.46877505735998,28.652544879618773,12.04101662422447,9.565563705011702,114.42852185365456,25.569690501273932,17.366557072713768,-0.25086609581009556,1.2861576781718465,-0.04762800270767549,1.865797543173499,-2.2583538589317294,-0.09933292089127255,0.9861077545278945,-2.7605331826264607,-0.03314564066747353,-0.6595034457303875,0.27162968763411316,-1.3055011342894252,3.469751108343395,-2.72141189659058,0.16420794261916272,-0.2146455664021189,0.8446762537566604,-0.243569907811566
0.7659036349207237,3.7535320715773306,-3.5346324803772324,432.82582864774065,-3.463384384577918,2327.2861594769965,-4.528344185393213,-7.291115505173966,2.780784985722874,2.5500732204847187,4.910376891735635,180.12899850446902,66.50285286782209,14.453821883542744,14.332329973166528,5.59493203864212,-0.09476578477554086,6.084781038487176,-0.10350516564061027,187.1373152846944,38.45783382991469,17.109399250491485,11.898845846975851,156.10773868551226,32.77525813019267,27.366955332096435,-0.42442842381043283,-0.03543405156081964,-6.0041524529859975,4.632640315957319,1.1908802082503356,11.668287817556841,3.799375067527833,0.4509864561972554,-0.008369439411804624,0.2728583656783129,-0.6032475948487945,1.6976688432622395,-3.59619994497904,7.183887801466184,1.027905756262178,0.4087011362400238,0.24863101479256372,-0.1805555841540068
-0.46814562735104714,-2.283405829936667,4.4440786969013795,-75.98478331369883,-2.548266241042865,-1434.4956789337186,2.7615498730484864,3.7556766700678907,-1.6033286262706867,-0.5231704544033363,-1.8418732518755467,114.89674977573578,52.14614430396738,22.39415315355499,15.505817380258133,0.24767958330643855,6.260951502428912,-0.12264131006796447,0.7472457733955703,117.50611427482728,31.483574478413363,21.8427394012686,9.987103957977077,103.64350183563145,41.742183193625955,26.45148371076386,0.9740192749278839,-1.019305825384258,-2.7048456075407303,0.7134339737364447,1.1368105838489657,2.41310720765608,0.9818474334217724,1.2642053454255822,0.002418732092710256,1.1547804313213081,-1.6612327660788178,-1.2590615583003835,-8.467735840668158,1.8644978475460487,-0.09596948931859892,0.5148155497380962,0.17144183700537732,0.4869627575690987
-4.353840221650242,-9.80900427229599,-5.8289241445782745,-448.7671478472832,2.681372640658618,-1698.257745529723,0.35574151381538877,0.694372218392058,0.15525462488523414,-0.595901960313497,-0.6386204160165844,-659.3821680070016,-224.43736027057975,-42.77536269747864,-16.935428248991702,-0.2590855531380425,-1.082388039434566,-0.3915260206639922,-0.012696714761478281,-668.4069763774143,-96.91277091418758,-42.68403618860054,-14.003648316034814,-603.5266995254772,-109.96676756292106,-45.18286201016832,-2.450570747019011,-1.417324145945496,-2.6542813027763814,-1.606934469805118,0.15450324827960593,1.3934518315467916,-0.7021609406529163,-0.03803043716545726,-0.012953716717815256,-1.7599970582494844,-1.7915716070492502,-0.44078168974025544,1.2880362945166164,-0.6935701324544072,-3.7255886652135297,0.30074961063716144,-1.5157887771978775,-0.13290727968111515
-5.897216650713266,-9.969937209297782,-5.463961649415952,-525.2164358080006,2.473886455790992,-1796.8301732275957,-0.13583836410149985,-8.31949604898696,0.7850064632082554,-0.6739571079586131,-1.1695383507714698,-686.5381226272868,-233.0362057008145,-45.961753627830475,-19.750872063429274,-0.3967548635864474,-0.5275312980514797,0.1278453068087983,0.047010154233848786,-700.0056939360109,-101.96861507950669,-45.74430799453115,-15.489274855975161,-622.4944691640019,-115.89915166947506,-49.32378145365468,-1.8308854455921353,-1.4334084200344204,-0.43449822017105977,-2.023743232213622,-0.896970715141093,1.1891540187053007,-0.704297670756355,-0.5367087166074709,-0.05607842821052798,-2.189002396283089,-2.038727185498316,-0.04326210930312,1.937730769097928,-2.3993501359111082,-4.289242539447004,0.6216187507659606,-1.575792433625494,-0.14473190533301394
7.43582827826281,21.116437163055853,4.244645010845385,-72.62846622772595,12.058385937024628,-1375.0240949528638,3.1422870001775465,6.1130780822129696,5.011877522073638,0.7242050592280528,1.6392711310843127,116.29744815647445,48.61616362586922,23.428487592957453,20.30255429478997,0.8575348871075257,7.366830539157105,-0.1586454560676902,1.524265440538386,116.12719721990698,30.151034427754876,27.679621053666786,15.254088378761471,105.89682398807103,43.44195617402801,26.913279720601945,1.1533784543464154,-0.5368668099971659,-1.711432598084374,4.703800134620204,0.7023898286154046,1.4774807359510538,5.16028086385362,0.7768138039902701,0.0043739045464424794,0.9911103820947549,-1.1072557110681363,0.5410146421259358,-9.324871058399657,1.3381316817857358,0.13894955569352693,0.3764094668297443,0.09435015935127866,0.5955974554920722
-4.339926130678623,-9.777668579455813,-5.5314478214462435,-447.48911991077307,2.6897168063998946,-1694.7993276807872,0.5578314408877136,1.8235651681750393,0.9808094613153608,-0.2661984608364714,1.1000488605499843,-657.3156544829806,-223.7308718325473,-42.423314971649745,-16.762307708989216,-0.2796646088355088,-0.5431183707274271,-0.30499325437108016,2.446910074366298,-667.2225380069456,-96.36901680094473,-42.44754300286463,-13.77348194322352,-602.5320518686311,-108.8473637213674,-44.88732584048992,-2.0971299627211195,-1.426164535386899,-1.8000855654422578,-1.4361248499866666,1.092440664194587,1.4228134537189465,-0.5053690227546949,0.9045561319201819,-0.02387432144847352,-1.410795715686585,-1.6201269808348455,-0.5638207877693205,-2.0956104809777663,-4.698381777955031,-3.4066814139837156,-0.1379395083170637,-1.5520127898649876,0.16092479275566135
4.064228792536242,8.132266760621704,3.4700288815632554,-71.8611817363626,12.087591417613739,-1378.3058100807532,3.272553750793158,5.088732779189417,2.6476688231176935,-0.39469636916269396,-0.5871673822019757,116.71472551688738,48.72420591559701,23.70623371176916,13.46951447403294,1.9037113761880644,4.240138262514438,0.1376384891382187,2.2913410215117866,117.90564412631566,30.490004592329417,26.653599743447327,12.894156729297297,106.15393836671656,43.0967813642765,27.572749719966648,0.8235083529367625,-0.4370332333283291,-1.9261674328201612,4.954843370347813,0.7534151406915648,2.098983604384956,4.651514196146868,0.6501656124424061,0.003445016390023224,1.0667935096297905,-1.4874565323241487,-0.40505018640870993,6.316499311943569,0.9365875442178799,-0.019748941199361963,0.5085499964535415,0.13396621990723787,-0.13608827918870892
3.808658911962243,3.2989320043877757,-0.15257412249964558,-59.01480621604166,3.759633891558063,-1233.1698952556376,1.4510265163672122,2.4277610152294007,0.4331856940411588,-0.5594242175653507,-0.8365663815590724,115.44313518482258,52.77243731471523,21.683474884146115,11.46542883036145,0.4924778196461266,-5.857176525166329,-0.30222029720600607,1.0440286173206046,117.10386165958406,30.85312536062409,23.558899934526348,6.165776977803166,105.20295649199922,43.154390383603065,26.08805553828741,0.6178144092267258,-0.10627257445563235,-2.0318084813792976,-1.7342985841766205,-0.4619402403286662,2.476649895780068,-3.3575116405752934,0.04469756161825464,-0.02399168441384867,0.15710345253868596,-0.07719777353059401,-3.285745028991515,3.3054872823134076,-0.2616329610639402,-0.28040957683231116,0.3907126067735688,-0.023858778227993357,-0.07509168675697404
-1.6336166988751735,0.9690004087088311,2.4588812863356146,-55.108158240583556,-16.23421760000027,-1168.010510551048,0.4400280116011759,0.3737104373519305,-0.03619988567225116,-0.8336157850861403,-1.5634807179633687,114.41226046210326,51.5589777299379,23.18592447300634,10.429670315687826,-0.23808295018062137,1.0689862641819243,-0.9956491820817035,1.5243224048992035,118.87700178763889,30.468182304608348,23.635583850699874,6.0649965559513,107.05727699935086,43.101698713120264,27.349878661625645,-1.4740727428627038,-3.17646646788737,-1.7489017204463646,1.2239684717506287,1.4749893799796037,1.5740558832828815,1.4235314307815599,0.17639822265187283,0.012792982037470084,-1.1614054852858386,-4.274634927356399,-5.1862673100836165,-5.358338415101197,1.0687774533034309,-0.48749957134834737,0.394354733373494,-0.05922260378440924,-0.12317755906798175
2.141607504335872,0.6848892455354816,2.755684968901665,-92.06166010997461,-6.739533189616839,-1554.8910920713515,-0.1669727746179786,0.8387172225955082,-0.8268329176688602,-1.9713420094653566,-2.1788902601262583,106.41941750117111,44.42582687478746,21.842843063869363,13.727501426601513,-3.1732132882317874,0.1996269348004481,-0.3787584212826205,0.06620753372190895,107.36399134609422,27.230689101010764,21.81060508293512,10.150990231437042,99.53023784053809,42.001340889754964,24.033139848962374,0.8720049577568766,-1.536225385819362,-4.638034696804237,-0.7797331266644774,0.6896543782254203,1.3961144441600823,-1.1447667000510273,0.5945634015252494,-0.041099177378324615,0.7683025758198043,-1.6805884079423417,-0.432432105129692,-6.8432431690993925,1.3210306070104332,0.11404107390218904,0.9512799577320267,0.35652407057590285,-0.9007171934291143
-3.974966590528835,-10.257563165884658,-6.3345632240717515,-522.6822617461174,2.515988170900378,-1792.3493182033114,0.314479223672149,1.152634419828681,0.39253547025138724,-0.4135666192095681,0.8357171470292815,-687.5651590245682,-233.44197755450378,-45.73346645065529,-17.1966871721261,-0.3392353045611498,-0.6754385551679442,0.009998909882482698,0.23685679387441244,-698.7318053703879,-102.27905588618974,-45.765158110317465,-14.122643482016093,-623.4610017096982,-116.0886871507626,-46.836490284104414,-1.790608218370467,-0.86605658443707,-0.9159147343457029,-1.9790333768968582,-0.4513203118431227,1.2645988987533272,-0.6324841120714203,-0.26821666216962475,-0.059867151808271755,-2.1414481060539887,-1.439578666541577,-1.230581757940616,1.4909047788154355,-1.534510373229038,-4.229176898202366,0.6078586694318616,-1.5459053390594133,-0.07395091888480891
4.060113960701499,-1.689020554409356,3.3125332441728785,-76.75610008907881,9.8684971728692,-1425.9874098026621,3.2245322694655623,6.130671062174803,-1.4574873562063972,0.9212534238061393,1.9627595606785162,111.58345220614386,50.92633998254762,23.10526276223602,13.680585504601094,-1.0037857881838752,2.3858942431983223,0.2981051530757239,0.3667677113299726,113.93677757609787,29.669313138921723,22.319345971168087,9.545111773382125,103.81066075829753,42.41620885918754,26.575812746801585,0.49193793936615093,-1.0964498404456453,-1.8195004291674353,-0.4569052642821547,0.39734445615493463,1.9177437270690012,-0.8930795373167624,0.3385367965317835,0.00312119941513158,0.8416154634455371,-1.495196298674558,-2.540379040459262,8.35485359900025,0.4898954293370894,-0.0595147247902105,0.4022551933327012,0.1694607181340708,-0.13292312623154667
2.558745164418568,4.146301466833354,-0.904608740068723,49.53221750170489,5.588384077724382,549.2660313204382,1.083748320830746,-0.7068233922682019,-0.7728944774985905,2.8539063651803716,4.429297600423203,140.97366381999737,53.43122733395037,12.037987851008975,9.927346624805269,2.045723231204652,-4.309267714293483,3.5564570638902944,-1.1143578500517954,141.22074645881167,28.492814499402506,11.980772275372788,6.763523155584056,120.22163471706625,26.04130865068037,13.635311760278398,-0.33025972316461244,0.37570561865122315,8.41424233327321,-2.5825733310527887,-2.5392017500333623,-2.733167364410448,-3.6019472367921557,-2.6345784629808873,-0.0009841072071477552,-0.3821968482655119,1.0748346225626657,1.1216361404965214,5.339662091507282,-0.4715233006165606,2.4016583875269566,-0.5869630973875616,-0.06448619707529898,-0.1062473316230997
-5.374316760302218,-10.104342216302285,-5.940915428467564,-518.8035193333798,2.5769359901777675,-1786.589677153397,-0.05673047953040476,0.2601922565717755,0.43854933922341155,-0.6878442602209244,-0.9564961450800421,-683.4785604517508,-232.5126807562074,-45.54507369555497,-16.946430526294563,-0.3740627429480816,-0.17173885135236913,-0.07413668381437438,0.3039160172200814,-696.8907246847858,-101.45029636512021,-45.50540019421616,-13.713284539955266,-622.4768536881469,-115.16809427848855,-46.70264502860481,-1.8972824016182088,-1.1881033202116993,-1.007722704682509,-1.6674671795935452,1.850453095004131,2.9467654188005694,-0.5778413670315202,1.108494335306141,-0.049540517962532025,-2.1674583359476762,-1.651492600819552,-0.725993263167951,0.5881882786661071,-0.8655886025896182,-4.06957950091273,0.623019200311648,-1.5275313913260975,-0.13476640240834759
6.20554383459917,12.811900788135716,3.081711171316969,-73.86347103811862,8.859264841347533,-1367.31481902291,3.1856277647288573,6.235232994867922,1.809604986784891,1.7576693756482087,2.1912888653251574,114.63726149095426,50.417717046564746,23.05153737457199,12.588845409491407,-0.8459791227293185,-1.7526055346205685,0.6364795157227368,0.7585270251395544,115.55633564631394,29.928193104377062,23.260786387500044,7.471753797450864,104.20326636122971,42.66933876470147,26.59199123736939,-3.229227644919966,-0.6624310110904237,-1.6260381382436953,2.1642570376089205,0.6361256534029865,1.7852322118940678,2.0244244820593646,0.8026239278556417,-0.0011305460805320147,-2.9757418864480756,-1.2096799081345313,-0.301460915747962,5.92951583467507,1.5013747199161542,0.06487269287715583,0.3788229225960038,0.10907247592774005,-0.06960542733194446
1.110686907835648,3.7850152950450617,2.756867612023383,173.4580462512233,0.327679833834799,1901.470669193999,-2.4023219221245666,-1.0003036296320513,-0.0351200120415822,2.4938774732215405,2.939288817672909,166.67579440958232,67.66270951845061,13.229862130634375,16.814155431068684,2.277104676394543,2.939094553668464,8.790288392923143,-4.117410623984344,169.42451003031462,32.18444168146092,13.115262598262522,11.630314728033321,145.89612201789745,28.262849506915494,21.24850363549895,1.6701164268527862,1.6397694658679727,2.692695075064872,5.910061026283565,4.4292483625050965,-8.160729134594355,6.567432674255437,3.5147624654016867,-0.004995316760411761,1.3180555673016687,0.3130205929389714,2.1951049595381997,4.344292134343161,8.828567728748974,1.3249945023329597,1.0978100816335736,0.19959450007012403,-0.10187098000142392
-4.481578671525289,-10.156365402178785,-6.210561869260369,-499.4976152504247,2.652460782160409,-1755.7750833104742,0.2791733268752532,0.4812288701011449,0.19438557428650585,-0.5012747970942342,0.030683255923538433,-677.0015884374093,-229.71678153702484,-44.184464088762965,-17.11353276486686,-0.29526997395222276,-0.3769210057454725,-0.10727144495465052,0.44856160813088813,-686.8693141454337,-99.79740362230866,-44.41014905373542,-13.913636226470949,-616.4044208249815,-112.69949190165593,-45.78021195230079,-1.466331304924339,-1.3842398385319243,-1.972578580826094,-1.4397959252950068,0.4682575574364765,2.6129468500125967,-0.45889422871737,0.20372823458523365,0.012719394422571008,-1.3231437398148749,-1.8529476412487376,-0.1294319237387269,2.0759738051439927,-0.46304421286421504,-3.3174840422666327,0.3747676764994481,-1.5318254476141782,-0.1278561345249194
3.8129078006042927,3.4397653114952336,1.4075123953695643,114.8496856897429,-6.762315119627133,1712.3396887234876,2.4754046308410227,1.019461743373549,-3.9686515010874333,1.9977693357305777,3.112699083973675,160.80284255008826,58.57607212251711,12.989587943978037,6.542050183532544,-1.5716656080386264,-9.163605058834559,-2.341909172857261,-6.0600125860361285,160.84609365290243,30.621665986585665,12.793175440732552,4.108998754554732,140.54087414956382,26.232724508429044,-0.45257921952573066,1.6706943822112208,-4.501310013236325,9.848657430697395,-7.365951922221871,-6.70660213457799,-9.8155924648509,-6.255226111514898,-7.990586150916217,-0.00292067707833199,0.119354729599587,-3.1875550161467316,-1.7369772790275453,-3.988997252879123,3.2824251269260363,1.2562763372630925,1.299063274345742,0.33018679223033576,-0.2961880782845944
3.7115596972563742,5.382707719812811,-1.0986652524256801,-60.19808801410529,5.624708860377707,-1171.032236213002,0.7565018901353802,1.1598334048049914,-1.4574060794884924,1.1558734306343705,1.9692400543827064,113.50753604368192,51.090120083701414,22.929912815797316,9.731663939943465,-0.46865976269134835,-3.037905698965711,-0.8589426120721004,0.5435370902243211,118.64511912148335,31.08093816317234,24.27900467688916,7.512027816102233,106.46591278589598,43.67334483519062,27.274481880750937,0.3617434670356684,-4.485202266874953,-1.7375840545933168,-1.127204106438218,0.055358748064401594,2.053440311461198,-0.49518041624639014,-0.9115525814949818,-0.06437835609597785,0.738918535930828,-4.997398963839717,-7.054235733650489,3.1394553407626047,1.2177714855364006,-0.6534001387278545,0.38570164531737927,-0.05164018172047119,-0.13473709038494341
-5.630132957946635,-10.1385174587914,-5.775322326268531,-521.6106285172189,2.4559209762024,-1794.8042236827307,-0.05012044879891028,-10.442602387648533,0.8035904037870436,-0.5983300533516193,-0.788969133076454,-683.9843566440899,-232.3215852164269,-45.584157053424924,-17.17307615849837,-0.39513833407109367,-0.3780132079826697,0.0030495461020756953,0.18748196147537838,-697.3732687448032,-101.75381611393126,-45.442121606940454,-14.02410467998651,-619.8447203872694,-115.56093306172366,-46.782378120594814,-1.7833940745090315,-0.8860639596719568,-1.068093768728755,-1.9009291882065182,-0.3383461320296891,1.715366025235007,-0.6353074385257894,-0.2229127572016173,-0.053793234737982136,-2.1265112030182296,-1.4149202417560152,-0.8928168047339399,1.9339631921774372,-1.4507117038927448,-4.243803000974231,0.6367103896655583,-1.5332591310913972,-0.14346613697205718
5.302954105199766,11.111602241633154,3.3101533227876754,-69.95738285105989,7.367565173263875,-1301.7440578598928,3.115237618008245,6.220943514743075,1.0350939709279379,1.3638619077316032,2.130751930461343,117.57871051627322,50.09783009478168,23.5910177699179,14.818553745139205,-0.7071684380993217,-2.6358282091971543,0.8005292960202923,0.814549889361339,118.25063951535547,29.79618262830638,24.858087095409353,13.67600920697247,106.7758587768588,44.15974677656298,27.774551042168554,2.415250223149366,-0.5794208679670274,-1.7432828361140802,3.227602038862398,0.8394495093008559,1.1580752932798113,3.348046629134754,0.9448902447008636,0.0014647594970729413,2.8708044498042633,-1.3085682714080515,-0.18005674267849797,6.320433072406904,1.4170896515156213,0.030270665550535363,0.4272154773812189,0.14016887328862324,-0.06462006599539025
0.040467455353559334,-0.4954389385555335,2.8570598451043248,-78.39628317454734,-7.583779351225462,-1430.9820869842476,0.9991115942541222,3.1186513745416446,-1.9386983100287396,-0.5556498133824955,-1.106122074375186,112.75301185503105,51.53563200977261,21.917595815909383,12.056506060347854,0.15402964133396893,-0.004767877738516807,-0.06265942619321041,0.973403473296943,116.08986793550922,31.372625740091557,22.00968633682874,7.7565367382666714,101.43999886989228,41.44387531032616,25.906131697239235,0.10171535543376792,-0.6249729739906884,-2.022890210250409,0.6430887909927601,0.024160658300344723,1.904369647635848,-0.1867807353492169,0.02496129632592267,0.14242697786733308,-1.0584215672397694,-0.21526599999317803,0.9689363760235091,-10.308040492664764,-0.4915995015965476,-0.22675342717827968,0.4722880991474231,0.03889333595148581,0.5965116222073904
4.5743700362847735,6.5850081880807325,1.5064148576173935,-27.645928290795876,5.542334423246679,-722.7599825523407,1.8942400369537098,2.6587261229901338,1.2118837156300653,1.9960268453206638,2.6667349386721755,131.44211215200434,57.66928301755148,24.360471610486133,12.897579094366964,-0.2440696305834241,-1.1932282110034913,2.164787212676017,0.9555120010364482,128.7109924991312,31.588408375924995,22.790909702532662,9.5829783090187,113.41095014995649,44.49896032243384,31.10405104304947,0.5187542895760783,0.12948402724233177,2.253994400187013,0.7936807846803029,0.036594669308547254,14.742593575680905,0.6820151224954842,0.20619452903230093,0.030573541348518363,0.725841189377761,0.012582289049016253,2.7552569521033683,3.1722141282601592,-1.1492410238918904,14.483900846018486,-0.015808601811235418,-0.19539282872889335,-0.027169895550487724
2.0046692980929106,17.075233181972898,2.2459209762028385,-73.98927390629993,11.45991794687588,-1400.3335550914012,3.083185682658171,6.685108015866405,-2.118530594002497,-0.6135527990640761,-0.7018130352393732,114.70818032167708,48.522957886533646,23.263176631073723,13.825912648345307,-1.2047900708300319,5.377796676751388,0.0715266502751894,1.3801202430984807,113.5813794897707,11.075853788797001,27.34485602997871,6.438889142810847,105.54123243620191,43.92760902097222,26.585521221507637,0.938132478426179,-0.9692732993619564,-2.5239210232863667,4.498371063866758,0.6085223763588636,1.5816440537829362,4.693225539271722,0.6137052284714974,-0.00018418344283575167,0.6455086348332649,-1.3483827760200817,1.3565441866699577,-11.141874954596576,1.233847589514239,-0.07315858745012008,0.4208711346901498,0.18716444851246786,-0.20756630216745708
2.1179874703960455,4.462835204920612,3.7645120395191203,48.307090957422425,-4.998402975696772,768.4293574528673,-4.218287577673167,-7.666636576983795,-1.5203411705724554,0.6241464676738012,-0.5143969497787194,151.69546095226463,55.43634455948535,14.37294041841654,15.423706565208247,12.665082503223926,13.041220598421637,2.544809718234596,0.22404399978248804,142.91898081372477,30.05204596989718,15.622919278732104,10.792259056981417,125.1508730179238,28.720174927961242,21.6831776398849,-0.7707620323878597,0.4938521515023938,6.018749414664518,10.735054527849151,8.154237784957505,2.2478913970707812,10.058792323491542,10.332040580878244,-0.005528317655750181,-0.4695601694844055,1.21782266500151,0.039938455191272905,-4.542056074004218,-4.060362902264563,-0.6945374383459574,0.28047472449944555,0.34471831170284767,0.5980081343024123
4.218839837676053,0.7635263857873437,1.9470372855751823,312.29471901492417,-2.2155818287451634,2086.7324980652816,-0.41674285110739817,0.09135493896755635,-2.4935133531340865,2.1956376826333814,3.8630575646470033,174.06290743654841,58.071508214486194,12.797139664691496,12.209373095036632,-3.152173098058635,-3.3355022557604816,-7.080792969864481,-1.0093536865883477,177.64786011949218,26.44562171686664,15.56259403470967,8.986049255028885,147.81401006309864,25.817088998063415,29.960194354966465,-2.5060634794384127,-0.2148858095917161,6.589069520255143,-0.13707498830983572,2.0658611437917043,9.326859915526024,-0.12209032060910963,-0.34843545218702254,-0.00652371597234197,-1.014364008347743,1.1805826648632143,-0.24527312400707957,0.3853287893919323,-7.167437803737738,-1.4411236238189475,0.5150951694984088,0.17306115902890462,-0.09044836202133436
-4.063258688893373,-10.215644664122179,-6.042618969567225,-522.1251121678969,2.497052996556674,-1792.5828904172197,0.17880421687985792,0.29661040452302173,0.3006003720865915,-0.43431234978221117,0.8416587432596581,-686.7625530721126,-233.3067774472033,-45.62722547357896,-17.116189054672493,-0.3914520041835928,-0.8651514290157781,-0.12436781019996718,0.2823241953265608,-697.6252150482633,-102.28994067320636,-45.71642631079374,-14.079146598617992,-622.9764079210156,-115.78534971174653,-46.74718462688931,-1.8606322321380844,-0.7149300588368952,-0.0005961246785255656,-1.6068525715800497,0.24740699855932768,2.7453295490332215,-0.6823204771231922,0.055465946493094456,-0.05885430243164485,-2.1132387946977502,-1.28092438155387,-1.0389261882815228,1.4827288840445185,-0.9054865096079596,-4.064961315240308,0.599769129881745,-1.5286670595044787,-0.11415316647746114
-0.2539531014151163,-7.8785231911605695,-5.779344520104576,66.66393141491533,-17.905768259881576,1347.9120073056047,-6.803112927843451,-9.430208418127656,-2.159391614747668,-4.031393763853662,-7.863451993851856,150.67520160241037,58.529670706485,11.663587882070484,9.445421558525979,-0.5514676199911481,-6.015896214188279,1.5792508753053598,-3.4118010784319925,149.57617810531426,30.662249841844027,7.9176184135985865,2.7384385698248277,135.07919172332265,27.021809127739782,9.919026665851206,-2.9633954478532987,-1.9421325518433616,-12.396868905556808,-5.084628718733335,-3.8126775284862062,-6.998671553365169,-4.455491357253304,-2.9253066220629704,-0.20457905435609547,-2.948693408542788,-2.1961728744540374,-2.305505031487583,-1.878393110204453,-7.720184269443649,0.5835233799834358,-3.1577308529915027,-0.4247426496074488,-0.2062071840039695
3.1851456768366257,5.1565594900613325,2.803822567879122,35.10325270537563,1.6716915918783641,434.9252693514345,1.1210112309730986,1.1874459020917623,0.07692050730281141,2.6644663830794904,1.145269136470592,140.89222478682626,52.47345614911673,10.557400154842963,9.172123530532375,-2.4924924143577027,-1.6385927885979341,-0.21008780842951993,-1.2773753050909573,139.14876786305027,29.956756630234818,11.694517436709647,6.9214854791465745,119.98756944305626,26.320834899434736,16.86645583737165,-0.5415524936355154,-0.23890428414561918,-2.88178289662474,0.9206194765123278,-0.011309561651150428,-0.27381199999356526,1.4663525794463679,-0.11279280558985065,-0.004425671778240353,-0.9705709576914174,-0.16274462181823837,0.6397150713783607,1.5356455693341533,-2.6301276905139166,-0.8344719702987029,-0.6259135805834947,-0.13195969745642522,-0.048255108731736954
2.0773023136717295,0.0003389283422519651,4.038640178360858,-111.17664955461213,0.19890363261957608,-268.4169755620133,1.597651786944635,2.404456630118063,-0.16840708534265053,1.690000604414572,1.93038951677391,126.22678091140244,48.574171821219046,15.676739679126666,13.144750962438144,0.2971794736162901,-0.856925740630959,-0.9356959249718958,8.646993176865234,130.72089219202257,26.214563532098428,18.4127482242863,8.270259664670583,112.6023179163751,29.08754878712093,20.79126331299141,-0.2885086874752231,-0.01778429744793883,-0.37888016273524305,0.7701503746484877,0.11365157464877187,-0.1065447372361481,0.07246063014964424,0.05756144247767783,-0.04933850457149306,-1.1299907854276867,-0.07646580861267849,-1.4011906590275651,0.5012980328177357,-1.6339877861271004,-1.0812935841313538,0.7094936133754911,0.18805285284251214,-0.13239181226377153
2.5675386778386105,6.306731776077275,2.6008762818243034,39.349119558679355,-3.8315312612312327,453.82159087268735,-2.5834721705680135,-0.0852250211327165,0.6622338836057668,-3.5751644652185064,-3.4135029051197234,141.67109818885262,53.16151384313684,14.85299578084798,12.331910892556667,4.994964530716464,5.340108711575521,1.151778120243998,-0.16008358515305612,141.09558855553087,31.03451458220508,14.148740127019636,9.500779950262618,120.07147716336664,28.13062786456049,19.448428878655324,-0.11542161766276862,-1.2889922940709733,-3.7093982360462885,-1.7767306675011476,-0.4713841792809638,0.9120947978805901,-3.5652337865625414,-1.3110397350395762,-0.0032704910459441933,0.027478979792691524,-0.8937256816954195,1.3664359748779435,-5.6160150017576465,-1.850262669248614,-0.8524782582666272,-0.6003351074691534,0.3646780200127334,0.18128716861932928
2.6452250093730783,1.6234173336636664,1.486188265439621,-41.24067227855902,1.706118994209945,-949.8565460897138,1.3001319962576419,0.36720776841522496,1.0009851569209982,-0.2629405314208093,-0.488711122152773,130.9543209794848,53.13094541224194,24.303929827667474,15.509224117201942,0.5062365471147756,1.6256402845397755,0.24829804676686712,-3.340208089129443,126.39172769426824,31.34688342333553,24.87590717393033,12.571056001758514,111.92128923883882,45.52228777859524,27.44561276935637,0.3402497937391784,1.2237492603738933,0.3246691941733161,1.1420261191137109,1.189467916045477,1.0000092576240112,1.0410034036106808,0.5993152274580966,-0.044887413179722266,1.144647269534912,0.552753250365229,2.5491288161839694,-4.911959783199496,-1.103437022285284,-3.219813397269022,0.31998346235249453,0.22807442489906848,0.20442980905393404
-4.452219475842282,-10.183686094334854,-6.2051081883126935,-492.75467947588186,2.674953972363549,-1753.5567239441557,0.5264425408552527,1.913216820615455,0.72314329922394,-0.4201147906721093,1.1599889867278854,-673.9346621792225,-229.12686792462,-44.303775247125024,-17.30370824807549,-0.2922076685030055,-0.31313715899331096,-0.5541582811824592,0.8038197702283381,-684.3098563920636,-99.38880503116863,-44.3425669081279,-14.020760684726124,-614.4086094516606,-113.11612354988871,-45.7488205552807,-1.5968481710868168,-1.5222019166191905,-2.549009198444964,-1.4203284961446316,1.0856865727340004,1.7892396901849792,-0.28078240964920326,1.0113426712794749,0.013431144858276949,-1.5187354438862959,-2.1458655180766915,-1.5074464751775436,-2.7224540052682125,-4.760806828246648,-5.184471026749038,-0.08055788358191694,-1.5341703444040469,-0.0833014069236241
1.8765777704153859,-1.1351983619230621,3.4390807710650035,-74.91548267193495,11.418543318849515,-1406.1974696798864,3.14296709439103,5.62075584842677,-1.1234702705359048,-0.8274420168978389,-0.7804910720204228,114.03400542051793,50.0873872136068,22.92201253682764,13.08653541503463,-0.667371100730743,-0.17000232291382203,0.05516714912448606,1.6934341907476893,114.9057999151618,29.728539252234057,23.256998857569027,9.127871333739677,102.86097229742582,42.05446422556131,25.78743464417775,-0.001023673450613105,-0.7054021636274107,-2.2514039095756666,3.6839371695235315,0.41311107936364166,2.0459507593089654,3.770096166036745,0.24837523349270954,-0.0019991068745476084,0.3976434899730602,-1.5244803667928812,-1.4903419015322448,7.9503745023808285,1.4065497034974381,0.08290368514204607,0.3524075678705634,0.1214341928116075,-0.12503741234806592
-4.669357320434634,-10.156728510245198,-6.2441901218652776,-508.13547219949555,2.5756525136470096,-1774.9701004415967,0.07450621559834754,-0.11958287112811644,0.17821159905781472,-0.46045033880220076,-0.28762302438467924,-680.0177347557843,-231.55721633172232,-45.226104610531664,-16.92518335553639,-0.24388178391734608,-0.08682494087881623,0.10561832479082928,0.35501822001015987,-690.4972531438782,-100.80739771069952,-45.22862675900752,-13.887782511120694,-618.9485994086218,-114.83021760123637,-46.87006261947795,-1.8398888176650103,-1.0486849578074269,-0.7366372244565038,-1.545282132549515,1.7968238224963196,2.217204776124728,-0.21546254920144192,1.2902004877888242,0.02047908204892019,-2.112249083126516,-1.4779061179686148,-0.24362633268532852,1.526970508316181,-5.043617467136097,-4.635912238630016,0.14291348107896423,-1.5300216181605069,-0.10199355475999043
2.2695363291178974,5.324450157026683,1.7473265222737517,-58.94166670312494,4.185243930080029,-1157.7894322489906,1.6135694509427516,2.1903962771320376,-1.6713276514970312,-0.38013179903837774,0.21895394016719844,114.88073627535424,50.53221027545328,23.745163694664416,10.167115127031739,-0.6982653476649294,0.22638465895024235,-0.7445980456778367,0.9206019361148604,120.19452009180687,28.71707171114833,24.750845158623406,6.866697614372551,108.258738918534,43.957783397067416,26.05691046490936,0.22672142670743287,-2.322578151374193,-2.7515413936248843,2.58605372287275,-0.14218927467853287,1.8789836498959396,2.2552384787188196,-0.6733893520037427,0.05388183095065385,0.4006928628824008,-2.136473728658944,-4.1573972526987975,-6.190272246214278,0.9366934210808162,-0.8566079932246077,0.3717399017960228,-0.04622695673270896,-0.16261913989969795
-4.571854313446954,-9.92659119919628,-5.730377376282548,-470.03366798366045,2.6774716694574594,-1728.7642251078103,0.7303339280394419,1.9412853862764807,0.433901839106567,-0.3655059957076403,1.4008221542214998,-666.4358438154286,-226.8965013775133,-43.57737393994949,-17.56253418892541,-0.28757166659325184,-0.5973948481577485,-0.16819583070561722,0.4524374650733602,-676.7074487362856,-98.38932991947321,-43.51925339150629,-13.831714977914139,-608.157840045112,-111.80111297525167,-45.97008506928532,-1.8116147305451087,-0.30607790066797924,0.6716837369502842,-1.6093943117674703,0.15308951480817334,2.1689514897130824,-0.4986359158057695,0.1408700380353491,0.01861355086321339,-1.8586163986131585,-0.7077045543607745,-0.7048902551958051,-2.327071812237829,-4.534841276837303,-1.0710877567180483,-0.08473939559479775,-1.552615162976673,0.15822036148578794
-1.2314422336785353,-0.42412854532308647,-1.1328741248004046,381.92037589382437,-5.900338830931987,2155.7869913825475,-4.432706545027729,-7.261817883238282,-3.5871851282124725,-5.483158367967046,-7.26238829481037,170.3950790195596,59.19891078782261,9.289845882894724,3.5299412398805385,-5.707323463731824,-2.3844968724428135,-0.3869572596475615,-3.6622519489951615,178.1579170452253,27.520407367506493,-18.99264550376157,-8.341782692106687,148.70515559047357,26.101646316664144,-13.28498676349585,-5.297811579721786,-1.389302322716202,-11.531380255025194,-3.5020041010152783,-5.240491211857414,-21.891244346348202,-3.311449865771559,-2.915375766087952,-0.003314443157800606,-4.854485782655126,-1.0985988051974211,-1.271604590411383,-4.644152035201418,-16.049400102237808,-0.37660464201516286,-0.7663418816914588,-0.8576107747813037,-0.17087481656639494
-0.3512666517970077,2.2083470530470093,0.22824207302079308,476.44935087795017,-9.54206156004491,2476.102291804767,-6.329233754855446,-7.353069947151671,-1.7501266128154842,-3.900472997607071,-4.646809641174448,181.8196343607319,66.20262138052189,8.873623454150824,12.843785008468107,3.7764085426418394,-0.8783496884404955,2.7185586441545384,-1.5887259347558944,185.63431419380265,34.36079882232618,1.3243572820168352,10.914341061876549,154.21112271332112,30.218590426486497,13.249737211765506,0.7919143653209368,-1.3646758449587713,-21.288441979084368,-0.3788535944795205,0.629450297163955,5.961027642871924,-0.6002482607223805,0.01865369729798942,-0.007932789221190978,2.0443686761643654,-2.577805410710745,2.2194250445143897,-4.363741968406202,2.6744271815858998,0.29759586619421025,0.44317534577241413,0.25635366197015835,0.1704328720044799
2.102553640317233,14.795055246869286,2.989938389625331,-81.44998384678884,-3.065742572766329,48.10163873750974,1.6480672358723587,1.3904566194698187,0.03252685471761096,-2.3981385316339026,-3.6219184555519788,134.1836160868621,50.24722948495742,10.177510372662606,11.369239000582699,-0.25712513832296907,-2.2847024298556073,1.3867831693492954,0.4906974583489048,132.35257670503387,28.38605566418143,10.733168332394118,9.582844955155611,113.07809741767187,24.471454267713778,16.431405189332082,-0.05846945858608275,-0.3513348662182517,-2.1601207730931185,0.15586157657628458,-1.9862892249843405,-0.6193360649587218,-0.8706523254252998,-3.1892928059327397,-0.033172967756608975,-0.8615935200073825,0.10157323331946788,-1.463317960239466,4.547839910275188,-2.9555219584762495,0.08887842074934584,-0.22398037862169046,0.7529153914123422,-0.20447124938877959
3.431175356374553,5.265205225363577,3.191235811994987,-32.3519115878849,2.7296276882638875,1150.8562707893511,1.5095682732961684,0.03599284724830615,1.2244819054026808,0.7925390021206796,0.7522962519995537,153.0569501962388,57.572892088441606,13.419479612590447,12.577527371123459,-1.78575010713844,-0.17672240370956416,2.01789126560817,0.7765772684281155,145.7647775101973,29.98390153541837,14.264605684796528,9.498777625256153,129.37810644035753,31.650917566567635,23.698690214484678,0.22812754634463686,1.131064356756833,-3.486981622083785,2.2037478577415985,3.9382412666102797,-0.3000105038718509,1.6024302179790926,5.426480981722667,0.00222066936670573,0.32146434444292626,1.588835464752986,-0.8143579628458567,5.962978700973452,-5.492846354662795,-1.0517628076622503,-0.9696629578478894,0.20028305149608738,0.002121159611438994
4.989623226781651,6.536433494829556,1.8823658136732828,-35.00981234696622,-11.634208594700237,1150.1069133859476,-3.5034822283075018,-1.4160696240909438,1.4699008731444132,-2.1008221350312293,-1.8226921214839469,151.6631512906529,56.563889828894396,13.654365300188271,13.066694175774545,-1.762709440534088,-0.5574391772527416,2.0262298895648057,-0.4381126372651277,145.58756855244232,29.907611635274073,14.256110953253707,9.490416390388093,128.8317673413169,31.22590511623089,23.657806292311825,-0.021545983472125396,1.0085816956930052,-3.3792289900386,1.8642586147782205,4.189078536194563,-0.3242969084630473,1.7638024578754563,5.352878123465754,-0.048669580917255706,-0.5052647267281662,1.361835763719416,-0.667883046164921,-5.969265873404164,-5.9861454231608,-1.0578238554072927,-1.0867129739542858,0.36501099487420074,0.018966729334334048
0.5376417856878475,-0.9333213238340179,3.7743927224677227,-81.28076889472389,11.024658193289541,-1461.9066907730198,3.769071165056813,4.837124021072688,-0.7273783140668462,1.5646310083645179,2.9263803862974087,110.76607317500722,47.631997818139254,22.940824285309336,12.05413013059768,-0.46497830230289927,-6.616740917805325,1.691474024761204,-1.9471660646297833,113.24382177697281,30.998246823752932,22.20605593827712,8.784271816378332,102.8153529990286,42.525820379820935,25.64678249773117,0.6757034855146763,-1.3028428607075249,3.6021678334213685,0.1815058850570921,-0.9615786153662131,-0.31162174459895253,-1.395904813506652,-1.5882889047397306,0.00023627584914248656,0.6230902652600274,-0.5884917625121361,-0.03780712955449654,4.774039622091258,-2.651956508287569,-1.326608710821748,-0.06809614945444109,0.5646357008198759,-0.16665692875825755
3.9680562117774607,2.755440340734369,0.44947117273424625,128.07764689347323,-5.168241938436814,1826.224163614771,-2.610159364647216,0.16503192590443982,0.2708636162072631,3.4268612305137807,4.2912262795572405,164.81175129464822,58.34279785299147,12.728975297237575,7.2884811530602,-1.7483849486110645,-7.722485537988747,-2.7272838687389918,-5.343037192089534,166.19571527240586,28.1169920035207,13.359658011959008,5.592818186761002,143.43414834370165,28.80020061642396,4.371372328434516,0.8720115518580172,0.503825075122259,5.978771773767407,4.494939202355102,-1.3718051520781294,-14.443436136074897,3.789363453104077,-3.6919226909378993,-0.006082720139214515,-0.2340250030744216,0.2602894341742771,-6.100038728673899,0.8251486151619679,4.816651236990517,0.856991367721243,0.9587759451110514,0.20108162333977225,-0.17525323687621397
-11.106267884118862,-3.717498058419548,-11.472756767529342,-31.468658795455,-22.525886518617547,1072.9360887383295,-9.185798253406492,-9.543874260426895,-6.850405237019257,-5.660613616351561,-6.3894895331399155,146.29694623083975,56.115499736750216,11.005014154301938,5.475354827558281,-0.025016674493072787,-14.20584486877636,1.4381603396529334,-7.807532410632169,145.49344804476723,28.9325605010868,9.133008088215435,2.654907229002138,128.8958988027434,18.904345975844297,-0.681097434049151,-2.2884438275687224,-0.6558264258301585,0.7763589283693721,-4.859104402749305,-5.27217600152416,-6.853711955076651,-6.955808060672533,-11.775546778875837,-0.006142210268519577,-0.5972810111086962,0.8087755558642941,-2.841588426954795,-6.850543159043283,-9.070914992069639,0.5110226927512447,-1.4489330950216057,-0.524094115273006,-0.28791801895602387
-4.54205312459041,-10.247372582115052,-6.252127189900568,-501.500780659963,2.5901195637950103,-1756.8271723252863,0.5353247938614807,1.925633181135582,0.9965787623784346,-0.4481740118146148,1.0457139457452644,-678.7439454166368,-230.29908447124652,-44.45970451355823,-16.930179799855853,-0.31414169906899325,-0.33824546151217616,0.040176378636697596,0.3723991979468107,-688.8313464800701,-100.1648252159665,-44.568204580693084,-13.986964262347751,-616.5129709238458,-113.76074904946837,-45.66752680651911,-1.6710883925112214,-1.3198313450707035,-1.7171770935436164,-1.5628344414441069,0.1878749411954257,2.702406021383508,-0.4827053579840677,0.2262351751468153,0.014705235055656123,-1.6424024009838754,-1.8485537891087929,-0.8442291718064041,1.461525542042227,-0.4842941016513266,-3.4111173436403575,0.4535074368171145,-1.5383291408250594,-0.08614773666053087
0.25314242046084967,-1.5280918692637264,2.9090059068563647,-81.61157925633864,-5.842097463260104,-1461.2880267758019,0.6411114952596565,2.037808583305642,-2.4252681417814346,-0.9875929603791478,-1.953713584715178,112.55541783324512,51.49816039763828,21.553306328852706,11.246979781617911,-2.032428774431245,-5.674602800833332,1.5056399158614138,-3.6159974658904557,114.87500607670407,30.555846882690755,21.45685224841755,8.61193835778153,100.76529418313694,41.56462782646629,25.75889769120672,-3.0852752617697594,-0.23499083991854824,3.198524847348013,-0.8287847821066459,-1.0754364667156793,0.06415462904574457,-1.6142717132386704,-1.608641061248292,0.07280257956816569,-5.373591586181445,0.6341813072799587,-2.12780503741122,-6.749665885647097,-4.696439692378764,-1.2856430239526326,-0.009448493834033636,0.4093893227115856,0.5320135462131964
2.0428088545823138,4.769660502097286,1.234782737872858,34.06567209388757,-13.331973233310462,523.2349767404836,-10.18462124479268,-3.9537760373082285,-1.9746049338210838,-7.734934002503991,-8.516225710724736,142.1202767346698,52.567345199542544,13.316571465351723,12.184066885689502,-2.651053443496596,-7.298727463808754,-7.547539140766384,-3.774331917490311,140.17961843709793,28.85657970203955,14.212677920257578,8.836849439429448,119.84658338064312,27.39152210940356,17.788025878436944,-0.1571722042505977,-1.028481162559648,-5.3928858370402954,-8.464064391493956,-5.099950681893924,0.01318751753075613,-10.250089181813747,-6.23551587825812,-0.00042954008484775985,0.3107415233110662,-1.1924718844736901,-1.4956363239852146,-8.755861633544924,-3.0239418403484133,-0.7750479627123689,-0.6179750391326551,0.2697894090837583,-0.20323074681988107
-4.562347193647381,-9.683120599299441,-5.5666830587804865,-451.56726860920463,2.5292076422357748,-1696.3097029346047,0.026734027541866573,-0.8385397202224358,0.36824790934560825,-0.6290750923468084,-0.630759445270857,-658.8271936584298,-224.31834063140357,-42.69939031230829,-16.760284078026668,-0.190833195469046,-1.0341515150363485,-0.4044720407377266,2.6290897084650884,-667.7962671129499,-96.23413054178062,-42.580583827533594,-13.951114845351817,-603.0950547339914,-109.81061898949145,-45.11200577620356,-2.401941529635474,-1.4134388232577006,-1.8149130997616465,-1.7577418082449583,0.004482440923982964,1.4567385674205156,-0.6857049374021701,-0.061426730708617816,-0.022196276004826924,-1.70329086788765,-1.7901933835916872,-0.1608863931759294,-2.5847423391530846,-0.8681781598511848,-3.7124719741950782,0.3041692560939826,-1.516237301723615,-0.14923641241814145
-4.51901780783372,-9.836712038268391,-5.762895218327523,-445.58996589872777,2.572141243374123,-1694.5313115575489,0.052051738565233485,-0.20068801762896626,0.9744824113234123,-0.7070681063945438,-1.0885033739944885,-657.6722362238254,-223.48399130832826,-42.711335037929544,-16.904416971266905,-0.2369886123756975,-0.3883060377947788,-0.37386929895683996,2.428758947673434,-666.3740583519651,-96.87414724611845,-42.506124751569494,-13.939195490400534,-602.1442114903696,-109.3921729578411,-45.109758929641536,-2.4046045264227462,-1.444803317330194,-2.7483528811438442,-1.6879521549020315,0.020279405645218004,1.4230310343696688,-0.6748117716055523,-0.03929008300553971,-0.013515199785436964,-1.7111131236295127,-1.7855756990007716,0.0091429767976011,0.5324660384095098,-4.403734567554261,-4.24024547699524,-0.1423340346310808,-1.5286389091979373,-0.1283947685515321
-1.3362629034285243,0.39521485686073127,-3.6987516978140174,334.2848069462088,2.3682247391538094,2127.0169482019965,-3.4316082888490356,-7.571380187876871,-1.9294791995541076,2.49173730260678,3.6641892349221847,174.585945181963,64.79219062944838,14.800064841200598,13.03190986560148,-2.030232213067558,-1.0591866404969363,-4.05865585578199,-1.1005409433575415,176.88206523756622,33.06068541592469,15.722743209860894,10.187243614529155,149.4773158383785,26.02149016426786,28.58002729525573,1.575541048530269,1.4638088532641125,-4.740734527685245,-1.0786143774333934,1.3397153002252153,-5.984627914799086,-2.3991144241546087,-0.49298016030507286,-0.003440994875264114,1.5545492437634805,1.01984628870109,2.2995708275127678,4.6977594285757815,5.252311491094398,0.46549104687821696,0.41048412919428673,0.17227857830475835,-0.10433751431027923
0.09206789766927213,-10.093390212948783,3.570259932546481,-96.7248755104429,8.521480377360886,-100.8424732258737,3.881337721292449,5.090834984962958,1.0357799485207355,1.8807625146467382,2.126786912705627,134.01645515947314,50.679178553827676,13.18721552760867,11.153128423181686,-0.45031682991834204,-1.8475251675274755,1.9340629127043334,6.751303954943995,127.71485554487492,30.065892620740435,13.724942629358884,7.71932296210159,112.32164858279384,27.55560206588031,17.44392353185205,0.848800028541267,0.6832838981902657,0.7555455390588833,1.3712421920985691,-0.942106774806958,5.277878006027494,0.9143862776940784,-0.16952249874151248,0.07108768765032311,1.163354750930211,-0.38031358697646017,-0.01991921882810862,2.12235016290408,-2.9862423720356643,0.3710490210706025,-0.23273541536752015,-0.16400628019016883,-0.14401162664063719
4.886291034824903,13.706544158374975,3.707821813348623,-73.8621734581198,10.68664379096383,-1391.137086995928,3.0764604956563866,5.863994217187739,1.5983996814351609,0.8151017749408781,1.7785359737963473,113.62238309708394,50.47645494409021,23.26619064545397,12.925634329751421,-0.670302181303527,2.624585172533615,0.3482742548696676,0.18944215660808833,115.0067540516376,30.26439718488888,25.24864995798478,7.898955811060551,104.29928701869846,43.06706889316355,26.489188247319646,0.850351285660477,-0.8639863298798365,-2.1336688097199716,3.2647025782208594,0.7414606739794941,2.105182857822745,3.209851943489814,0.637091376239061,0.0020021373977059317,1.066221505853772,-1.261719865790565,-0.7975877194667851,7.966440624422603,0.25598084734863236,0.007095493530399538,0.4860490723609752,0.13220737920614076,-0.12764755984057963
-4.976182228250639,-9.989985433381655,-5.558648404619593,-491.76654383895817,2.4801697254657493,-1762.4243194511532,-0.035335212721469035,-10.009180695868649,0.6240733327245791,-0.8765892828173341,-1.1429737785666503,-670.8916686779493,-227.14930506166664,-43.312397064254064,-18.068120897991594,-0.20139788605957917,-0.8189269785287407,-0.756890714916878,0.5964635876688184,-682.7262989958308,-98.91852884902715,-42.87413692186757,-14.271874533821357,-608.5073425774516,-112.58896312197724,-47.375797820902164,-1.8797621214547822,-1.6225828072025372,1.3174287311945136,-1.8442800261580692,-0.27529049771849273,-1.1672812355273885,-0.5925349819337843,-0.16491949838070974,0.00117445920791448,-2.186872032142706,-2.425836199914199,-1.7613243114867703,1.32458866589733,-7.084273553967545,-7.2211154780629085,-1.1663885889959449,-1.546368417258502,-0.12239909082585342
4.47885762276191,10.702259372318135,3.465091472511829,-71.55317763849945,7.466017377122155,-1308.3945594970678,3.3223045130787074,6.587270700616682,-0.8534057977708538,1.4135066289519003,2.1911625338508123,117.49966661527003,51.07589818821473,23.592059674881988,13.820064454058931,-0.48901572739933813,2.766429938774052,-0.21190016700000902,1.3965383868243828,118.6187703767268,29.919065831469833,23.54437538264825,12.417770312553571,106.79807489463059,43.10028871750539,27.43787862669519,1.3578894672468764,-0.8177072962164005,-2.924342962010575,2.7876086160409272,1.1144797126424915,1.4241506645582547,2.756339065310467,1.2072224986141467,0.004419786766291615,2.6803493881431506,-1.6860996598458218,-0.10321376457199308,4.75480220299666,1.4780560278203403,0.12613082177538842,0.40717563361436016,0.1375273769488152,-0.08554618739594397
-4.355737991411934,-9.855782485224976,-4.9010813750294036,-468.29377797785827,2.6029500882896555,-1730.5673523144644,-0.07102706470912487,-8.3196721516637,0.7060573229349227,-0.6246703659802542,-1.3005593243182931,-663.9159852944687,-225.96054573859138,-43.32317896227599,-17.564689313603413,-0.23228004999441307,-0.3603497351509426,-0.08949246483157591,0.21342085316986076,-674.3693735661217,-97.50481117280253,-43.16068075780917,-14.058475850480804,-605.3806958070993,-111.29354609614056,-45.96051052603851,-1.8331688052073252,-1.5661320494101931,1.4526782992403273,-1.5212071512202192,0.26700339288651653,1.8601130300009703,-0.40292830850239675,0.2204658755607285,0.019784912239608828,-1.9825495964111282,-1.8510843297773203,-0.5208448946961501,0.4339267838246873,-0.6560996551621194,-1.2139267355338617,0.35286220961119885,-1.5089579622873197,-0.15669867680919058
0.19898207165420756,0.2430690279053067,1.5479107918134016,294.15363735640926,-4.292930001457573,2059.275363474684,-0.31855335829719866,0.5994646879944372,-2.7020331537861315,-1.589636186301344,-1.968566392894304,173.3486541695323,58.38566906300396,13.64166103552157,12.674316062719766,-3.0448529775120363,-1.642621327017841,-2.0424748433953077,-0.1291914279887902,175.19758383244695,27.623134772045262,15.002842520143611,10.385294599919495,147.65633835066944,26.56651458079928,25.729519814074045,2.0331255950028746,3.257459294926896,-5.078321787083035,-0.0583714080868476,1.2292342473669122,-19.243682238854245,0.3143839103844317,0.37584824922161286,-0.005218358928380296,0.9992624476999038,1.0588640919663188,4.011956911527365,-4.2100115545102925,5.746479530817591,0.4486687116592273,0.7910303114241168,0.22242209027062376,0.2022899360654516
-4.767400230361939,0.020705411991646383,1.4464055031667653,-27.964127113272877,4.1565700705926565,-841.4720315537559,1.219947354779192,2.5736826840347375,-2.3863130090419036,-2.137005162525661,-3.3293433731318123,129.4080823472267,49.63274055721097,23.98695453433177,14.302238840387897,-1.3594650526648617,-2.5755354406895288,-0.7639591466338524,2.955762500355952,124.94859847659788,30.553029790902123,24.958329416598776,10.063389362731261,112.70389142282518,44.614342677247265,26.821487757236955,-0.37449569461234966,-1.947669192482464,-5.5256014600538315,1.3970604704086769,0.019181763352425427,-11.855211396649848,0.49195703787521594,0.7936923804765756,0.009141963698777393,-0.9310548438310136,-1.9142242489898051,1.751478396581307,1.6243752465371353,0.37606694257261053,-6.400217322254268,-0.15086448250885776,-0.20200260948732782,-0.03821622686315922
5.534942875853937,6.15214584330813,4.754973580418962,-49.6860695300178,6.713228650345237,-1073.8047149957652,2.3525069271220485,3.2586193149206166,-0.490988655170447,0.940794182036606,1.4289523046449149,118.71132325866238,52.147034374039954,24.455274919366012,19.063828848626024,1.0648809674389068,4.565900391271497,0.230583381551206,2.758006979706144,124.65096709270478,31.604951780943992,24.522776723437232,14.081739300980143,110.90404561485514,45.56467406983656,28.311860867622688,0.7607652331424912,1.3196800706897043,-2.1594990715951767,2.607548644336286,2.3846708338850484,2.0217767688686568,2.189917703971785,2.8048394096706937,0.008147388841513004,0.3351003994950532,1.4980793719438554,3.414127380399973,4.66132751538045,1.7153441382466075,-1.2024792449958375,0.2562581181197476,-0.016904486454305256,-0.06881425352898375
2.1236855234610275,1.8405274145741326,3.2924819495007736,-57.60360696573833,-1.844924213474063,-1265.142151171636,1.8536538420668207,4.50983874381905,-1.59877126492961,-0.917705481947671,-0.7755536731504172,117.0646024442274,49.06149188696762,24.24302794856795,16.124019501966128,-0.8502626860907123,-10.891787813159473,-0.05980177632963607,-2.5379509692443727,119.10206827262735,29.463094115767998,26.970602326379602,7.383542545454075,106.20335494116877,45.142589936109296,26.164116089841027,3.0892304875150787,-0.15255966065673499,-2.98226868418485,1.1683257417394524,-0.31036861342446254,0.8110151151390373,1.2810890202687903,-0.5651205092302982,0.0016430682391545756,2.275479789776459,-0.329030739758784,-0.3331229894394203,-6.4531971275002675,-1.7659332161068602,-0.17793519733771634,0.4845479293615134,0.5821095312637524,-0.10288859216017217
6.6153296545017595,6.509280392883113,3.340408112013849,-37.93701684202977,0.3825955069236362,-822.4709062419502,1.7120685808701541,0.48019384369300705,1.7920971026548733,-1.3303843279338576,-1.381455285395378,130.46162267983945,51.71395002906339,24.55755471040444,14.040276292572475,-0.05040100314549946,3.285795581814256,-3.2994809609830718,4.552045924226952,126.28258306538969,30.540380931584814,25.054643813634613,10.44070132016215,113.6013450152377,46.50806395925304,26.96503403617467,0.017289970493193585,-1.831360445326598,-4.565646002414466,0.6983394460811075,-0.22735773201062848,-9.57734635063777,0.5289191946898251,0.8173961844877442,-0.023480126537554137,0.14472671698807804,-1.544704076670149,2.508832778480847,4.478029906135221,0.540717552872586,-5.779738066833401,-0.1869839307135741,-0.1591003958527501,-0.06031982086895575
5.248593728653097,14.41453893647994,1.5489004729664775,-78.75725606532407,-2.167017398231574,-1430.122122401039,1.9546099502830714,4.295923233933716,-1.377370279617788,1.185223191605706,1.6201018289237927,111.8820841015456,46.63192260937447,22.46494259908663,7.724808974062814,-1.4360988178749625,2.854340654730257,-0.12779120370817854,-1.475977899803784,111.07009785052713,29.26660302518486,21.532756338182494,4.764754296684854,102.67828726504015,41.51436981827084,25.4962439441401,0.6799857729181011,-1.3488020692936937,-2.206356807233765,2.7083485487356347,0.31567093755410736,2.063249083523628,2.7929397873959907,0.05943973428670782,-0.024332578330436484,0.9038262755950374,-0.6617160947355132,-1.2974993451343846,-15.850977396733306,-0.5794766483385507,-0.009065321275053606,0.46143123009298315,0.044625313159165625,-0.1903374174438655
-8.635112055787813,-3.033207646643257,-10.056508899359102,-53.91606700239203,4.160103005387217,-1245.5621958450415,1.4491256648082902,2.3110267821080623,-1.8796959934500994,-0.9285114177659726,-1.555837149924008,114.1457759558396,51.74392527857497,20.64963440534142,11.577632218064828,-0.1113362437164888,-4.091637772124257,-0.14681123397472068,-0.6069970954972383,114.62219457416676,30.534743975066252,23.410726766149622,7.737248964667247,103.5452479802505,42.1466502816445,26.036632102107525,0.684352706791619,-1.0299477625379974,-1.3997504028941992,0.6006343564401192,-0.14350790955647175,-0.09893616741311223,0.6166342465862129,0.44506424261725996,-0.00882123346768321,0.20657035885436614,-1.5337621948608477,1.303319605206882,-0.04391790572992499,-4.5262123445106885,-2.318003789058984,-1.1536264156740996,-0.7229951592564634,-0.08198074564512045
-0.312555420632577,-2.4467325433037272,2.552205465986053,-79.94340516991915,-6.4130216181091875,-1435.2279601036269,0.5204118652973655,2.035669895663881,-0.25486979608781124,0.42094689398461166,1.8051419811751708,111.64752811505457,47.70743049518592,23.883368122034504,13.29836567181696,-0.3592162498005578,0.26708170407292015,1.6766326047400246,-1.7188116110867075,116.89610172332432,28.896888513688815,27.523541820535467,8.43225690739559,103.37989974556893,43.78055869443325,25.69704485309674,1.0648613961855216,-0.7359136737006611,3.8563185973683103,0.0365993772560033,0.44790660675986677,0.7179659286473481,-0.5119631059857054,0.43300850263341223,0.08205355443484377,0.9862006627103248,-0.90254929749803,2.47683530503336,-12.59389087608373,-0.6248574542629757,-1.0147636769484945,-0.1646263534891309,0.6802579746610555,-0.2904975754821141
2.998924193238777,2.0059561784101723,5.3024775918017895,29.48166349950895,-0.7436587771447261,256.8455402932652,1.205178400558565,1.0807598931011726,-0.971176540494091,-4.178534148158775,-3.514134387559068,143.2439259341049,52.757512836086065,10.244408274084481,12.238727506362357,9.182975322176318,0.1447883677200258,1.4299677357199119,-0.21800122596837226,138.82629990678234,29.27704992682432,11.603319243810544,11.58379762247645,115.37655642882217,26.36421977235482,17.473391352658822,0.4096825550363989,-0.25335560589516093,-2.6850588684157404,-0.7576272190081382,-0.9978501283678541,2.453026688575139,-1.359845816318216,-3.0849334703730364,0.0007899959650151112,0.3621443390840856,-1.0088246988972822,-1.1125282860702268,10.303174378758635,-4.2225736916795045,0.44274386888165773,-0.34517279465637485,0.4213347838711396,-0.14873782917832004
2.426140850788888,3.5786612580274433,2.737480194941571,21.484522729139513,2.1116224541807616,661.7136998722899,-0.26278267018978974,-0.7636786182424448,-2.244349616824222,5.053404319545662,6.7654519986043855,143.32479119522972,52.963438000098066,13.490972115836978,12.955207895700786,-2.079683290250026,-8.947750201968097,1.9168128263299433,-1.1936933253011868,146.23470977703454,29.24776722643893,14.57482080124722,9.8547080796218,122.66954871430211,27.477383069413957,18.98488361672759,0.3065618264647351,-0.5604122887740871,-5.5839822498320535,5.383480412148351,-6.57015847310939,0.8833020108742257,5.714046418528335,-4.815081919709893,0.0015882017342752075,-0.12073250182445049,-0.634463361769986,0.6404584314238945,2.9190861330285154,-3.8690339620055174,-0.9291323068654643,-0.5839454391598375,0.261040031488999,-0.08623339435749516
0.18311085365812046,3.3789104309436695,0.33524749717792646,-50.399510448151965,4.860104760723043,-1067.4308304069814,1.8444708835151564,2.1766421997320737,0.322324597307183,-0.8617221696481179,-1.0069310128785962,116.79036949827922,51.00615462503195,23.987527924201782,17.461876954269638,-0.8322811203737075,-0.2379218785511918,-0.9846288384629152,1.5657845694763453,121.50100580441942,30.958139973360698,24.18745439723678,12.910843435938556,110.08963289614654,44.86865680862294,28.21300619359289,-0.21428708637889732,-2.2334074504941084,-1.856117133172588,2.002348290320155,1.6063793006560219,1.7751756845246498,1.8255083572615693,2.8538844976250384,0.0029824368455423217,-0.4158075448093641,-2.7237374017781497,1.5483197616469042,2.5385481944682367,0.7045025852264388,-1.8355466276370018,0.3871090380108343,-0.044021647061221136,-0.036683731719312065
2.7233158762888996,6.343785472181175,2.3618340908632334,-34.85764271142909,5.506126755132008,1140.967135429795,2.3357604266521177,3.2203281622638573,0.3822150706056022,-2.04373372927932,-2.364461765394569,153.38870958845885,56.30228819932155,13.354688815209446,11.82578204629324,-1.430449014628187,1.7057202430142484,-1.9721398091724753,0.9269501117604055,147.12562807069642,31.11081414101462,14.546749469495701,9.43723538878773,130.3818021061295,30.99343222629129,23.35412977263501,-0.040362302803151166,-0.6679365473766977,-3.6669630617047293,2.9600346754224773,4.520927242703406,-0.3094108859268871,3.2195945311563134,6.145101288301253,-0.08895637103199316,-0.03437969537901945,-0.4362895529561172,-1.6432534287490976,6.630199226770994,-6.146389770326431,-3.725368852381662,-1.3158445616375085,-0.0809126055877169,-0.007197872859812313
-4.4383891676151785,-10.218635282888252,-6.144183028522017,-501.0574217109266,2.570679220466487,-1754.3847707915277,0.48977209710370984,1.9025190535537528,0.8584550324646414,-0.4713928768107429,0.17980406914205538,-677.5982186533918,-230.15952589119365,-44.42523445077516,-16.875132838308815,-0.20248991044855916,-0.3944459904725115,-0.029517705454725707,0.3311420984076821,-688.4971711288935,-99.79696266982995,-44.46554442767292,-14.020487161343572,-615.9799945499154,-113.31811999175963,-45.76387308898202,-1.4711954097012616,-1.343205661454363,-1.73621648587223,-1.5670795011502145,0.3966799451676042,2.751679945856859,-0.4573562393152366,0.27424124665991406,0.014605940783528303,-1.343559620334114,-1.8775216427010206,-0.4859949064333529,-2.7535564510581594,-0.38255648055493174,-3.5014041653900314,0.4782886319008372,-1.5376208741487998,-0.09523073327566113
2.468916039998979,-0.7755865223567247,-5.282783978067713,-120.22788887254201,-2.0856737834935886,-321.65919304818823,-2.9922062635861133,-3.7602021414099442,0.9012115412051653,-1.9548642015912983,-2.3718639189710395,129.09360107187422,50.24116621307541,13.768528018816147,10.864350393549504,-2.131160429222047,-2.8733395654966616,-0.02794351964768113,-18.819722242847323,126.68790133940736,28.69371755198142,15.388858661087415,8.7666264130826,108.91017571222042,27.200967454776134,18.878131849364372,-0.3197529765794001,-1.3341322131880073,-0.9913747656169188,1.0257875145668343,-1.522454836348579,0.891710326336105,0.4026225558082831,-1.2509676221351025,-0.07266200988420163,-0.3191647811324184,-1.0784012321223668,-5.835997873654733,0.23785135525511186,-2.8493241093529935,0.7413074981059217,-0.3966089980941834,-0.04720622500404423,-0.3822920310324589
1.459699839404412,5.77726106068124,-0.43366585118125334,-73.21369548770268,-1.0325826007404912,206.25061308554274,0.8677522147821879,1.3189154888209373,-3.4197324119043735,-3.839434748895493,-3.9386570557835703,138.0811097123366,51.02278192789799,15.63504503811349,11.586440480635432,-7.336341729635529,1.3485567937184912,-2.003156294449611,-0.994887554078874,131.88775287949636,30.046437004955067,13.51007699515874,9.00710222439892,113.7419309427468,27.958125289956847,17.3212592959081,-0.21706074714046453,-0.9998006857162159,-4.404303584700777,1.8656401720297302,2.589040654461669,1.339432401516724,1.9008401016224439,2.7951124975234896,0.002589051200370389,-0.26065146496914504,-1.0457265414959225,-0.08285010022556219,-12.284548658838254,-2.599473915976017,-1.5827511871535418,-0.2741353039188175,-0.4405435266797434,-0.1564760901525954
-2.5899372312776157,0.8518095121467417,2.035556030723102,-59.843605269295246,-1.9541144717152719,-1272.722273763285,0.8343194215659822,3.8003734994234795,-0.7981227845733391,-1.4040076919589857,-1.4667518088325329,114.81188199670012,49.2270788386745,21.362866370704683,10.951055530299781,-2.137808920398657,-5.440666803264438,-0.45823115236650636,-0.12408141488178599,116.64031368581212,30.530178599182438,22.49802412403809,6.670639351771541,104.32568356873402,42.36573900332688,26.354347585672055,-7.452861653804219,-1.317333700385027,-1.5302669823814778,-2.9528013157059494,-0.026731139268093028,1.928857752724149,-3.4697915989632024,0.2708694776292759,0.0331737577815424,-5.932876308280579,-1.8489270466763612,-4.41627395889931,-5.728119859253012,1.1774963918288295,-0.12472695666242452,0.37695379023757625,-0.04214945615736943,-0.11125299241206282
3.0664537911863303,6.259446673359146,1.2084929613165512,564.7147062528986,-2.9823333827496925,2797.965456221472,-3.6707890894247437,-1.4686524401141157,0.20830328725203406,6.237987827159844,4.822220572987302,190.22353402707583,67.50853966194849,14.602644279834118,10.356004703720924,2.2771848934276258,-1.3168074850336966,-0.040915191169125016,6.334045092761086,194.6525109282844,33.92036097773686,14.173271097198484,8.086721283588862,161.65203201463746,30.515594781989407,17.629004543249067,1.6754257815248466,0.8541549283315841,-15.998123967858067,1.259843562834675,0.2819422804240415,3.2937519348942996,0.1815652929756243,0.05687110958059316,-0.010361317637596068,3.581430652925654,1.3287258302023093,-0.5233590427783359,3.1458843866516886,-1.146099296844522,-0.37024714054007146,0.4367153325790165,0.18378495967990072,-0.08878006385176723
2.6816765612986706,1.8330707856892419,2.849211740723236,-88.84374053224991,6.309446408396951,-1527.9870599709657,4.413104172629612,6.009472974343634,-0.6890825679913756,-0.5671858547117442,-0.2770858290075174,111.45669125806667,47.75745347314329,22.113257168458038,13.692778100877595,0.020761556534943743,-0.5493746018108959,0.052002706121770104,0.4876369545061277,113.19120923605371,29.00638984453026,22.824774356515675,10.21590581650133,101.44401759849532,42.642305469370854,26.7808938997969,1.3878508540711874,0.06642978533176148,0.19566511783787868,-0.6485636097398323,0.3206667522094997,1.869659697867001,-0.5811587565802658,0.4507880919593425,0.11086607617368896,1.2084921513859128,-0.0844467454748643,0.8152272472412297,4.10638406408891,1.5355380506024248,0.4525168251650335,1.233005769570656,0.46017995166811676,-0.2275590628239874
2.465267800638393,-13.182488741165999,0.7347951631686922,-114.42045365072529,-5.1407973496889205,-260.2314057319565,-0.023131737588692088,1.3494045922923221,-2.2269374742435635,-1.9915356775584503,-2.426271761865347,130.38032265318014,49.215598347728616,13.819894885612927,11.925264731063448,-2.6285480218490522,-1.9004180968427635,-4.027068595005772,-43.12425770447822,127.20781236976573,28.2369615393094,14.17894676230657,8.356922496004824,109.95483407285414,27.311264880446668,20.40772480049978,-0.619356709791832,-0.4615520632020066,-1.2466384987867656,0.6983119382280661,0.9404945233933226,2.622475669380093,0.4367667155330143,0.6543521875870575,-0.03240874709466647,-0.6359995271968009,-0.7157054509012684,-0.7596821863413218,-4.1692812775531705,-2.0800412397877266,-2.181938837654227,-0.3850498287167818,-0.10936424595113962,-0.6087807352124821
2.9205996674197148,6.247951643405933,1.4226308134489065,9.76433716899668,1.9270545453134245,424.58083266975177,1.2716484030966622,1.851419548935295,0.8949636715474938,5.496921759621355,5.921975125734471,143.60008057564826,54.88090260288055,15.015739373068257,11.48919800200552,0.005843435479805512,2.6633491488916756,1.9101931704365878,0.3345394144945726,141.11368684261723,31.37824065461232,14.486282495129952,9.428534948906245,122.43406312466063,27.962582349400275,20.435952891316553,-0.2727234549473268,-0.11647421673154579,-2.496434712554564,3.8667817296423275,0.4706121072140362,1.1738175866806164,2.8839141612195545,0.6193666253166048,0.002582025525939974,-0.137671153876104,-0.1699908944920651,1.577427370059161,7.376594666609044,-3.4695511323945287,-0.03914862659673381,-0.22145652811878408,0.2331708393980923,-0.07463873004542793
4.120044107106425,8.572362978809851,2.43269362330318,-96.9909595341626,-5.774033228822375,-1564.3143367455937,1.5505148660928816,1.9974596120144588,0.14354081488405476,-1.7626016853559925,-2.5621100517090616,107.67342378230093,45.264338541534926,22.09962447039306,14.584730116079431,0.3706865190695152,-0.6252700609446279,-0.5050257329636876,0.03754373676025717,109.22903235612614,27.303599645753792,21.959335888571605,9.189772827159775,101.44626717771027,42.17601658868832,24.46286627910576,1.1750727149021594,-1.1071316153266066,-3.530367499456233,-1.1909249444963106,0.9183488857040158,1.7406270465606992,-0.7886687784128273,0.6094621312636119,-0.04213873419875896,0.8811180693502852,-1.421559793173185,-0.6978503418673293,-4.468184560638612,1.6730434215388639,0.17455551998113353,0.9418502870488908,0.3921694718136147,0.7371220018399176
-4.368217142541848,-10.226645875170794,-6.008150386176351,-521.3272207303279,2.5557171739161766,-1789.2728330593134,0.3709676640034363,1.8256770144175625,0.5114334179425574,-0.06558143618861083,1.5006430280524552,-685.9344184428091,-233.11390588158486,-45.54811655056653,-16.974839753585297,-0.1937418777879997,-0.47073501326669376,-0.007840728005178599,0.4004636325180197,-698.3824225671389,-101.7982511663173,-45.541336390705276,-14.023465975715931,-622.8150622566455,-115.80826851282144,-46.69774786149253,-1.8189590633264536,-0.78450581419517,-0.05374091774573843,-1.5767432882756542,1.834233755416726,2.882116349951458,-0.5317823740927451,1.041908945738894,0.10223365447849456,-2.1380201383348454,-1.303779215197472,-0.9465170091535118,-2.37136680225085,-0.8832187681465822,-4.066678982917807,0.6252933662010496,-1.5521066467906715,0.133927456382677
2.21614047969319,3.927361384576148,2.128591311229954,39.014567516529056,5.675178735722598,587.1130625416573,2.55646964646529,1.5818624878519205,0.10435062902773673,4.105458775445569,4.406416215226276,142.8736902827563,54.333788888705655,14.143861315363623,12.874405709196251,2.4242370582889228,-4.959694335448091,1.685582330103115,-2.0697500629017287,144.1098555048124,29.771436647541314,15.655889308848,9.433859708360876,121.66781227412605,27.6515595307991,18.541556359851604,-0.8199441494044535,-1.1299055622425982,-4.982364314792589,3.6037881230192053,-2.9522890897042986,0.6384338071455378,3.905206954850686,-4.657546398083476,-0.0011056613117993719,-0.22518089947988246,-1.2626693949694354,-1.7653490663703024,4.400622742528998,-3.3881565874710797,-0.8642656576429492,-0.5828510813415438,0.21267226352123636,-0.09489429879586057
1.6668584741708523,0.14330707312097715,-2.5260825059099505,28.74676708868042,-4.768134765783187,394.0977827226088,-4.674524159133891,-8.169689028444177,0.007510137000311445,-5.230679263819263,-4.476112218342037,140.83979026775393,51.953687184058396,12.508535217111943,11.77802762749764,-3.664074028357065,-3.0353624723907804,0.3882299374527981,-0.995753873269828,136.65012369142448,28.83572588875037,12.146318978387432,9.435038811971001,118.06674647215426,27.227756141754263,15.630664431681478,-0.07234391455023594,-2.015198625442524,-4.658388549515637,-3.4893203114483935,-1.536212497980642,0.9858534100845876,-6.059611326630383,-1.4463031108539242,-0.003909866734552306,-0.18645493662943374,-1.6964891173268881,-7.297729532127467,-6.108585805754257,-4.675472799766163,-0.22596419164946108,-0.43438035281906007,0.5211773783083657,0.24114681251098233
2.252179168645675,8.971429339476751,4.319917518092717,-73.34006167276904,9.839985759865773,135.87752396366824,1.1753179862407799,1.1514481341078444,2.5159629805441397,3.617453642982334,4.529244605926483,136.74075857065742,52.73888096574616,16.059058205538797,11.932934255538123,-0.2750975183903105,-0.7566036116220465,-0.6253484215185694,0.9468358586123107,133.99915476531137,30.088708324911483,14.055317292891239,9.373463004455,115.80540993358521,25.637556079054384,20.70682835332798,-0.09412071905951035,-1.8935435310503264,-1.1250550540240556,1.197734235050192,-0.8259261949134711,1.4527415308125247,1.0150895428548927,-1.2761125130539601,0.07708901342038815,-0.30363572796671406,-0.942628213872435,-1.3127829074433652,4.185671609598381,-3.5913241154266937,-0.2839094267322328,-0.26262789945328346,-0.19454851166961862,-0.08001550756886107
1.2572701374872262,3.4220731543147584,2.559480516892977,56.275157229885856,7.4398827026484735,646.7291008312313,7.435565041704529,5.117593836920448,4.3051896956280755,3.8431078941606507,3.5133928935555976,151.4483905137574,55.109570651643594,13.711902742734226,10.151273089173177,-1.3779030615880736,-2.7729810492458284,2.0007207823006117,-0.8263383489454926,147.4141009370523,30.951507273533956,14.072860390553872,7.490590320938888,126.13974897189526,28.617644893444425,16.22308726241308,0.22467158396956097,-0.3496406958908902,9.662651774513664,5.4436482037512715,-1.8797811227826746,-1.5427632889874807,8.136673292121035,-2.8030812673922787,0.0034400924631123875,0.1347373259029943,-0.36491498971946273,4.467395108596215,4.975871858352718,-1.5766340234174567,2.2269982393514898,-0.5480646363269085,-0.06610424473312745,-0.08667122841043874
0.03304668656958787,-0.9905578957869505,3.5850594064302586,-76.5415867521563,11.37716822479603,-1435.5937323121664,3.7655230565973383,6.36112737538861,0.06966238022266863,-0.501157575536565,0.4743237196633942,112.18647860465349,50.62534285342833,22.660004738208688,13.611340114772158,-0.28461024519761446,2.4580388330244185,-0.1929468855579291,0.6083504172995899,113.6957377105808,31.53054986488823,22.612648972948588,9.302388192064022,103.64066011075643,42.19479563472645,27.020334038462657,0.9797010210227729,-0.6091160781204561,-1.8744850038993988,0.6602174727933378,0.7162551465309158,2.1122262739748363,1.058417304437823,0.6472406607479156,0.004218453873997573,0.8090873223915374,-0.7805550863305198,-2.0842127347585255,8.602790451729117,1.6223856995988024,0.413435399219637,0.5866704924144321,0.29561801313325464,-0.12513357427180288
-4.139585151958872,-9.799060629447139,-4.977015366431348,-452.07613511011726,2.626631112622154,-1709.6004553320474,0.1359024074897266,-10.395153642547063,0.6150168203088944,-0.5944442217333509,-0.6821053685379402,-658.4213750212398,-223.69136811791623,-42.76725050533151,-16.942098695437064,-0.26907512565237457,-0.31483526403074513,-0.21083143373248286,1.5597245225537255,-668.3229408523008,-96.51841635233275,-42.40619327152704,-13.968940411122192,-599.710410572416,-109.88923367500828,-45.27176208125291,-1.9914566976700596,-1.462058275786049,-1.3535376282606904,-1.5316610871141367,0.28883497143274495,1.5187574752810415,-0.6265592710546793,0.26619105185633973,0.028913271259867812,-1.7735706455869331,-1.724699883214154,0.08673000748223787,1.690988353128876,-0.8759118735164224,-3.667191019166127,0.3061730052259781,-1.5107792984834456,-0.15531792644311204
-4.309034697167772,-9.775801556063684,-7.231797694510074,-449.2838449313613,2.722645880589979,-1699.200419427823,0.6266887320670813,1.9536027271306247,1.0116314218027034,-0.2769607757887826,0.8350648371682283,-658.5792076388104,-224.14452481522775,-42.68353256892448,-16.837406106991082,-0.29208667414444045,-0.5323118390606469,-0.3249881087114276,0.07160826779080719,-667.9694859346716,-96.77152788295005,-42.652875581953644,-13.921399532266618,-603.7421443162629,-109.15404801207336,-44.89169041341768,-2.16634306837,-1.4884391360504055,-1.8807552034366986,-1.439513484792035,1.0804507154539744,1.3647650370446192,-0.564446593645419,0.7998045402056478,-0.02366362372675151,-1.4545796284797856,-1.6839899114062895,-0.41331337885042785,1.8196799160005916,-4.653235496335759,-3.4031613947139,-0.134528150898935,-1.5400584889894635,-0.08530154731150581
2.1587253607972867,1.9788913553710277,2.8523328506314805,-53.88062861867536,-0.5809929666470236,-1221.1908309359687,1.7564702906399812,4.869001209238705,-0.0983890392341541,-0.8122591443452455,-0.9759215753506597,119.03516733569673,51.01308889996179,24.211513537546896,20.01653868343734,1.2230533948267426,18.37059266748809,0.3137400688567174,-4.314906409452101,121.19795307034289,29.94024970430394,25.654358022106294,9.441110860409633,107.98163232319833,44.87420164719882,26.989481913882123,4.155223397941559,-0.019468527693997553,-1.9584372696284118,1.575072307162757,-0.15183940674539104,1.0475048937370768,1.3129921298940501,-0.5931343234904916,-0.004743982566975211,3.3966115156266277,-0.022180555415152785,-0.4777290296422909,-5.325182650408019,-1.3870463677905591,-0.2019935294115478,0.41863109127618636,0.6510698971171369,0.22401663942505126
2.5426610718955693,1.680219132012383,6.622498949477479,-40.75905065105154,1.7328466835991552,-937.5848126966752,1.4352953599845248,2.1124990590976784,2.0710592154601506,-0.27210314053019824,-1.169963271959214,128.2116286388255,52.37599449214799,23.880914082573113,13.227380374027051,0.015193520628560442,-1.240053191815445,1.374561030529573,-2.978349958518917,121.65301196144362,31.44376957072657,24.43722902061539,8.342007296517838,111.68415970283182,45.08174852791445,26.823556757763036,0.32316452265556195,0.16912364403510238,0.28455976273818584,1.08271138972377,0.7159579133221967,2.044764685275819,0.7167026189591974,0.6816362356647925,-0.049409825522018544,0.02049521075758541,0.4418152400647678,-3.5578424088393787,-5.140110153299462,-1.1657247313845855,-3.0495764434285224,0.34776896491835924,-0.020604714553214082,0.36128360404338905
7.089535693352592,1.7032528109016858,-7.368011526726039,-41.55815205535165,5.271357115087225,-948.8768893719542,1.9521019727605777,2.940192068901707,0.8926007257378623,-0.015174462463792532,0.23069397577535905,127.3794771789585,52.8073643001979,23.906717420732033,13.395172960392069,-0.40503605584716884,1.2614705640479373,1.3450607700063633,5.345494763863761,123.58527923152589,31.74554371552426,24.453384602925023,8.258271834314883,111.87403777225367,45.65873553943421,27.217526879915557,0.1255696869916174,0.3386463326623678,-0.9589456148698836,1.0912073940481894,0.7104818346898517,2.280251219178559,0.785415460280197,0.35039813396512076,-0.04452330269922597,-0.8807568979514464,0.18879816240352873,-3.1316755529058207,6.0535739889804425,-1.3810632669671443,-2.831373338857203,0.32207782722758693,-0.061291526657190176,-0.07769778415619431
-4.252731463740513,-9.439531311268277,-4.702620603839453,-462.80967250192214,2.4345986419107137,-1720.6446188925554,-0.07902850720354707,-8.279944112040157,0.8293309985356951,-0.888912220169371,-1.0887530565232302,-660.7419703327282,-225.30895059454664,-43.405016406509674,-17.192890182779664,-0.18505415544542772,-1.2510044843346446,-0.04012553644069605,0.11926999785875973,-672.6050964220273,-97.45020303056023,-42.60426176038242,-14.064239459988588,-603.0706787860767,-110.98444617232862,-45.72753488772926,-1.7144874648954407,-1.5183159373184314,1.1417534781363177,-1.8386689887111878,-0.21324150834183497,1.243462941571564,-0.8017597257940797,-0.18968141493836627,-0.025116671050209587,-1.5759994609376935,-1.7754872728754791,-0.36078812601296795,1.2986232200691084,-2.164796927912417,-1.3474190848007073,0.3833345682483453,-1.5343419836138332,-0.18098771570618433
1.7394983520996106,3.1520414010945084,1.982527165958998,38.008824253559936,0.9566188638199319,430.3190326822122,1.106644376186663,1.6422413113317138,0.36980427124447934,-3.0789279130953493,-3.063139099828715,141.05270683700545,52.75190060797734,11.162226843601697,9.008231805151128,3.4605430573581635,-0.35462385889594367,0.33530986897488574,-0.4398744016375806,139.45215559062186,29.981352058398887,11.636753914902648,6.973120890178833,119.5766728871471,25.979002108802792,16.51265616731055,-0.4444658628955099,-0.32137317447220093,-3.178597518757136,0.5911520912578843,0.1251673720981399,-0.11376614924026973,1.2118708712266226,-0.1439860670972486,-0.0009195323179107817,-0.6019379723196421,-0.14653821635152883,0.5109022325639477,6.872187753601676,-2.3306190150491446,-0.7333353929013879,-0.6230704767445064,-0.06627061391639472,-0.06893781487139865
2.2794439105738635,1.444666095462633,-0.21669927689704993,498.69831158508646,-0.024906097207872416,2550.483381626485,-1.720091462168501,-5.505096210675864,0.5035180384270889,-1.4662496743479578,-2.956414227425783,180.15405362151066,65.67224054710532,8.376366782193607,9.83328165370418,0.21402895197540472,-2.607901530429621,-0.1972501813620185,-1.0851954916527193,185.39937276543867,33.326581991688826,4.122018063881353,5.579888283587305,154.23691114900848,28.825214817672926,-5.289850827402214,-0.2942902264693137,0.4420441347111038,-34.650857050537276,-0.450728082471307,-4.053156616856913,-11.531167228123353,-1.0752621395979998,-6.766475225394987,-0.0026847977647431187,0.8356708312237308,-1.0469992138215494,-0.6753409163144557,-1.7161389375030607,-3.8621233643139123,2.0984605900071243,-0.7675064002992457,-0.8145412810939664,-0.16530213861358511
2.9220709363851305,2.1373537433499576,0.8590182416365476,615.1337527848619,-7.753991802094662,2897.813963405736,-5.065231579606286,-8.302886428364026,0.9979162570949468,-5.439551780049874,-4.857378818683408,192.0861000667606,67.9725985251068,12.45977195548566,10.874688720189427,0.8555982322240231,-1.36533941180919,0.5189389726008654,3.6832072662174355,196.02391737580598,34.018419264772845,10.116043355447044,7.5112715496537845,162.6059267148659,30.148387428271803,15.627979217258014,0.049582142693148375,0.7860789019921105,33.851466036904746,-1.4593937243380668,-0.8636742078183904,0.27507207796378685,-1.9056454092995445,-1.4241252558686917,-0.007856728919859363,-1.2663969323396995,1.679743789817742,-0.6512534373817354,-3.560350534263743,3.434122341155368,-0.5467488080023742,0.46069592287261873,0.19563807453316745,-0.12293033196814598
-4.798802612637424,-10.111582121581714,-5.803899705783394,-489.933780054333,2.584411750517823,-1741.9127707283808,0.3976484780940883,1.4634390371789585,0.5864666260041106,-0.4648657120118204,1.0286417376282468,-673.7069624562236,-228.3082787119436,-43.810965611496854,-17.723685700771398,-0.3099212650390665,-0.3381275970298053,-0.8727839741253174,0.3624038872042888,-682.4004718716428,-98.6965145173305,-43.90834818899854,-13.911886346308199,-614.5729171162919,-112.47592216863136,-46.06747106964838,-1.5219585687129835,-1.5962700078323806,1.148216231820888,-1.2749980612709122,0.5545567613408738,2.20259862943603,-0.16748152353957535,0.6343813772184229,0.028459383908521985,-1.5918151122776532,-1.9852969580178095,0.02960001010276264,-2.2747748114702597,-0.5168808272804291,-1.7731788177413028,0.3639610202753959,-1.5893919008470676,0.1469447067191595
10.020584091229047,20.49844854480458,0.06334041084190212,-228.95015744752934,4.6121535482655425,-1320.7140962433382,3.8688303560023884,0.889678588187274,0.26931412509398467,-1.5688955808226344,-1.0557855381418677,-398.3250361830415,-53.70092179769789,66.76874458363243,75.2535492022725,-0.47497789998822837,1.1525477957780053,3.278309442717622,2.715176799839024,-408.1951481069769,56.051024235531365,65.3953958226178,59.22367415277521,-339.46535908470963,85.28802350445866,87.3521485093061,3.183829487238655,3.975681904327084,10.176542734212273,4.982439521715874,-0.9341862725685761,7.573199084653857,3.708998940858284,-0.670257873733583,0.016431053404061605,4.208914948574124,4.884517083740027,4.458664412731656,0.4196255135243343,8.596330895933502,21.807792878310273,-1.3142162500272976,-1.5097047703881012,-0.12200577466896288
0.956775542584839,-0.6197079403214807,3.9956498485659706,-75.6625269646965,10.455651058466303,-1428.911186947224,3.542422393630579,5.087626659281109,-1.2322026618073565,-0.7912146382484772,-1.7846875053128344,113.8540358966606,52.12884179780568,22.838807690216367,13.791155165528357,-0.3169091850612237,4.687940453786459,-0.0017205186009159879,0.7508331336782487,114.75314219028348,31.58657354438018,22.711798046133552,10.312837854690962,102.44060613193047,42.567008943384785,26.595980831430648,1.1833273828382658,-0.8827212949990204,-1.8018116077688904,1.5367548665872355,0.5359715966529247,2.396142305542437,1.21041323396256,0.3414698998442468,0.0028829740116803823,1.037401687149323,-1.1697588301774833,-0.8544803750601553,6.9328493163929625,1.590875633096942,0.3153741128451446,0.5741208440895029,0.16217813427552216,-0.13625441582412007
1.2091037131458726,8.947276553885516,1.4439299563247407,-112.14278309619941,-5.844814948394707,-240.79020069789982,-2.9958744352699793,-1.5258039830286432,0.3485361627404406,1.5075320503605671,2.0852753293532866,130.25845805679032,47.43382605522954,14.9516999111958,12.623032950901134,-0.12693093052363155,0.9696218352160476,-2.594407055184039,3.5680018024107274,129.55684554904883,25.77733608856536,16.491716009356118,8.014472441601285,111.0865449184576,28.900942842016384,21.824019157055673,0.24313933727716486,-1.0950597571435134,-0.5615493478440704,1.1627097923136196,-0.8685972469142499,-1.4161520701643922,0.4944982356961794,-1.1934294800630016,-0.010105152377379023,-0.03241320370735286,-1.4955041329450112,-1.1840156684447074,-3.9315038731431424,-1.2324088532990412,-0.9127329537267195,0.6642146602406709,0.43385669278012046,-0.25737267097908306
-5.148077005846938,-10.286427897723453,-6.2404586297178115,-510.4165999489306,2.5927628527137636,-1779.4944887836755,0.4708186971019268,1.8479472929320795,0.7850620339822428,-0.40119081867880035,0.23752097479493378,-681.9136652764229,-232.0831587825001,-45.23585352395804,-16.820318639790752,-0.3866315387366879,-0.37968451356058885,-0.03789075448155582,0.678767009639899,-692.6441478104589,-100.98734530574622,-45.32536508518883,-13.865850987925597,-620.2708783165167,-115.36351701796626,-46.014912269381895,-1.716428629636894,-0.9911550325488174,-1.0321165908501222,-1.6703927629803523,0.37853772629657345,3.041020152810301,-0.5102625145599505,0.18847395655374816,0.06838438285143181,-1.9029312706416335,-1.5547134283941761,-1.0879870135810317,2.1688145010610547,-0.6683302224141594,-4.0812380624864835,0.6001087274368427,-1.5381520717851649,-0.07688577489575545
2.3713173863339616,6.012594469813605,2.3153982026062025,-66.683363734423,2.6369601434348637,197.57975742824254,1.1738910799589988,0.7855661914704756,1.128349624217356,2.6711687936508386,0.8408594706075565,138.51481279023926,51.95310920455831,17.07704749833448,13.357871078672419,-5.2164452189025905,-3.673816686755936,-0.7036389305025462,0.9210110893614019,134.79883326602504,29.371940831631623,14.204304301007753,9.61599115069012,112.62694079705307,30.745379211182247,20.574999280406143,0.10745683127350053,-0.1761479887211421,-1.9482394860279613,1.8878744893896664,2.1384479587958976,0.6604534637672511,1.3163800914305765,2.510148608364985,0.0007053002975084058,0.12631536206413718,0.012727234329374719,-0.23588007819285658,2.856947398005731,-3.6775131926139806,-0.10036661967407108,-0.260145821300218,-0.44905646557488976,-0.24969779949897503
5.209691792311697,15.373516623899759,2.1336675339213422,-77.65356929970419,4.941884012850436,59.23581134147399,1.8594541337190669,2.2141712674582212,-1.2737407261233284,-2.1129771638539934,-2.545889956887602,136.13320330538886,52.267035217492904,12.425318492818402,12.06307772349768,-0.17239625478886678,2.589768471883692,-0.6125708702527797,4.11265490570123,132.88980805692938,29.445204779942397,12.96492647713091,9.237488690604785,115.4828326051627,26.92637909708588,21.278726316225267,-0.11927392158759752,-1.1280648368947377,-0.5450964153606545,1.158923427639347,0.5814415111691631,1.911306528014291,1.344924726125254,0.06456332381499769,0.0745581877878006,-0.2601013561360148,-0.62750541842732,-1.28482641842886,4.823397375284171,-3.254511861856697,-0.5059482736238556,-0.21769085774035954,-0.2572680983081223,-0.12179488681626473
2.2193320113563377,4.521523672262068,1.5609203259237843,-54.319156985559914,5.757913482721188,-1120.8301610562467,1.7624816724238863,2.715824585548222,0.5174212992859198,0.9171492990108419,1.5415667373245618,117.47269691209578,51.079081731865436,24.175341083974757,18.555973314521587,-1.0064370566744665,4.804697422383263,-2.3538906834422724,-1.3198344267180844,122.08355856044936,30.879435260789805,24.44134215837237,13.400603684296016,109.72791144399969,44.46864824488244,25.0017696352045,0.6421937856710793,-0.16371134357489636,-2.7299000263446582,2.2784683401121057,2.3051882826287478,1.9750989189253518,1.8516472299203368,2.668791540473575,0.006835361923359137,0.4302982427372669,0.03487916152997959,0.18414293864958636,3.0744391930734616,0.8168312708393151,-0.5041076428036546,0.3384826538895104,-0.042141200318438404,-0.04363287459442819
2.8103903982247176,2.6551080247107697,1.5530578776080257,519.4292575899136,0.7189008707006834,2638.8946216066884,2.7638422645993863,-0.19020250621423254,-0.2916302976234213,1.5535739256091838,2.665409338776909,183.68555298134595,66.37985787494948,15.41400275481669,11.652651394768768,2.1272106025418553,-1.4307161723584287,1.962263400413502,0.6289759975359578,189.34991103701026,34.31227150506158,16.149103702530713,8.085575890725616,159.4715536977815,29.0629191540185,22.51873570107774,-0.7219844260452883,1.3186752236456367,-18.703672099559096,0.7488290117191141,0.15419294781029905,6.952177740920994,0.029848176810005914,0.49024551835025587,-0.006704851785913013,0.5065701823742805,0.882819131747831,-0.2995330926925149,3.6212428989338736,0.816438538102134,-0.35941046559342543,0.3963199968706109,0.17420916587471985,-0.050489580436591186
-4.541298249896958,-9.899545537639742,-5.561185699563016,-446.0061541744793,2.5397715735297517,-1696.0444701049687,0.28475352005322674,-0.06789194414308108,0.21378460439900107,-0.2503765546448186,0.7879215365016727,-658.3687855804652,-223.70719192471145,-42.55261376902463,-16.7317615939268,-0.288370075673405,-0.13291765231004837,-0.2159365430718307,2.681640685043105,-666.8850470031726,-96.50931389019348,-42.496855885135794,-13.612330916589501,-603.1830752279934,-108.90464464816777,-44.87809588827039,-2.176115387864267,-1.4802728394021991,-2.6666032489125473,-1.5233627282165916,1.0911952691836062,1.3888592858768378,-0.5850376583459409,0.8935322794339965,-0.022837735387202327,-1.4126950310264534,-1.8124557796962324,-0.7777377439699957,1.25729032197891,-4.609775008267597,-3.3948113126169126,-0.13643137539220218,-1.5716806113369985,-0.11052941844523613
2.5389762217132876,5.978421192403843,-0.49622930668908416,-62.142276675698774,7.239790930178632,209.62994672761064,1.8900363925329473,1.8043636077029548,-0.9903212606567044,5.180159906209756,7.385379038400671,139.83185819676623,53.348684040467134,17.356261288896746,13.196199714905356,0.43373203980540126,4.986432830042823,-1.044610705833465,2.336858451497993,135.48586627456933,30.648037705729603,18.152073305442386,9.268740281450373,117.53993704988623,31.724302102181074,20.393015422510608,0.4821760614309205,-0.2267670637005793,-1.7486582390675733,1.922366276312791,2.4125671092562624,0.9981355874986064,1.9988112308127217,3.384235465461454,-0.0016372931532186233,0.34137265961126156,0.1893930594248454,0.5588723947891173,5.941620560615948,-3.3619089240224134,-0.27825607019605364,-0.24987409358557075,-0.37133173976797923,-0.27008754292013426
0.28798977863653435,-0.703715802614481,-4.11418658815404,351.28908550216414,-7.5352606007663665,2077.424033383203,-5.02500443639171,-7.393855466120911,0.7879076594847841,-4.509269822416551,-6.7473392028074475,172.30368523619046,59.31170800454282,10.325771230955674,7.672548946060396,4.791753314269768,-4.359410242455185,-1.975953896594784,-5.501648628327535,179.2096129579873,28.795738357948643,-14.495056825083097,-7.823296909090577,148.42083598011777,26.898650837372337,-17.6703832593812,-2.0954831067942705,-0.21167894748373595,-5.6405518545014806,-4.709535112975303,-5.831779041393207,-45.462231026643494,-4.346971430766954,-3.092768355649835,-0.008747283086415342,-2.5849735378237937,-0.2008182687026136,-6.485885413941113,-5.441081370049245,4.799492681400347,0.3196845291166162,0.3569284543026191,0.22887297088549113,-0.30365480757735175
1.5328780098954011,2.0580517811937193,3.048520891837276,-90.1488581488336,-6.426177581622864,-1535.3372709995042,0.08995634766846516,1.348567684564082,-0.6377709308117987,-1.5756093053959184,-2.8124808415843345,108.97090750338488,45.60915748901231,23.13888890586955,13.194490690795336,1.0441098439284446,-2.732399103401441,-0.006022134756013542,-3.4987747811296392,110.19572756617652,27.685621774834797,22.400771010252093,9.583744992683517,101.44350992841593,43.21377336610949,25.856041959196272,0.9994479286829329,-0.05094384100530809,4.612323905281781,0.37377682521456634,-0.1337876597964176,0.20429015282368043,-0.517376587423743,-0.27651707589061597,0.05491952824002702,1.1341376416141387,-0.279184638688393,0.14733553111222208,-4.243846095722596,-0.40664654282071455,-0.5818740723240997,0.07865409734861808,0.6738316834292677,0.8089965699317916
3.0127163368277974,2.61490271499911,2.9762253576619804,-28.044853882181748,0.34782819790807135,-746.8780695531208,0.7806878413464304,0.5751140921453932,2.845132040614344,-2.2327376806594748,-1.7014613565329175,130.5253634825116,61.88565022218248,24.63739608391396,13.313843178960877,2.691462579023993,3.660431272517371,-0.12100875764492569,4.969380904870174,126.72728368793604,36.052503921217834,24.4401568855988,9.415306119544606,111.70198425805286,44.718148862792276,30.007896617203638,0.2614163535238604,0.2198082357978841,4.606731661125996,0.975581236272446,0.5689750862952843,-6.21995768594908,1.9218857636164894,0.48155516322116504,-0.10716384140495137,0.14526387618367992,-0.26072485559917,-9.606416097354492,4.959024930319268,-0.6910094482761603,-4.050375829108174,0.378445119341125,-0.17431013380121918,-0.07382580342624935
-0.6409612020036795,-14.314103771480607,0.23341009421971254,-84.688088745439,9.55002695207548,-1465.372322782289,3.128509532203574,1.9367371440474124,-2.167580212050747,-1.217658926303339,-1.1687248842421527,111.28487727456329,51.20716943751627,22.053810664520757,11.63213179139202,0.1821776752616505,-5.852876626505755,1.5921452733037325,-3.516595615345515,112.69194958217558,30.480193186119976,21.158964363596272,8.59016679482969,101.59761564193248,42.277787838711596,25.775100213196918,-4.315136128401898,-0.6248335585682714,3.73608619070494,0.8590741690711935,-0.9998117370851936,0.018998642748912165,-0.924116506241969,-1.903792838905165,-0.005657170052997124,-5.746834692243691,0.2942377219405925,-2.2737037806422156,5.085421675864433,-4.203613659218028,-1.237197141580629,-0.010998465938157342,0.4958161491709825,-0.17290569620405177
-4.803954652313481,-9.658222367564683,-6.026119897001578,-479.2800242999136,2.5618277046296276,-1741.0651955451563,0.22978145278229553,-0.8556540412631413,0.11451844901729927,-0.8722291305318882,-0.7661078807728028,-668.8878004973863,-227.7045142008983,-43.77500663210342,-17.55379518431053,-0.08114654059231219,-0.1502726988527573,0.18682083837715607,0.7729289520099089,-679.4955749695515,-98.01642337195892,-43.706461835456246,-13.870119861586499,-610.7437199035127,-111.33712965860433,-46.13462149371457,-1.4781696345187993,0.14658978571203762,-2.937124600373829,-1.366538605465997,0.6045099973611116,2.256920257128638,-0.2596495832490162,0.524682057466192,-0.0010846704152073644,-1.6224770389097116,-0.064727419157554,0.038049681898004784,-2.6837379315595813,-4.787949222560976,-5.1600551879987595,-0.09064891285984726,-1.522871487694564,-0.13239903894146354
2.3291269328985673,1.4619703207751327,0.31674682141388616,553.1716591391346,-2.660770726864505,2727.927802065328,3.225583699285455,2.245593217690931,0.6890142401757274,1.3173513912429802,1.204895012474853,189.13579556174997,67.79867692657383,15.855550612530186,11.51084185876888,0.6812233109556118,-1.0741676323301776,1.0509564170892456,-0.2659232281205931,192.84908105942668,34.077713076816856,16.101499847408522,8.459222879644296,160.41385655457688,30.57115281677284,18.119299431395618,0.26416667307817493,2.016529889130927,21.450017862856704,0.3287682555110627,-0.10724977544414976,6.597993370871085,0.013391975710977957,-0.15391664378695596,-0.007087984378243983,-0.4143719184101672,2.280070566269558,-0.9131096142181868,4.817085200496454,2.1103511533301686,-0.41170184425119505,0.40427987821647493,0.17876115775438473,-0.10442360344569937
3.507505707890301,5.468294684646594,1.7838010424139226,-30.907410500695303,7.103584981922068,1233.895034682579,1.75051734840599,2.7241417926331257,0.915984804480717,2.459553370293071,2.912162334464004,154.91457471090757,57.29898124086092,12.979492671560322,14.761158090905562,1.2382943559037562,-0.3417400229698675,3.083936612428257,-0.40124637099960725,148.56007685591507,30.971699507630316,14.85550929157007,9.077632546778283,131.5220988337559,29.279022964488593,20.98739132516672,0.540315906607077,-0.414369756161667,-3.5440679593418833,2.2301645065816365,2.709393913243257,0.3563483048958526,1.1268773661304117,2.9629166645695424,-0.05243210963478351,0.7089686054104085,-0.43436373144306545,-1.1292911767927964,1.8717713231892152,-7.840454666212477,-4.153435088755242,-1.5292404302449973,-0.04443027954946932,-0.048223604887279434
3.524196579291423,0.9441363745512434,4.984584633298176,-41.81810601163741,0.08007187846250416,-954.5002105949761,1.018339185648271,0.054779631380201255,-0.22210234690613767,0.5734709965234339,0.8907590496741714,119.23960034452342,50.09399310947696,24.299595631055215,14.681762767606756,-0.4635090010098202,1.0625743176630154,-4.0523153791117705,-3.0655488531186945,125.04773389881343,29.73408704699227,24.05332566666879,8.975310353928322,111.80921655608273,45.374637174547466,26.67857360473854,0.00790378766137656,0.5134033736091659,-1.2882339211706448,0.8780546142675062,0.6683000845420471,1.9039771226466011,0.8304001115200292,0.17632742999198303,-0.10956669536232601,-0.13173713757206973,0.4469807902955404,-4.721635208020573,-4.971878079424854,-1.370497853667397,-3.3528560606520794,0.26557105519278906,0.10329896650564446,-0.10296543393796245
-5.539148424590187,-9.89147139240258,-5.5842202806083,-517.2298652307393,2.493383520930876,-1787.1542602798936,-0.09860791709531738,-8.135250247251076,1.4017422784450408,-0.7289277381117741,-1.2296382209456178,-681.2564149513476,-231.89662716969602,-45.46754990234979,-19.604299472930215,-0.17230714220079998,-0.3953913358085125,-0.06616534502242433,0.04613685275179273,-694.3065923819737,-100.92860107583088,-45.26279928205164,-15.605887183825327,-619.3988683332133,-115.96062618065467,-49.291180310243014,-1.747561585067851,-1.5612791937881678,-1.182769656416776,-2.100017929574623,-0.8991196424650388,1.5921255741347298,-0.8059714441923133,-0.6623282419971768,-0.07647809143237765,-2.188765175169053,-1.984464376507618,-0.8570814261368356,1.2610681721714807,-2.115128665587541,-4.229097721209124,0.5823308833823165,-1.5309240487929399,-0.11752556009151559
4.72391365806575,6.674806966816858,1.4284147904107005,344.2932937436941,-6.785324551016147,2166.1672694480794,-5.174400832048923,-5.555853114757674,2.0627221724464375,2.1902597683365164,4.119098699296577,176.47862027790407,67.26411933029058,14.183981028360556,11.9716253973312,3.3831322958008636,-0.12860849363056315,2.54888272968686,-1.048531520426862,179.1377635105148,37.682667371876455,15.532041421375686,9.993864219356581,153.56286104756674,26.495579762534746,32.30241588747354,-0.09562596334530439,-0.12299540784533375,7.213442584412817,-2.3949700923062887,1.9269363595440387,13.054373084300625,-2.266578672856344,0.11919070099887924,-0.007680713002195777,-1.4666832653217792,0.8291561219304224,3.283487141743182,4.268039196534936,2.721060946390827,-1.1302608040240556,0.4923078172588451,0.17602463807896235,-0.10110126481549336
4.77488027022323,5.541200267702957,2.456358188151014,401.97554196654505,-4.950719259843486,2284.4635856398063,-3.976496752634505,-0.5523096940279897,2.25876110011504,-0.6633826054016719,-2.704663184226949,180.1405568137904,67.6434987601012,14.469037615401142,13.267174324760601,5.6515760318636135,1.583074426939999,1.2350370546428657,-3.364952702418608,187.6886501390756,39.282378688791134,16.883537598227704,11.438460739771987,157.3470306996927,33.62501046165152,27.761006699334075,2.161559744406683,0.13849492573622674,5.959087485487572,4.5667505767559655,0.9304517126098009,17.52330932831453,3.583005979864563,0.1994449189167718,-0.006881315949943512,1.8963301916737467,0.1967209082261904,-0.9650087965073904,-2.1722309410862337,6.465559312109392,0.5309403850897002,0.5034112366521871,0.2547302643565048,0.5131197527316348
-4.757514215792757,-9.87031943359011,-5.946178904102764,-480.24092107705235,2.704490830640895,-1742.2780531305898,0.612229988753556,1.9868205812445598,0.9134611449375694,-0.6398740058274076,-1.0054339505932628,-671.8473466687965,-228.0485033865527,-43.732697528480074,-17.584358084023428,-0.31090517035425913,-0.29329206716279416,0.162244434358973,0.3261875935071647,-680.7053435400237,-98.75279276032002,-43.88115953417712,-13.85391462598811,-613.0419629613104,-112.21023073583262,-45.93089195579837,-1.5073788562394876,-1.5225662784964,1.310590929335591,-1.2478492277332165,0.707487697261786,2.1139785868701626,-0.22172515164479462,0.6679686225247664,0.012341240684033451,-1.6019318664553246,-1.7912178054882109,0.23373540481773053,1.3459084097946106,-0.6113856204968031,-1.2663562529468695,0.35714194938002586,-1.579811580032959,-0.09824049350872167
3.14566085222439,8.891504446493713,1.8871282494268904,-42.75295538951428,-10.116060901630556,1164.876269083602,2.4632639604623656,2.5655931020217575,1.039062008480541,-1.5842642946212662,-2.1051576495182363,152.37033559869985,56.46346663191219,12.806451693241952,10.439826304944473,0.8945582821351018,1.4571108663530368,-8.624035790186094,-6.089219784533116,146.509326062482,30.589673788406294,14.39212497636196,8.808611362666465,130.4893548760085,28.852269836755355,22.507282428144826,-0.13968040268748327,-0.9746285504419189,-3.657490709601619,2.175239373882345,3.789423364832603,1.5851607068021845,2.3227578562283586,4.1056288849307645,0.008711209261741182,-0.2353441220480459,-0.522951236823603,-0.312863139974156,-8.47552593769322,-6.846949479903032,-3.7591288744402025,-1.807985987939396,-0.18144998913469665,-0.07343757163775935
1.7810994734286683,0.8811735279306111,1.748153200323555,24.68794511596398,0.07365884368076944,348.82006200714625,0.7789804662813198,0.4797793602420783,-0.5299221794022795,-4.242089809804656,-3.6882545028817795,142.6662468907681,52.21962877958592,12.69491875309417,13.147991990032974,1.351100878874243,-0.11062881906905328,-1.2565706244017207,-1.6459877369764617,138.11874676730716,28.728477300983506,13.428937927638946,9.087602438936624,117.53847125227466,27.845436844609296,19.726417463477812,-0.10939256000494023,-1.4081099206845613,-3.275941404622343,-3.269302519740039,-0.933875129264255,2.2083883571895147,-3.8798719829200143,-1.1175590982320829,-0.002907610784848802,-0.1843544495425109,-1.5368851217994453,-6.5670380796676335,2.2974037082538343,-1.968424080054989,-0.6347193626607998,0.1001503004522277,0.43873183665109566,-0.1426096410256341
-4.179748660248427,11.186867411390693,-5.81036074940197,-447.0152735220815,2.704413505398127,-1689.3260831305486,0.2868051200750088,-0.7823396034229102,0.2453186192307876,-0.3433484446048343,1.0071135450055606,-659.8935299036093,-224.23212691927975,-42.86523356678137,-16.894068656630687,-0.19749066836740117,-0.5748985095907871,-0.34888731528778527,-0.137504392615715,-668.3249606776083,-96.42576278013584,-41.632829958085345,-14.637929924863878,-601.1409554878726,-109.7114135009341,-46.220450921187265,-2.406059377718597,-2.3666620375155256,-2.6465546796082413,-1.51553855614791,0.14019747395129034,1.3581842478741661,-0.7263225230514342,-0.01850833207818045,-0.012451532435345525,-1.7078869305754414,-1.8180902378475974,-0.0713085254065552,0.5953700195920668,-0.6611140841775842,-3.7282055755994525,0.3014989295043292,-1.5152505620303176,-0.13743940270147514
-4.5432416581580926,-9.726132211308641,-5.323641902581252,-451.6811309251201,2.5446263974357355,-1697.9933351713723,0.4316834093858042,1.139438322241259,0.7545439569362548,-0.3295480305984396,0.6154941604457871,-659.0493241530671,-223.84195541759766,-42.680838640307286,-16.78252734443449,-0.2745981065692362,-0.12297488251835506,-0.21070282581122818,2.5374751289975674,-667.7288009042082,-96.53949809229701,-42.500429964278645,-13.836707653204275,-602.6610003089569,-109.50135242030868,-44.93360952485109,-1.8806185752163902,-1.4348035706074047,-1.3411732783318577,-1.4313859225025423,0.6420330770587123,1.527078154547124,-0.5352050309027013,0.713288683114743,-0.019150058183901204,-1.470913344686512,-1.6884356434769732,-0.4256907517161654,-2.5132155419459528,-4.685363678602662,-3.428366547064323,-0.13082965650124423,-1.538096426755411,-0.09060612637313155
8.160577087682364,20.375279521375397,-0.8688363242048303,-241.58467524787972,3.9485893467468034,-1381.1748096867511,-0.3151447078053975,0.11725107272634981,0.21757957200370162,-1.1161734429186219,-0.6033940223490682,-429.4403031588573,-77.79793617760811,48.1661035136928,67.57830065041759,-1.4614570903021342,-1.6456964716004405,2.7554453935621077,-4.337991234631135,-439.85762555687603,33.23715962322819,45.91485827551241,56.53844767487516,-368.04385836404145,44.888729457342876,69.12899788561207,-2.4910955488318614,-0.7322243636890969,2.382357593337922,-0.5862452179889237,1.4145587901248944,4.677649978618631,-1.2875708608013934,0.563390660856783,0.01869168145391975,-1.5277094295359395,2.3825638925926587,-0.26874239708821235,0.2745738412572128,7.2288445053970145,19.764085340124712,-1.2257470477826922,-1.5392831717842974,-0.13778502595341907
9.82349726330088,-10.847297775839868,-1.1383031350208253,-358.90361904207623,7.680391525764916,-1547.3795427407056,0.4248963523045851,-9.310140115187577,-0.7976492499846318,-0.49718863975728345,-0.6901592585779407,-508.90954068648716,-143.51498105777986,5.082502477112001,23.36218632323398,-0.006357075538049178,1.9271992968444476,-1.8384230435150606,-1.4572780123725715,-530.712823044452,-37.44055064051594,4.165458177909084,4.062745486619699,-468.0210939743325,-42.92597157620814,1.8894194599026541,7.2747493592999986,0.3032879748274169,-5.321676451399797,7.5969406656566285,4.9618987176796745,-6.786725113638434,4.148447291617985,1.6568765972557262,0.013504684463149078,5.058115020948444,-0.008393878351868597,-1.0157535821346233,-2.321225086895593,5.195905045138649,17.29180696345126,-1.1378149604718404,-1.5044510018190733,-0.12493238180112275
5.642125567837647,4.817415778590458,1.9833561296581632,323.9187572369089,-6.98229516779178,2120.123030774558,-4.963103969789531,-8.544928035751598,1.1867487441374514,-1.1902611066236761,-2.7546257408552557,175.68371337601732,66.48317843668065,13.748931796336137,12.477293406534619,3.9030925527846945,0.8688019686460908,-2.4607539120087534,0.6629571703886182,178.77922627633018,34.250977635304956,15.341625765217364,10.209145969191876,150.7914743452877,26.25277363814839,30.84825501059109,-0.5332112957048639,-0.4916640149581579,7.507708156378202,-1.7714938203899215,1.7080761603241021,10.739593656869786,-1.9958410201692032,-0.28392453815672253,-0.009336051009618401,-0.4159762049653338,0.7171514553677856,2.52065996944225,-4.732171876498454,-8.104946071911513,-1.2365370238036058,0.5328262514460903,0.1923593847130705,0.1893734110354283
2.9809844203680966,6.04905472272259,4.588311923667537,-70.36759335548834,-5.107566264265306,927.8066649274082,2.215823751716389,2.2895706127844186,1.9338599488860875,0.9495368047674839,1.9020172966302733,150.7770708902662,55.28834574885859,13.041258556985914,12.20427321482015,-2.8570381858213345,8.319026540865288,-1.0084936030653664,-4.267756825461922,146.45149937965684,29.72827713280714,13.426199599372591,9.34722000662861,127.21094815429923,30.169278376820714,4.640294757365209,-0.24129298605630597,-2.4400365264407404,9.606640259126635,7.51642234305692,4.13701035044644,-0.039796456752551855,8.45749640670889,5.767395122612161,-0.005646917920588912,0.23123108891086003,-1.9690368722006177,-0.3981560856973955,-5.306418626917888,-7.887049772651746,-2.5522908796182935,-0.5867286849947232,-0.08594429535334788,-0.10992487313296216
2.1785477872204586,5.846033012469206,-1.0364059538489492,-68.46981209884004,5.0016497458931655,191.19792503864343,1.523240273801736,1.9596017588586494,-1.0580514178008797,-3.6321300523739044,-4.502714547684761,138.62191064521872,52.28809643095281,18.976181852413575,11.823233993782566,-0.1384398735598581,3.472269554887006,0.11574053421760319,2.151903257813736,135.17836376556878,28.4873126676413,16.21283381847602,9.866712943202408,117.41876545897436,29.98564536466021,19.751538447082993,-0.11764736788300716,-1.0119503257366116,-1.3892228397847541,2.470173831795077,2.5513646867360786,2.0989607313172653,2.2358876830028933,3.6059625446744725,0.000411061791895255,0.26295900279661083,-1.1302663115187621,-0.2890127075330402,-9.158884809786487,-2.8459757151479272,-0.24194825341232074,-0.27752939303769125,-0.5079621494488341,-0.19303697359645555
-5.936350008422585,-9.954771164992541,-5.45221669740879,-525.1201275993562,2.4654712563297223,-1796.345119716183,-0.14426124136979024,-8.344177139486158,0.81757628198709,-0.6660755197157255,-1.1638888559377738,-686.4650278689915,-233.03665042150067,-45.96777755881397,-19.724272803765185,-0.31867617420413297,-1.0839542418613464,-0.11409948589025631,0.06595246824179883,-699.7786019495053,-101.9684506550711,-45.72985391668953,-15.454766436681831,-622.4893372185159,-115.84436542651531,-49.191078713584524,-1.8481799752697075,-1.4582192315606421,-0.4337814953792354,-2.0207799858585584,-0.9254161756390199,1.191676221485503,-0.7023551935935136,-0.5691365806087795,-0.056000747110740566,-2.2200663094408317,-2.03749472066952,-0.048653746631788675,1.2981684876591977,-2.409870569484146,-4.294339262849915,0.6220317229592095,-1.5744360811708726,-0.14444860211269261
3.243089961889099,6.480273813731214,2.254184385382179,-23.6583814627417,2.3491999220277306,-751.506451529901,1.077717725969845,1.2595574911936096,1.5816892791981494,2.431149978713938,2.8515912184702343,131.95647009880003,62.60990928227752,24.416168369041646,13.130894070865057,1.0270786797555358,-2.134035320493563,2.9342632617152127,1.185404064953161,127.64535914919404,32.18309308638681,25.194350038474532,9.975911193973122,112.80571885084733,44.38779554699148,30.945515342014446,0.4411725766949578,-0.00697194330667629,2.3653089225761494,0.7874545484284687,0.35609537438883543,12.271428590856614,0.9798979550450759,0.23902174793727177,0.031980267517616456,0.5514054869706293,-0.07812574368588823,0.9683752209487696,5.231762117781008,-1.2437580438075115,13.199834837513883,-0.02402536781975942,-0.2404473716884159,-0.034794673424954
-4.049464560330337,11.318171838731782,-5.234211609497428,-444.2594897755409,2.508459701472797,-1687.7510232723278,-0.0282469822213416,-10.226610495603897,0.667286556848282,-0.47147847748367416,-0.40843933928003395,-655.7728255994851,-223.11842361032666,-42.64557309659687,-16.83923445825173,-0.24291921267050579,-0.510768885908133,-0.22707209884600038,2.546166023266092,-666.5876192322428,-96.0049571465277,-41.15985629221935,-14.517160450112188,-596.8966754552189,-108.99288512772166,-46.03581649329782,-2.3160324844180495,-2.3677696642202566,-2.681117682268107,-1.5059205255494157,-0.09401132350113381,1.3321958323615815,-0.6331638036319024,-0.11902260153517252,-0.010573047918276582,-1.6742316664507868,-1.8223581780332294,-0.4990891247727998,-2.428106472502212,-0.6799939807232245,-3.82160953534585,0.3020656053397306,-1.5154854172281345,-0.1493616959205737
-1.74665231541408,-1.7232664585281205,-0.951425537251156,538.364851377728,-11.518457845278133,2660.804026541277,-8.049571130703262,-6.844195531632177,0.02321759502617808,2.3253905491088442,3.8709779590865963,183.90660481651835,65.51631221127326,7.326391829371675,11.265528867947998,0.18080439529295833,-1.7275348883664021,0.9319565971575281,-0.5682785981497116,186.0308554822786,33.66984949909826,8.463691282540054,7.908897656757069,157.6108743062066,29.921865508210967,11.719439546649506,-0.03534371888089454,-2.4978764771189432,-38.63866542201548,-2.260819814010738,-0.39667460876061716,-6.977450143089463,-2.3261184628327687,-0.257466254413092,-0.008758107208143823,0.5835343454485131,-2.525652737042579,0.3663933935733605,-6.300818944492129,-1.2008811476502892,-0.2875439121872861,0.47637236922977777,0.17863704864072416,-0.11218581677664954
-4.55206182393382,-9.953457196416897,-6.414794595490453,-469.44640578594516,2.683185994780899,-1728.729846161072,0.8181279055765026,1.9882641786852826,0.9255666747680822,-0.66055726924991,-1.179996041711722,-665.9560882004236,-226.42756328178004,-43.485556376972035,-17.530655260321364,-0.2760294055429692,-0.08132264296624937,-0.19416419993109318,0.401540333092198,-674.5640148657991,-98.16089058575827,-43.33628380330372,-13.854374347289854,-606.9175376539189,-111.58555369936022,-45.93562092886601,-1.7937236513408317,-0.726766717215952,1.58179618606198,-1.4532156702677477,0.35563091522850354,1.9245158560413742,-0.46980902352644593,0.4240652831279952,0.01967131845678529,-1.9232466810873923,-1.026287402902998,-0.9136681374199548,0.5514011189797284,-4.437515627550116,-0.6522558465259802,-0.0846608863582271,-1.5358371493464058,-0.1066047237724451
-3.0020644756923014,-11.578101253841986,-10.788047434149485,-62.33756008138698,0.6906928491562034,-1436.7029474633857,-14.868126590562479,-32.52319258390284,2.9673574570845656,-1.0761864589093555,-2.3557778101673525,109.10539247546735,49.147287654819614,20.51669025737452,11.339618700277327,0.14056247528086216,-5.975669265686329,0.44353002485740767,0.1407075371836568,111.06299338226069,29.880339826868088,22.829781135676075,7.176579033765036,99.6185568029936,40.38826093085842,25.70055440951786,0.281712475660854,-0.4991481929455749,-1.4777166587312063,-0.5411926292572563,0.06808267731722524,0.07605028470716807,-2.027086574768819,0.5187688170411031,0.022185483978382756,-3.3296427400420585,-0.8019018570261163,-0.5424493248718176,-8.609798487420834,-6.039818516193099,-3.8658202557590915,-1.77923158280574,-2.609895922678848,-0.16354216714511816
-4.053524441503568,-8.113434912674663,-6.283712450523748,-521.2190133843443,2.56256107154435,-1789.7848374264047,0.2992261492042798,1.163987524938201,0.3745496476424781,-0.5035576029607938,0.14621475214866064,-686.9254084788441,-233.1157097355008,-45.552475763521954,-16.994855557089565,-0.06587476503524957,-0.43056051823575114,-0.37810720691439514,0.36669682701296863,-697.523226907052,-102.01060030472624,-44.41104866186459,-13.970409866946653,-622.7986141448717,-115.74882917803289,-46.764642206101726,-1.8678739941533238,-0.7414131620606985,0.009087012361530283,-1.4826615648500097,1.8575656677892527,2.8541134599905593,-0.13010927768994524,1.119592963127629,0.10245410400163166,-2.1763845889327316,-1.2831870510781598,-0.6799714276214436,2.105423520825779,-0.9128768138415915,-4.029525794052336,0.6246461651229559,-1.542996314465055,-0.06912973974040042
-4.357468459434985,11.28458025993291,-5.512651981394269,-465.70067042723673,2.676459419866266,-1715.1806310830825,0.27557895788998765,0.5783604694015348,0.3717168475693895,-0.4730692935832325,1.3254882717326772,-666.5380821927786,-226.15190460329117,-43.39610309028558,-17.449593116077793,-0.2779113592715532,-0.4309741527493822,-0.04145312976121812,1.0418288129603148,-674.9038498858857,-97.45123596480722,-42.122631571432926,-14.763961499124955,-605.4317766886033,-110.82232028972172,-46.779489629185576,-1.974388674753908,-2.3287344217998456,1.3298910516354248,-1.3479877448053987,0.1154648681593584,1.7101837992130084,-0.558138837368139,0.09278720898903908,0.018385763306823892,-1.9330041834682157,-1.785398519345734,-0.20860893703570757,-2.73447042041367,-0.6194619913340385,-1.5554840144185307,0.36811437477737974,-1.516091483444497,-0.1560775232891034
2.5903308050515768,-1.084090429084602,1.2866525253789651,-115.99127810805122,-4.706277135925805,-313.04570821911204,-0.024301997980551153,-0.11102263483348242,-1.0398573632126982,-1.8194116759434815,-3.0496718736407042,131.84294335642457,50.7475737402094,14.168857016179128,11.585332523908429,0.7589683613510625,4.398390287669972,1.3392657434994375,-14.997733307130469,126.3121219061097,30.281650800926677,16.514811384513504,9.063457441911352,108.90913981379167,26.756885374889986,19.945798829253967,-1.1962047535596094,-0.3875829425516608,-1.3780516598192698,0.31605516121103006,-1.5487999145596871,1.7005129123415814,0.6377043836620635,-1.1096287878364708,-0.029001893352117558,-1.2806804672628336,-0.35291936479947994,-5.024725667898314,-2.3261683185256476,-2.677968150339598,1.4448712064897622,-0.37355879878727705,-0.06521103421419139,0.8050183466679943
-1.6891370699877213,-12.638418313956452,-19.120763813006562,-107.2475906615222,0.885442903671534,-1699.8480747431367,-5.812158107538581,-34.18342624125426,-3.981577311635757,-1.0946265153670087,-2.5041284176880376,68.53875887347846,45.14876770863394,20.748517117413044,14.063759989408394,0.7694463815068147,-1.464497844734301,0.9177386772226619,1.3017052907461635,100.5562149561091,28.09216552744189,23.735970755110376,10.725685226361346,95.16112734982126,39.97029690934897,28.50843770082676,-10.041314973458993,-0.0665288017058522,-0.3306592058367515,1.5240863440559522,1.236215785016812,2.599969618849179,0.678395025649871,0.5799258486016645,0.01271138729413436,-8.669485047742684,2.2100239349976305,-2.0984798642780684,0.3763199898793564,-13.130826537600374,-4.233962097031604,-4.396546735011912,-4.058235331700971,-0.19239845585848103
1.441666661796347,4.498801945494386,0.8175597877370994,-39.751857478343275,-31.692511375063297,1228.1876349932252,-5.378069736663759,-8.551797992041166,-3.597194466114529,2.1916690584993987,3.345523149731475,151.02261109718887,54.9933912676017,12.423611263984663,11.046890797434838,-5.362821791520022,-1.335111324548154,0.14217955110397276,-4.5494167641072165,146.8557830678699,29.91670074979543,12.083557402345289,7.52863435061787,130.403769001909,26.52241777970894,18.859465647329632,-0.6661074061116571,-1.3624244956980758,-9.824592627903451,0.2642536973911108,-2.0044031604990993,-2.1142417309941064,-0.28900301387962934,-2.6495965985540657,-0.210713824165067,-0.36705886740554394,-0.9494222902563559,-4.107222854965436,-11.078154586844263,-6.399797672472214,-2.0817391665711806,-1.6653486997241023,0.20544115943597874,-0.33898956951285836
1.3746067569036002,5.022215278376185,0.5381464464831796,29.686125399574244,1.4328445503236455,412.3051613557642,1.1906452890532937,0.02610690492129951,-1.0612830873866337,-3.8620464915927273,-4.550029729078364,140.53266995127618,51.6638578201897,10.429442494206125,9.541002777448,-4.481766746607361,-3.858135880855724,-1.3245937493543298,-1.7306909374403674,138.75635427432678,28.24281914555403,10.866999997740928,6.971014932987549,119.77819694213281,26.17934160821327,15.245808603246285,-0.7452984875952849,-1.324696401265958,-3.7202060470364926,0.7720628549212454,-0.05366140489902291,-0.5128584122901853,1.8716203695867952,-0.5773943216721988,-0.0032979266294516085,-0.8029983978536273,-1.0408172594829175,1.5757279895882073,-1.4869512723698701,-2.892144053527685,-0.8277616346959622,-0.6164793372055012,-0.13957058245988385,-0.06233893098330974
3.1167912953823094,4.1010357529271815,5.049521507332625,620.0860288541527,-6.802149518886997,2921.790387866987,-5.058635133734615,-7.225223919428416,0.30491245877697276,9.30031156873926,8.93268972959426,192.91021476479287,68.52037619624528,13.215824365337916,11.091995934109862,0.10402801231997086,-0.7586261192161089,4.450813084962986,4.063595125626678,196.81490999886273,33.95226749589734,10.839186009277586,8.053804243461657,163.7605088405901,30.943514398401643,15.793477461268203,0.13610709505541457,1.0973070261545055,33.09751468735951,0.3141820994606993,-0.4686943517420052,1.9309805319076914,-0.24940357109627276,-0.5847709256648403,-0.00940993380668928,-1.260874356367951,1.576312122711213,1.5965004684879078,0.4386579437667626,3.908679242319381,-0.49429189141369456,0.4630546681024027,0.17474155502002175,-0.10255282714238778
-4.245675564399906,-9.821408076186742,-5.762051021908245,-446.70104799412366,2.565121504913742,-1696.0292430755064,0.2620306650436155,0.33331273178960746,1.1998002127574448,-0.9195415844611412,-0.7529734455787791,-658.4370440240443,-224.09914469051103,-42.627774864144385,-16.828057603602122,-0.2817440084505529,-0.42101628166726457,-0.3419844216306679,0.02246007469787352,-668.5959907280059,-96.86816252667153,-42.514779394615935,-13.953032928598317,-603.7815275445851,-109.35985107535032,-45.07204339623611,-2.424267732238655,-1.4436862887312885,-2.772765008552124,-1.5816010780881515,-0.09517719426351826,1.356646911265437,-0.6263097839749677,-0.1894283585475443,-0.011134556961322553,-1.7288049256904892,-1.790425919082768,-0.21834729943405842,-2.063414026254141,-0.5899230926487283,-3.7872436931180156,0.3035528416340798,-1.5271047831047604,0.21432750892053207
-4.7079977152593475,-9.714581660139471,-5.506536244055236,-494.6988773748504,2.4109586160808676,-1754.7053974331463,2.540377013048625,-7.997182910412041,0.5008093107166797,-0.8996581913422608,-1.3094987725351355,-672.7697989665472,-228.8690746227428,-44.33805452350032,-18.344477748445794,-0.005197743553253281,-0.8419586957868974,-0.19421071596357709,0.1785713449793846,-683.5051613239083,-99.28066860930518,-43.797424643903206,-14.555756175649943,-612.7805178067931,-113.54847313410833,-47.76081930655167,-1.9156620482852078,-1.2789142365687283,-2.6421144983560527,-1.779139194792297,-0.3875601247975283,0.8317947045124537,-0.648234660210031,-0.26131895098532215,-0.005978085475851755,-2.3426188857249044,-2.469624808125804,-1.4906685833407844,-2.6412887645100103,-1.9285811205384515,-2.581336691546701,0.4159251235028133,-1.529195323224935,-0.14933151653547472
3.677674188032651,-2.231432767082784,2.4637887816593054,12.364897390536406,6.26327266503962,1313.754587692374,1.0277703280654176,-0.2999371780140807,0.7228169304678765,2.053591780711833,1.8553480705650491,156.39385057502645,55.871873837406824,13.552203268021188,12.38667434228604,1.810743530567696,-0.6379219724898066,3.100835389965768,-1.2575133274271086,151.36322401348454,30.679481841581026,14.949090122222014,11.358298243369326,134.74350609618054,29.660646500975655,23.440585658413152,0.21173159297398858,0.5499026634535914,33.196869656370225,1.8001603786083196,1.9234284741754069,2.9685649889512407,0.6686968837124283,1.1835857517897794,-0.025419149637466498,0.28946397668129076,1.342716896859611,-0.41000461834805607,2.968150645733205,0.2563949633840196,1.6233811937963343,1.4738028327128747,0.2105600312259005,-0.10292664081366197
-4.3747413042829955,-10.216478008840001,-5.986053014568459,-515.7185011405069,2.597170105309375,-1784.3529034593655,0.4431063376639286,1.8955130532578521,0.549408999758457,-0.47511846138567515,-0.3824526956578682,-682.959647039483,-232.50696607782083,-45.19742199606375,-16.962529797308935,-0.4337430968677728,-0.43759554549858337,0.1687982213136851,0.38285427919799314,-696.9612139259818,-101.30857107949568,-45.58563649315784,-13.752310220869498,-622.6755205641509,-115.01753300094883,-46.680549763837384,-1.8419285737689102,-0.9826584977988468,-1.0872726202623375,-1.630586850456787,1.6053904465125501,2.880389524855218,-0.5606668553645571,1.0650812974604227,-0.0429002981659822,-2.0033954665327016,-1.4893659765157818,-0.14186971132717488,1.5083086002358879,-0.7987761198133603,-4.062376772895204,0.6278435458120545,-1.5808101703948694,-0.06015937310600432
-4.568750677688675,-10.25065608939291,-6.179394690528166,-508.76930362005737,2.539679693667491,-1780.3590334496314,0.4022730355595934,1.9163182634388112,0.345357029085823,-0.45150587430788336,-0.03020103689454884,-679.9954630316626,-230.74296126151032,-45.323722473974506,-16.914183002944593,-0.20622690798797813,-0.11882627518932673,0.19306941122743831,0.3370915809985739,-691.4815804252704,-100.53908588037956,-45.42733147506393,-13.74114659649131,-620.1487789388001,-114.5416799991154,-46.850416348603616,-1.8896816526254498,-1.0613027453066979,-0.7905159899575269,-1.467061313192393,1.5777460895528674,2.228255970915462,-0.07835500213270193,1.0743283389064535,0.05626735389488399,-2.1048194442604196,-1.56574041646964,-0.29037838014663175,2.2367224336829343,-5.119231331680758,-6.77073322950676,-1.3264385215175127,-1.5816381827329327,-0.06421560813001452
2.8014472514802513,15.615363371689043,1.6899793782290804,-80.29415912305015,3.651121392684813,59.30401904993583,1.9135506430847928,2.2201864638907045,-0.9172362088123567,-0.6925738672848742,-1.8406830967766667,135.29694584633648,51.83720797318679,16.035177386742344,11.844875473779055,-1.0518217692599905,-0.459017592783992,3.3361238584423107,2.653195807303832,132.55881324023818,30.451516654643846,14.585394088885886,9.229061169963977,115.4671700781716,28.247354444209744,16.98128133321579,-0.2781118791433543,-1.3482519636248549,-3.1109188996999126,1.5213309151219692,-0.6081651215986575,2.168923013888623,1.3325536219522678,-0.16485475701883187,0.07868861712137765,0.30151489427964956,-0.8090495062835694,-0.9845250468318206,3.511243437160207,-1.7099822212585118,-1.6840129986413552,-0.20752914974989625,-0.17710935070787678,-0.12286556765793596
